customer_id,company,industry,region,plan,seats,mrr,signup_date,last_active_date,support_tickets_90d,nps_score,churned,churn_reason,feedback
C00001,Quantum Works,Manufacturing,EMEA,Growth,51,2775.61,2025-07-02,2026-08-27,0,6,0,,No phone support and email replies take forever.
C00002,Stellar Capital,Retail,NA,Starter,3,87.71,2026-01-24,2026-08-25,4,6,0,,We opened four tickets for the same bug and got four different answers. Renewal is unlikely.
C00003,Atlas Robotics,Media,EMEA,Starter,9,253.43,2024-01-13,2026-08-29,2,8,0,,We sync with our warehouse nightly and it mostly works. We will see how the next release goes.
C00004,Cobalt Analytics Inc,Education,NA,Enterprise,111,9490.1,2024-01-28,2026-07-24,7,2,1,Company downsized,Too expensive compared with the alternatives we evaluated.
C00005,Mosaic Supply Co,SaaS,NA,Starter,14,415.99,2023-08-11,2026-04-26,0,8,1,Low usage / no longer needed,"Setup took longer than expected, mostly on our side."
C00006,Copperfield Digital,Logistics,EMEA,Starter,5,148.15,2023-08-21,2026-08-16,5,5,0,,The mobile app crashes whenever we open a large report.
C00007,Atlas Labs Ltd,Manufacturing,EMEA,Starter,10,288.25,2024-12-06,2026-03-30,9,2,1,Too expensive,We pay for features we never use; the plan tiers make no sense. It has been a disappointing year.
C00008,Cobalt Partners Inc,Manufacturing,APAC,Enterprise,132,11592.5,2026-03-28,2026-08-15,0,9,0,,The support team clearly knows the product inside out.
C00009,Ironclad Works,SaaS,APAC,Growth,25,1459.8,2023-10-10,2026-08-27,0,8,0,,"One outage this quarter, communicated well."
C00010,Solstice Partners Co,Retail,APAC,Starter,9,257.36,2025-06-28,2026-05-28,4,6,1,Company downsized,Too expensive compared with the alternatives we evaluated. It has been a disappointing year.
C00011,Redwood Works,Retail,APAC,Enterprise,118,10502.26,2023-04-10,2026-08-16,3,6,0,,Exports randomly fail with no error message. Frustrating overall.
C00012,Redwood Analytics Ltd,Logistics,EMEA,Starter,11,304.88,2026-05-23,2026-05-24,3,4,1,Too expensive,Pricing jumped at renewal and nobody warned us. We are evaluating alternatives.
C00013,Falcon Networks,Education,NA,Enterprise,314,24623.19,2024-11-01,2026-08-16,3,9,0,,Adoption was instant; people actually enjoy using it. Highly recommended.
C00014,Summit Retail Ltd,Manufacturing,EMEA,Starter,6,167.96,2024-09-26,2026-08-23,0,8,0,,Covers our core needs; advanced reporting is limited. Some room for improvement.
C00015,Aurora Digital,Retail,NA,Starter,3,88.35,2024-04-04,2026-05-21,2,5,1,Budget cuts,The per-seat model punishes us every time we onboard a contractor. Frustrating overall.
C00016,Tidewater Health Co,Fintech,NA,Starter,3,91.47,2026-05-12,2026-07-28,11,1,1,Company downsized,Overage charges were a nasty surprise on the invoice.
C00017,Beacon Dynamics Co,Healthcare,NA,Enterprise,190,15566.07,2024-06-19,2026-04-19,1,8,1,Reliability issues,The mobile app lags behind the web app. Happy enough to stay for now.
C00018,Quantum Robotics,SaaS,APAC,Enterprise,220,19856.92,2023-06-06,2026-08-23,1,7,0,,Uptime is fine; performance on large filters could improve.
C00019,Northwind Networks,Manufacturing,EMEA,Growth,53,2911.27,2024-12-20,2026-06-15,0,8,1,Too expensive,Costs are acceptable for what we use today.
C00020,Solstice Robotics Ltd,Healthcare,LATAM,Starter,9,259.79,2025-01-23,2026-08-18,1,8,0,,Uptime is fine; performance on large filters could improve.
C00021,Nimbus Robotics Ltd,Manufacturing,LATAM,Starter,10,280.14,2025-08-09,2026-08-19,3,6,0,,Escalations go nowhere; we had to chase our account manager repeatedly. Would not recommend at this point.
C00022,Evergreen Systems LLC,Fintech,APAC,Starter,6,187.58,2024-09-25,2026-08-23,1,10,0,,Support even helped us design our dashboards. Highly recommended.
C00023,Cobalt Digital Ltd,Logistics,NA,Starter,3,86.48,2023-12-24,2026-08-26,2,6,0,,Response times got noticeably worse over the last quarter. It has been a disappointing year.
C00024,Redwood Retail,Media,APAC,Starter,3,82.36,2023-01-04,2026-08-12,2,8,0,,Would prefer usage-based pricing over per-seat.
C00025,Granite Learning Co,Manufacturing,APAC,Growth,53,3194.0,2026-06-12,2026-08-11,4,5,0,,Data was missing for two days and nobody told us why. Would not recommend at this point.
C00026,Vertex Studio Ltd,SaaS,APAC,Growth,25,1498.23,2023-09-04,2026-08-14,0,8,0,,Reports are a bit slow at month end. Some room for improvement.
C00027,Cobalt Media,Retail,NA,Enterprise,230,19972.94,2024-03-23,2026-08-28,2,6,0,,The price per seat is hard to justify for a team our size.
C00028,Sable Partners,SaaS,NA,Growth,42,2459.55,2023-07-15,2026-08-23,0,5,0,,Data was missing for two days and nobody told us why.
C00029,Beacon Health,SaaS,LATAM,Starter,7,207.99,2023-10-28,2026-08-23,1,8,0,,"The annual discount helped, monthly pricing feels steep. Some room for improvement."
C00030,Pioneer Systems Co,Education,NA,Growth,44,2508.43,2023-03-19,2026-08-31,0,8,0,,"Reliable overall, exports could be faster."
C00031,Ember Works GmbH,Manufacturing,NA,Starter,11,319.69,2024-03-10,2026-08-21,1,9,0,,Cheaper than what we replaced and far more capable.
C00032,Mosaic Partners Inc,Logistics,EMEA,Growth,32,1807.37,2026-04-24,2026-08-20,2,7,0,,The help center is good; live support is average. We will see how the next release goes.
C00033,Ember Robotics,Fintech,NA,Growth,49,2684.96,2023-10-13,2026-08-16,0,9,0,,Adoption was instant; people actually enjoy using it.
C00034,Windmill Supply Ltd,Retail,NA,Starter,5,144.88,2026-05-16,2026-05-17,0,10,1,Budget cuts,"Great value for the price, especially on the annual plan. Would buy again without hesitation."
C00035,Redwood Systems Co,Retail,LATAM,Starter,8,233.11,2025-03-19,2026-04-02,4,8,1,Reliability issues,"Mostly stable, with the occasional slow dashboard. Some room for improvement."
C00036,Evergreen Networks,SaaS,APAC,Enterprise,175,14492.51,2026-02-11,2026-08-25,0,6,0,,The Salesforce integration breaks every other week.
C00037,Meridian Health LLC,SaaS,APAC,Growth,26,1564.95,2025-03-02,2026-08-28,0,7,0,,Documentation is solid but a guided setup call would have helped. Overall it is fine.
C00038,Mosaic Digital GmbH,Retail,NA,Growth,34,1903.03,2026-06-15,2026-08-05,4,4,0,,Reporting is too rigid; we ended up exporting to spreadsheets anyway.
C00039,Crescent Capital,Fintech,NA,Growth,74,4193.38,2024-12-04,2026-08-27,2,6,0,,The setup wizard failed twice and we gave up on the advanced features.
C00040,Mosaic Dynamics,Education,NA,Growth,21,1270.7,2025-11-25,2026-03-31,4,3,1,Switched to competitor,The roadmap items we were promised never shipped. It has been a disappointing year.
C00041,Cobalt Robotics Ltd,Retail,EMEA,Starter,7,219.24,2023-02-17,2026-08-22,0,8,0,,"The annual discount helped, monthly pricing feels steep. We will see how the next release goes."
C00042,Beacon Media Co,Media,NA,Growth,20,1229.68,2026-04-04,2026-08-16,2,6,0,,Escalations go nowhere; we had to chase our account manager repeatedly. It has been a disappointing year.
C00043,Solstice Retail,Education,APAC,Enterprise,150,12517.86,2023-01-24,2026-08-27,1,7,0,,We like the dashboards but want more automation.
C00044,Mosaic Dynamics Co,Fintech,LATAM,Starter,11,324.78,2023-09-10,2026-08-20,0,7,0,,We are still ramping up usage across the team.
C00045,Zenith Learning,Media,EMEA,Starter,10,306.39,2025-07-31,2026-08-25,1,6,0,,The forecasting module is too simplistic for our use case.
C00046,Northwind Systems Ltd,Manufacturing,NA,Growth,20,1135.16,2023-11-24,2026-08-16,1,6,0,,Escalations go nowhere; we had to chase our account manager repeatedly.
C00047,Redwood Media GmbH,Retail,NA,Growth,77,4565.4,2023-02-23,2026-08-13,2,8,0,,Costs are acceptable for what we use today.
C00048,Ember Networks,Fintech,NA,Starter,4,112.41,2026-01-04,2026-08-25,2,9,0,,Webhooks are reliable and easy to configure.
C00049,Riverbend Software Ltd,Education,NA,Growth,21,1283.62,2024-10-16,2026-08-22,3,5,0,,Response times got noticeably worse over the last quarter. Renewal is unlikely.
C00050,Quantum Dynamics GmbH,SaaS,EMEA,Growth,22,1298.34,2024-09-03,2026-08-21,1,8,0,,"Decent value, though we keep an eye on seat costs."
C00051,Windmill Systems,SaaS,NA,Growth,44,2409.36,2024-02-08,2026-08-27,2,5,0,,"A competitor offered everything we needed at a lower price, so we switched."
C00052,Harbor Networks,SaaS,EMEA,Starter,8,219.91,2025-07-03,2026-08-30,0,8,0,,Pricing is fair but the Growth tier is a big jump from Starter. Some room for improvement.
C00053,Aurora Works GmbH,Manufacturing,APAC,Starter,10,300.53,2024-02-06,2026-08-16,1,10,0,,Pricing is transparent and scales sensibly with our team.
C00054,Zenith Systems LLC,Education,NA,Starter,12,330.07,2024-12-17,2026-08-30,4,7,0,,Integrations cover the basics; we still miss a native Jira connector.
C00055,Falcon Works,Education,NA,Enterprise,171,13559.21,2023-06-16,2026-08-31,4,6,0,,The mobile app crashes whenever we open a large report. We are evaluating alternatives.
C00056,Harbor Analytics Co,Manufacturing,NA,Growth,48,2755.94,2024-01-25,2026-08-28,0,6,0,,We outgrew the product; it is fine for small teams but not for us.
C00057,Ironclad Partners Inc,Retail,NA,Starter,7,217.53,2023-02-05,2026-08-22,1,7,0,,"Good product, waiting on the custom fields feature. Some room for improvement."
C00058,Stellar Learning,Healthcare,EMEA,Enterprise,215,17609.37,2023-12-30,2026-08-16,0,7,0,,Good enough integration options for our stack.
C00059,Copperfield Robotics,SaaS,APAC,Starter,4,120.65,2024-05-01,2026-08-12,1,6,0,,The forecasting module is too simplistic for our use case.
C00060,Tidewater Capital Co,SaaS,APAC,Growth,36,2038.26,2025-08-12,2026-08-12,0,8,0,,"Solid basics, some rough edges in the admin console. Overall it is fine."
C00061,Riverbend Learning,Education,EMEA,Starter,7,202.26,2025-11-15,2026-08-12,0,9,0,,"We were live in two days, which is unheard of for us. Would buy again without hesitation."
C00062,Beacon Digital Co,Retail,NA,Growth,71,4103.93,2024-11-09,2026-08-19,2,7,0,,Would like more flexible billing for seasonal staff. Happy enough to stay for now.
C00063,Sable Networks,Healthcare,NA,Growth,14,820.59,2026-03-27,2026-08-21,4,6,0,,Support tickets sit for days before anyone replies.
C00064,Windmill Health,Manufacturing,NA,Growth,40,2240.24,2024-04-03,2026-08-31,3,7,0,,"Good product, waiting on the custom fields feature."
C00065,Harbor Digital Co,Healthcare,NA,Starter,8,220.37,2024-09-22,2026-08-22,1,7,0,,"Most of the team uses it weekly, a few power users daily. Some room for improvement."
C00066,Solstice Analytics GmbH,Healthcare,APAC,Starter,4,110.38,2025-02-26,2026-02-12,2,4,1,Onboarding too complex,The setup wizard failed twice and we gave up on the advanced features. It has been a disappointing year.
C00067,Pioneer Media GmbH,Healthcare,EMEA,Starter,13,394.63,2023-08-14,2026-08-17,2,5,0,,Webhook payloads changed without notice and broke our pipeline. Renewal is unlikely.
C00068,Evergreen Works Inc,Fintech,NA,Enterprise,165,14190.88,2024-06-19,2026-08-26,1,8,0,,Reports are a bit slow at month end.
C00069,Foxglove Retail Co,SaaS,NA,Starter,4,115.34,2026-02-22,2026-08-01,2,6,0,,The mobile app crashes whenever we open a large report. Would not recommend at this point.
C00070,Summit Analytics,Retail,NA,Growth,39,2303.24,2024-08-29,2026-08-13,1,5,0,,"No audit log, which our compliance team requires. Would not recommend at this point."
C00071,Redwood Partners,SaaS,APAC,Growth,27,1713.9,2026-04-03,2026-08-14,4,5,0,,The support team is friendly but never actually fixes anything. It has been a disappointing year.
C00072,Nimbus Retail,Retail,NA,Starter,11,324.6,2025-05-15,2026-08-16,0,8,0,,"Fine for simple questions, weaker on technical issues. Happy enough to stay for now."
C00073,Ember Studio,Media,NA,Starter,6,163.87,2023-08-05,2026-06-21,3,4,0,,The mobile app crashes whenever we open a large report.
C00074,Copperfield Works,Fintech,NA,Starter,1,28.87,2024-08-07,2026-06-09,4,5,1,Company downsized,Our budget was cut and the platform was the first thing to go. Would not recommend at this point.
C00075,Cobalt Systems Inc,SaaS,APAC,Growth,60,3182.56,2024-04-12,2026-08-21,1,8,0,,Would like faster responses on weekends. Some room for improvement.
C00076,Orbit Learning Co,Fintech,EMEA,Enterprise,111,9374.09,2026-04-27,2026-08-22,0,8,0,,"Solid basics, some rough edges in the admin console."
C00077,Nimbus Networks Co,Fintech,EMEA,Starter,7,195.4,2024-03-04,2026-08-15,0,6,0,,Dashboards time out constantly when we filter more than a few weeks. Renewal is unlikely.
C00078,Summit Health,Education,NA,Enterprise,377,30206.56,2024-09-11,2026-08-16,2,6,0,,We were never shown how to use the reporting module.
C00079,Ember Supply,Healthcare,NA,Starter,7,184.63,2025-05-30,2026-08-28,0,7,0,,Would prefer usage-based pricing over per-seat.
C00080,Meridian Works Co,Manufacturing,APAC,Starter,11,321.13,2026-05-12,2026-05-13,4,5,1,Poor support experience,Webhook payloads changed without notice and broke our pipeline.
C00081,Cobalt Learning GmbH,Education,NA,Enterprise,284,21701.11,2024-11-27,2026-08-22,0,9,0,,Every ticket we raised was resolved the same day.
C00082,Oakridge Group Ltd,Retail,NA,Enterprise,89,8089.26,2025-12-17,2026-07-31,2,6,0,,The roadmap items we were promised never shipped.
C00083,Stellar Digital GmbH,Manufacturing,EMEA,Starter,7,208.64,2023-05-30,2026-08-23,2,7,0,,Onboarding was fine but could use more templates.
C00084,Nimbus Retail Inc,SaaS,NA,Growth,37,1971.55,2026-02-10,2026-08-15,3,4,0,,The setup wizard failed twice and we gave up on the advanced features. Renewal is unlikely.
C00085,Oakridge Logistics,SaaS,NA,Enterprise,372,29945.43,2023-09-22,2026-08-24,0,10,0,,Easily worth the seat cost given the time saved.
C00086,Juniper Networks GmbH,SaaS,APAC,Growth,24,1412.16,2025-08-31,2026-02-07,6,2,1,Onboarding too complex,Honestly we barely used it; it never became part of our workflow.
C00087,Cascade Works Inc,Education,EMEA,Growth,17,969.76,2024-11-12,2026-08-19,5,5,0,,We opened four tickets for the same bug and got four different answers. We are evaluating alternatives.
C00088,Mosaic Group,Retail,NA,Starter,3,87.65,2025-02-10,2026-08-26,2,9,0,,It became part of our daily workflow almost immediately. Highly recommended.
C00089,Harbor Dynamics Co,SaaS,NA,Starter,12,333.62,2023-04-29,2026-02-12,1,5,1,Low usage / no longer needed,The Salesforce integration breaks every other week.
C00090,Stellar Digital Ltd,Retail,EMEA,Growth,18,1057.56,2024-11-10,2026-08-26,0,7,0,,"Most of the team uses it weekly, a few power users daily. Some room for improvement."
C00091,Bluepeak Media,SaaS,NA,Growth,59,3192.47,2023-04-21,2026-08-15,2,6,0,,The setup wizard failed twice and we gave up on the advanced features.
C00092,Zenith Retail LLC,Education,NA,Starter,7,202.91,2024-12-04,2026-07-08,1,9,1,Integration gaps,The Salesforce and Slack integrations work flawlessly.
C00093,Vertex Networks Inc,Retail,EMEA,Starter,4,123.59,2024-06-02,2026-04-23,9,2,1,Onboarding too complex,The setup wizard failed twice and we gave up on the advanced features.
C00094,Falcon Systems,Retail,EMEA,Starter,11,321.55,2023-09-15,2026-01-07,2,7,1,Switched to competitor,"Good product, waiting on the custom fields feature. We will see how the next release goes."
C00095,Oakridge Studio,Fintech,LATAM,Growth,24,1444.57,2024-09-18,2026-08-25,4,4,0,,The support team is friendly but never actually fixes anything.
C00096,Redwood Dynamics GmbH,Healthcare,NA,Starter,3,84.83,2023-10-01,2026-08-25,7,4,0,,The support team is friendly but never actually fixes anything. Renewal is unlikely.
C00097,Vertex Capital GmbH,Retail,NA,Starter,3,87.78,2023-04-16,2026-02-12,7,4,1,Too expensive,Too expensive compared with the alternatives we evaluated.
C00098,Orbit Digital Co,SaaS,EMEA,Starter,7,200.77,2023-02-13,2026-08-29,0,7,0,,"Solid basics, some rough edges in the admin console. Some room for improvement."
C00099,Frontier Systems Ltd,SaaS,EMEA,Enterprise,119,10025.73,2024-03-11,2026-08-17,2,6,0,,Reporting is too rigid; we ended up exporting to spreadsheets anyway. It has been a disappointing year.
C00100,Windmill Health,Logistics,NA,Growth,60,3377.66,2025-08-09,2026-08-26,2,6,0,,We opened four tickets for the same bug and got four different answers. Renewal is unlikely.
C00101,Aurora Robotics GmbH,Media,EMEA,Starter,7,198.94,2025-01-05,2026-08-24,2,6,0,,We opened four tickets for the same bug and got four different answers.
C00102,Aurora Software Ltd,Education,NA,Starter,6,171.23,2023-06-09,2026-08-24,5,4,0,,"A competitor offered everything we needed at a lower price, so we switched."
C00103,Bluepeak Robotics Co,Fintech,APAC,Starter,12,341.23,2024-07-20,2026-08-11,2,6,0,,No phone support and email replies take forever. Renewal is unlikely.
C00104,Silverlake Group,Logistics,APAC,Growth,19,1098.32,2025-01-12,2026-08-20,2,3,0,,Chat support only sends links to docs we have already read.
C00105,Nimbus Capital,Manufacturing,NA,Growth,72,3978.02,2023-10-26,2026-07-10,1,6,0,,The per-seat model punishes us every time we onboard a contractor.
C00106,Cascade Health GmbH,Education,LATAM,Growth,54,2919.84,2023-06-25,2026-08-22,0,6,0,,Onboarding was confusing and we never really got set up properly. Frustrating overall.
C00107,Ironclad Learning Ltd,Retail,LATAM,Growth,19,1188.17,2023-11-14,2026-01-20,2,5,1,Company downsized,The per-seat model punishes us every time we onboard a contractor.
C00108,Quantum Systems LLC,Fintech,NA,Starter,4,128.43,2023-03-26,2026-03-29,4,4,1,Missing features,The roadmap items we were promised never shipped.
C00109,Northwind Foods Inc,SaaS,NA,Starter,14,396.78,2023-11-06,2026-08-20,1,9,0,,The mobile app is snappy and dependable.
C00110,Falcon Supply,Media,EMEA,Starter,2,58.68,2024-11-11,2026-08-01,2,4,0,,"No audit log, which our compliance team requires. Renewal is unlikely."
C00111,Beacon Analytics,Retail,NA,Starter,3,90.61,2025-10-19,2026-08-26,0,9,0,,Performance is excellent even at month-end peaks.
C00112,Granite Networks Inc,SaaS,NA,Starter,4,114.77,2026-01-19,2026-04-26,3,6,1,Low usage / no longer needed,We were never shown how to use the reporting module.
C00113,Bluepeak Analytics,Fintech,NA,Growth,17,963.11,2025-05-08,2026-08-23,1,6,0,,Too expensive compared with the alternatives we evaluated. Renewal is unlikely.
C00114,Beacon Networks Ltd,Healthcare,LATAM,Starter,3,93.05,2024-03-30,2026-01-09,6,3,1,Reliability issues,We were never shown how to use the reporting module.
C00115,Cascade Digital,SaaS,NA,Growth,51,2875.17,2026-04-06,2026-08-21,1,8,0,,"Mostly stable, with the occasional slow dashboard. We will see how the next release goes."
C00116,Stellar Digital,Media,APAC,Starter,6,176.22,2026-03-18,2026-08-19,3,5,0,,The price per seat is hard to justify for a team our size.
C00117,Cobalt Retail Inc,Manufacturing,NA,Starter,10,306.83,2024-04-01,2026-08-28,4,6,0,,We had three outages in one month during peak hours. We are evaluating alternatives.
C00118,Orbit Analytics Ltd,Education,NA,Growth,17,1033.9,2023-01-14,2026-08-20,2,7,0,,"Our account manager is responsive, tier-1 support less so."
C00119,Pioneer Labs LLC,Retail,APAC,Starter,10,289.44,2024-07-07,2026-08-30,5,5,0,,Performance degraded badly as our dataset grew.
C00120,Silverlake Studio Co,Healthcare,NA,Starter,9,250.8,2024-08-17,2026-04-21,5,4,1,Reliability issues,The mobile app crashes whenever we open a large report. Would not recommend at this point.
C00121,Quantum Labs Co,Healthcare,NA,Starter,2,56.86,2025-05-13,2026-08-29,2,4,0,,Our budget was cut and the platform was the first thing to go. Renewal is unlikely.
C00122,Meridian Dynamics,Education,NA,Growth,24,1484.24,2023-07-07,2026-01-23,0,8,1,Onboarding too complex,"Most of the team uses it weekly, a few power users daily."
C00123,Ironclad Logistics LLC,SaaS,EMEA,Starter,10,297.91,2024-11-26,2026-08-18,5,8,0,,"Our account manager is responsive, tier-1 support less so."
C00124,Mosaic Labs Inc,Retail,NA,Enterprise,100,9138.25,2024-02-07,2026-08-17,3,4,0,,Performance degraded badly as our dataset grew. It has been a disappointing year.
C00125,Atlas Health,SaaS,NA,Enterprise,120,10811.55,2024-09-24,2026-08-13,3,5,0,,Escalations go nowhere; we had to chase our account manager repeatedly.
C00126,Stellar Partners Co,Retail,NA,Growth,51,2780.77,2023-01-31,2026-08-25,1,10,0,,The Salesforce and Slack integrations work flawlessly.
C00127,Crescent Learning Inc,Fintech,NA,Starter,5,150.73,2024-11-05,2026-08-16,5,4,0,,Exports randomly fail with no error message. Frustrating overall.
C00128,Brightline Supply,SaaS,NA,Growth,60,3321.18,2023-02-15,2026-08-11,2,7,0,,Documentation is solid but a guided setup call would have helped. Happy enough to stay for now.
C00129,Oakridge Analytics GmbH,SaaS,EMEA,Starter,9,281.18,2025-12-24,2026-06-05,6,4,1,Missing features,We outgrew the product; it is fine for small teams but not for us. We are evaluating alternatives.
C00130,Zenith Group Ltd,Healthcare,NA,Enterprise,392,33980.42,2025-06-28,2026-08-31,1,8,0,,"The annual discount helped, monthly pricing feels steep. Overall it is fine."
C00131,Brightline Health Inc,SaaS,NA,Growth,49,2693.59,2026-03-20,2026-08-15,5,4,0,,Response times got noticeably worse over the last quarter.
C00132,Crescent Software,Logistics,EMEA,Starter,9,259.13,2025-04-15,2026-07-23,3,7,0,,"One outage this quarter, communicated well."
C00133,Frontier Supply Ltd,Healthcare,EMEA,Starter,4,115.93,2026-06-03,2026-06-04,1,9,1,Switched to competitor,We expanded to two more teams because it works so well.
C00134,Lumen Systems Inc,Fintech,NA,Growth,59,3143.4,2023-09-23,2026-08-11,1,8,0,,Would like faster responses on weekends. Happy enough to stay for now.
C00135,Beacon Works Ltd,Healthcare,NA,Enterprise,131,10421.01,2023-01-08,2026-08-23,4,4,0,,Response times got noticeably worse over the last quarter.
C00136,Ember Health,SaaS,NA,Growth,37,2055.26,2026-02-23,2026-08-14,3,6,0,,Chat support only sends links to docs we have already read.
C00137,Atlas Media,Logistics,LATAM,Growth,50,2684.95,2025-04-21,2026-08-25,2,8,0,,Support quality varies a lot depending on who picks up the ticket.
C00138,Lumen Systems,Retail,NA,Growth,28,1616.57,2025-05-27,2026-08-30,2,8,0,,We like the dashboards but want more automation.
C00139,Riverbend Software,Manufacturing,NA,Enterprise,307,25742.25,2024-01-06,2026-05-10,5,4,1,Missing features,The forecasting module is too simplistic for our use case. Would not recommend at this point.
C00140,Windmill Labs Co,SaaS,NA,Growth,50,2749.23,2024-03-04,2026-08-24,2,6,0,,Too expensive compared with the alternatives we evaluated. Frustrating overall.
C00141,Lumen Analytics Co,Retail,NA,Starter,6,174.05,2025-05-16,2026-04-05,3,7,1,Budget cuts,Costs are acceptable for what we use today.
C00142,Ironclad Works Co,Retail,NA,Growth,43,2523.46,2024-06-04,2026-04-21,6,4,1,Reliability issues,Exports randomly fail with no error message. Frustrating overall.
C00143,Oakridge Group,Logistics,NA,Enterprise,250,21594.89,2023-04-08,2026-06-18,0,10,0,,Best customer success team we have worked with. Would buy again without hesitation.
C00144,Foxglove Retail,Healthcare,EMEA,Starter,12,377.34,2024-01-09,2026-08-20,3,4,0,,The Salesforce integration breaks every other week. Frustrating overall.
C00145,Riverbend Works Inc,Retail,EMEA,Starter,4,113.96,2024-05-05,2026-06-18,2,7,0,,Costs are acceptable for what we use today. Happy enough to stay for now.
C00146,Pioneer Foods,Fintech,EMEA,Starter,8,239.27,2025-11-25,2026-06-04,2,8,0,,We sync with our warehouse nightly and it mostly works.
C00147,Northwind Analytics LLC,Fintech,APAC,Starter,12,342.66,2024-03-14,2026-08-11,5,2,0,,The mobile app crashes whenever we open a large report. Frustrating overall.
C00148,Ironclad Dynamics Ltd,Healthcare,NA,Growth,38,2038.26,2024-09-22,2026-02-09,5,3,1,Low usage / no longer needed,It took weeks to import our data and the docs were out of date.
C00149,Windmill Systems Inc,Retail,APAC,Starter,5,157.44,2025-02-01,2026-03-03,8,5,1,Budget cuts,We could not connect it to our data warehouse without a consultant.
C00150,Frontier Retail,SaaS,EMEA,Growth,74,3935.62,2023-06-22,2026-08-18,3,7,0,,Tickets get resolved eventually but it takes follow-ups.
C00151,Meridian Learning GmbH,Manufacturing,APAC,Starter,5,132.06,2025-01-12,2026-08-13,4,5,0,,We opened four tickets for the same bug and got four different answers. It has been a disappointing year.
C00152,Falcon Digital,Media,EMEA,Enterprise,210,17171.08,2023-09-15,2026-08-19,1,5,0,,Half the team stopped logging in after the first month. It has been a disappointing year.
C00153,Ember Systems Inc,SaaS,NA,Enterprise,167,12924.13,2026-01-25,2026-08-19,5,4,0,,The per-seat model punishes us every time we onboard a contractor. It has been a disappointing year.
C00154,Oakridge Networks GmbH,Healthcare,NA,Growth,33,1741.81,2024-01-14,2026-08-11,1,7,0,,The mobile app lags behind the web app.
C00155,Quantum Group GmbH,SaaS,NA,Growth,40,2119.42,2024-01-24,2026-03-15,2,7,1,Low usage / no longer needed,We are still ramping up usage across the team.
C00156,Falcon Dynamics GmbH,Education,NA,Starter,6,174.25,2024-05-29,2026-03-24,2,7,1,Low usage / no longer needed,"Setup took longer than expected, mostly on our side. Some room for improvement."
C00157,Lumen Learning Ltd,Fintech,EMEA,Enterprise,98,8283.13,2024-04-04,2026-08-20,2,5,0,,"No native Slack or HubSpot connector, so we had to build our own."
C00158,Bluepeak Dynamics Inc,Education,NA,Growth,35,2012.32,2025-01-26,2026-08-31,1,5,0,,The API is rate limited so aggressively that our sync jobs fail nightly.
C00159,Cascade Analytics GmbH,Education,NA,Starter,10,268.24,2025-07-11,2026-08-09,1,8,0,,"The Slack integration is handy, the HubSpot one is limited."
C00160,Keystone Works,Manufacturing,LATAM,Enterprise,275,23023.0,2026-05-15,2026-08-16,2,7,0,,"Mostly stable, with the occasional slow dashboard."
C00161,Ember Group Inc,SaaS,EMEA,Starter,6,171.74,2026-02-07,2026-08-25,0,9,0,,Webhooks are reliable and easy to configure. Would buy again without hesitation.
C00162,Cascade Works Co,Logistics,EMEA,Growth,24,1462.75,2023-12-01,2026-08-20,0,8,0,,"Solid basics, some rough edges in the admin console."
C00163,Crescent Logistics Inc,Fintech,NA,Starter,6,176.45,2025-02-09,2026-08-21,3,7,0,,Useful tool; the roadmap looks promising. Happy enough to stay for now.
C00164,Cascade Media GmbH,SaaS,EMEA,Growth,27,1668.63,2024-02-24,2026-08-14,2,8,0,,Pricing is fair but the Growth tier is a big jump from Starter. Overall it is fine.
C00165,Ember Media LLC,Healthcare,APAC,Starter,4,114.32,2025-10-24,2026-08-25,4,6,0,,The roadmap items we were promised never shipped.
C00166,Ember Supply,Retail,EMEA,Starter,14,398.45,2023-01-31,2026-07-03,5,5,1,Missing features,The forecasting module is too simplistic for our use case.
C00167,Crescent Foods,Manufacturing,EMEA,Growth,71,3960.1,2026-06-23,2026-06-24,7,3,1,Switched to competitor,The forecasting module is too simplistic for our use case.
C00168,Meridian Supply GmbH,Manufacturing,EMEA,Enterprise,175,15332.5,2024-04-20,2026-08-28,1,8,0,,Costs are acceptable for what we use today.
C00169,Halcyon Health,Fintech,NA,Starter,11,329.53,2025-08-08,2026-08-19,2,5,0,,Exports randomly fail with no error message. Frustrating overall.
C00170,Harbor Systems,Logistics,EMEA,Growth,30,1792.78,2025-05-11,2026-08-18,0,9,0,,The Salesforce and Slack integrations work flawlessly. Would buy again without hesitation.
C00171,Cascade Digital Inc,Fintech,LATAM,Growth,43,2381.37,2024-04-13,2026-07-06,2,7,1,Integration gaps,"Decent value, though we keep an eye on seat costs. Some room for improvement."
C00172,Crescent Systems,Retail,NA,Enterprise,215,18065.99,2026-05-13,2026-08-12,3,5,0,,Half the team stopped logging in after the first month.
C00173,Orbit Learning,Fintech,NA,Starter,7,206.33,2023-12-07,2026-08-17,2,10,0,,"Fast, friendly and technically sharp support."
C00174,Redwood Robotics,Logistics,NA,Growth,37,2195.44,2025-08-02,2026-08-30,1,7,0,,Setup for SSO was fiddly but works now.
C00175,Pioneer Digital,SaaS,NA,Enterprise,84,7658.84,2026-03-31,2026-08-19,0,9,0,,The Salesforce and Slack integrations work flawlessly.
C00176,Foxglove Health Inc,SaaS,LATAM,Starter,13,371.5,2023-05-31,2026-08-28,0,8,0,,Would love a two-way calendar sync.
C00177,Redwood Media,Retail,EMEA,Starter,8,227.91,2026-03-16,2026-08-30,2,7,0,,Covers our core needs; advanced reporting is limited.
C00178,Frontier Digital,Logistics,NA,Enterprise,302,25809.11,2026-02-09,2026-08-27,1,10,0,,Automation rules removed a ton of manual work. Would buy again without hesitation.
C00179,Ember Logistics Ltd,Media,NA,Starter,12,318.47,2024-04-29,2026-08-15,4,4,0,,"No native Slack or HubSpot connector, so we had to build our own."
C00180,Windmill Learning Inc,Manufacturing,NA,Starter,4,115.37,2025-12-06,2026-08-29,0,8,0,,Setup for SSO was fiddly but works now. Overall it is fine.
C00181,Bluepeak Systems,Media,NA,Starter,4,120.09,2023-01-09,2026-08-11,3,5,0,,Webhook payloads changed without notice and broke our pipeline.
C00182,Keystone Works Ltd,Media,EMEA,Growth,59,3169.19,2023-08-30,2026-05-19,3,6,1,Too expensive,"A competitor offered everything we needed at a lower price, so we switched. Frustrating overall."
C00183,Juniper Health LLC,Retail,APAC,Enterprise,268,22720.62,2025-08-18,2026-08-24,0,8,0,,Documentation is solid but a guided setup call would have helped. Some room for improvement.
C00184,Juniper Supply,Fintech,EMEA,Growth,48,2855.98,2026-04-07,2026-08-30,1,6,0,,Support tickets sit for days before anyone replies. Frustrating overall.
C00185,Copperfield Health,Manufacturing,NA,Growth,17,1016.3,2023-06-10,2026-08-25,1,8,0,,Covers our core needs; advanced reporting is limited. Overall it is fine.
C00186,Aurora Robotics,Education,EMEA,Starter,11,290.43,2025-06-30,2026-06-30,2,6,0,,Adoption stalled because the learning curve is steep.
C00187,Foxglove Logistics Ltd,Retail,EMEA,Starter,6,164.19,2023-05-12,2026-08-22,0,7,0,,The tutorials are helpful; the data import could be smoother.
C00188,Pioneer Labs Co,SaaS,NA,Starter,5,143.54,2025-09-25,2026-08-28,1,8,0,,"The Slack integration is handy, the HubSpot one is limited. We will see how the next release goes."
C00189,Copperfield Partners,Manufacturing,EMEA,Starter,9,252.61,2026-02-17,2026-08-12,1,6,0,,The price per seat is hard to justify for a team our size. We are evaluating alternatives.
C00190,Oakridge Labs LLC,Fintech,EMEA,Starter,7,203.84,2024-08-08,2026-08-30,0,8,0,,Integrations cover the basics; we still miss a native Jira connector. Overall it is fine.
C00191,Orbit Systems,Logistics,APAC,Growth,28,1632.53,2023-05-09,2026-08-21,1,3,0,,We were never shown how to use the reporting module. It has been a disappointing year.
C00192,Granite Logistics LLC,Fintech,NA,Starter,5,151.76,2023-09-14,2026-07-20,0,7,0,,"Reliable overall, exports could be faster. Some room for improvement."
C00193,Summit Partners Inc,SaaS,NA,Starter,5,138.67,2024-10-09,2026-08-23,7,1,0,,The support team is friendly but never actually fixes anything.
C00194,Stellar Systems Inc,Media,EMEA,Starter,5,143.8,2025-10-16,2026-08-22,8,4,0,,Data was missing for two days and nobody told us why. It has been a disappointing year.
C00195,Granite Dynamics Inc,SaaS,NA,Starter,3,87.76,2024-10-24,2026-08-22,3,5,0,,Chat support only sends links to docs we have already read.
C00196,Solstice Health,SaaS,NA,Starter,4,117.58,2024-09-01,2026-08-14,2,8,0,,Costs are acceptable for what we use today.
C00197,Meridian Partners Co,Healthcare,APAC,Starter,7,204.19,2025-02-05,2026-07-22,9,2,1,Too expensive,The per-seat model punishes us every time we onboard a contractor.
C00198,Solstice Learning,Media,NA,Starter,9,235.83,2026-05-19,2026-08-19,1,7,0,,Onboarding was fine but could use more templates.
C00199,Beacon Systems,SaaS,EMEA,Growth,45,2477.38,2025-10-04,2026-08-19,0,9,0,,Adoption was instant; people actually enjoy using it. Would buy again without hesitation.
C00200,Aurora Foods Inc,Fintech,LATAM,Growth,21,1231.53,2023-07-15,2026-02-16,1,6,1,Budget cuts,Too expensive compared with the alternatives we evaluated. Renewal is unlikely.
C00201,Nimbus Logistics Co,Manufacturing,EMEA,Enterprise,213,18543.48,2023-09-08,2026-08-12,5,6,0,,We could not connect it to our data warehouse without a consultant.
C00202,Orbit Supply Co,Logistics,EMEA,Growth,34,1919.53,2024-03-29,2026-08-23,1,10,0,,The API is clean and well documented; we automated everything.
C00203,Brightline Networks Ltd,Retail,EMEA,Growth,27,1608.35,2023-12-12,2026-08-20,2,7,0,,We are on the fence at renewal because of the price increase.
C00204,Mosaic Analytics,SaaS,NA,Enterprise,203,17296.43,2025-07-27,2026-08-30,0,8,0,,The API works but the docs could be clearer.
C00205,Halcyon Studio GmbH,SaaS,NA,Growth,16,995.07,2026-06-20,2026-08-14,0,8,0,,"Reliable overall, exports could be faster."
C00206,Tidewater Robotics,Fintech,EMEA,Growth,77,4419.39,2024-12-31,2026-08-12,1,9,0,,"Great value for the price, especially on the annual plan."
C00207,Mosaic Networks,SaaS,NA,Starter,6,175.92,2026-02-10,2026-08-13,6,4,0,,Too expensive compared with the alternatives we evaluated. We are evaluating alternatives.
C00208,Frontier Dynamics,Education,NA,Starter,5,157.44,2024-07-06,2026-06-20,15,0,1,Low usage / no longer needed,Onboarding was confusing and we never really got set up properly.
C00209,Summit Learning LLC,SaaS,NA,Starter,8,226.17,2025-05-27,2026-08-13,1,7,0,,"No major issues, some minor bugs here and there."
C00210,Silverlake Systems GmbH,Retail,APAC,Starter,4,110.5,2025-06-14,2026-08-21,2,6,0,,Data was missing for two days and nobody told us why. Renewal is unlikely.
C00211,Bluepeak Logistics,Education,NA,Growth,63,3455.31,2024-01-10,2026-08-28,2,7,0,,Would love a two-way calendar sync.
C00212,Halcyon Logistics,Healthcare,EMEA,Starter,5,142.83,2025-07-24,2026-08-22,0,7,0,,"Reliable overall, exports could be faster. Some room for improvement."
C00213,Foxglove Networks Co,SaaS,NA,Growth,48,2374.04,2024-11-14,2026-08-31,0,10,0,,Dashboards load instantly even on huge datasets. We plan to add more seats next quarter.
C00214,Beacon Health Co,Manufacturing,EMEA,Enterprise,160,13112.65,2025-01-06,2026-08-28,1,10,0,,Best customer success team we have worked with.
C00215,Brightline Health Ltd,Education,NA,Growth,22,1315.84,2023-11-18,2026-08-21,0,8,0,,Documentation is solid but a guided setup call would have helped. Some room for improvement.
C00216,Silverlake Systems,Manufacturing,NA,Starter,4,115.73,2024-02-12,2026-08-24,1,7,0,,The mobile app lags behind the web app.
C00217,Pioneer Labs Inc,SaaS,EMEA,Starter,8,224.79,2025-12-30,2026-08-31,3,7,0,,Support quality varies a lot depending on who picks up the ticket.
C00218,Nimbus Foods,SaaS,EMEA,Starter,3,87.15,2025-02-28,2026-08-25,6,6,0,,Chat support only sends links to docs we have already read.
C00219,Quantum Supply Inc,Logistics,NA,Enterprise,161,13614.85,2023-06-16,2026-08-22,1,5,0,,The support team is friendly but never actually fixes anything. Frustrating overall.
C00220,Falcon Systems LLC,Retail,NA,Growth,73,4120.08,2024-11-26,2026-08-24,5,4,0,,Data was missing for two days and nobody told us why. We are evaluating alternatives.
C00221,Foxglove Digital,Fintech,NA,Growth,41,2191.94,2025-02-28,2026-07-29,0,5,1,Company downsized,Dashboards time out constantly when we filter more than a few weeks.
C00222,Riverbend Robotics Co,Retail,NA,Growth,68,3861.58,2025-10-14,2026-06-12,1,7,0,,"The annual discount helped, monthly pricing feels steep. Happy enough to stay for now."
C00223,Cascade Partners Ltd,Education,EMEA,Growth,15,846.39,2025-12-24,2026-08-06,4,4,0,,No phone support and email replies take forever.
C00224,Oakridge Supply,Logistics,NA,Growth,21,1214.05,2025-04-13,2026-08-21,2,5,0,,SSO setup with Okta took three support tickets to get working.
C00225,Redwood Media,Fintech,EMEA,Starter,6,185.82,2023-01-16,2026-08-28,1,7,0,,"Setup took longer than expected, mostly on our side. We will see how the next release goes."
C00226,Bluepeak Dynamics Co,Logistics,NA,Starter,7,194.69,2024-09-25,2026-05-14,8,2,1,Too expensive,Pricing jumped at renewal and nobody warned us.
C00227,Granite Labs,SaaS,EMEA,Starter,10,282.36,2023-09-21,2026-07-22,1,8,0,,"No major issues, some minor bugs here and there."
C00228,Aurora Group,Healthcare,NA,Growth,43,2241.15,2023-01-24,2026-08-11,2,8,0,,Integrations cover the basics; we still miss a native Jira connector. We will see how the next release goes.
C00229,Orbit Group,Healthcare,EMEA,Enterprise,90,8012.1,2026-03-24,2026-08-24,0,9,0,,The support team clearly knows the product inside out.
C00230,Brightline Learning LLC,SaaS,NA,Growth,60,3310.42,2023-08-02,2026-07-24,1,9,0,,Excellent documentation and training videos.
C00231,Quantum Learning,SaaS,APAC,Growth,21,1274.02,2023-11-10,2026-08-20,3,5,0,,Response times got noticeably worse over the last quarter.
C00232,Falcon Logistics,Retail,EMEA,Enterprise,266,22367.21,2024-03-05,2026-04-09,2,5,1,Budget cuts,The per-seat model punishes us every time we onboard a contractor. Would not recommend at this point.
C00233,Ember Foods GmbH,Logistics,APAC,Starter,8,228.99,2024-08-17,2026-08-20,0,8,0,,Uptime is fine; performance on large filters could improve.
C00234,Atlas Group Inc,Healthcare,NA,Starter,12,330.7,2025-02-06,2026-08-24,0,7,0,,Covers our core needs; advanced reporting is limited.
C00235,Ironclad Group Co,Logistics,NA,Enterprise,81,7240.76,2024-02-01,2026-07-12,2,9,0,,Automation rules removed a ton of manual work. Keep up the great work.
C00236,Foxglove Systems Inc,Manufacturing,NA,Enterprise,47,4059.68,2025-10-08,2026-08-21,0,9,0,,The mobile app is snappy and dependable. Would buy again without hesitation.
C00237,Cascade Media,Retail,NA,Growth,27,1639.93,2023-07-21,2026-04-28,4,5,1,Reliability issues,The mobile app crashes whenever we open a large report.
C00238,Zenith Networks,Manufacturing,EMEA,Starter,8,239.48,2026-05-09,2026-06-30,2,6,0,,The roadmap items we were promised never shipped.
C00239,Copperfield Logistics,SaaS,APAC,Enterprise,74,6802.16,2025-12-28,2026-08-18,1,7,0,,"Good product, waiting on the custom fields feature."
C00240,Crescent Labs,SaaS,EMEA,Growth,39,2177.72,2025-02-04,2026-08-29,2,6,0,,The mobile app crashes whenever we open a large report. It has been a disappointing year.
C00241,Brightline Health,Manufacturing,EMEA,Growth,79,4486.66,2023-03-04,2026-08-16,1,8,0,,Tickets get resolved eventually but it takes follow-ups. Overall it is fine.
C00242,Falcon Media,Manufacturing,NA,Starter,5,145.59,2025-07-19,2026-08-14,0,7,0,,Would prefer usage-based pricing over per-seat.
C00243,Halcyon Studio Co,Fintech,NA,Growth,51,2954.36,2025-06-17,2026-08-19,1,7,0,,"Mostly stable, with the occasional slow dashboard."
C00244,Frontier Analytics Co,Healthcare,APAC,Enterprise,127,10249.4,2025-03-03,2026-08-21,4,5,0,,The mobile app crashes whenever we open a large report.
C00245,Halcyon Media,Healthcare,NA,Enterprise,226,18752.66,2023-12-24,2026-08-12,1,7,0,,Uptime is fine; performance on large filters could improve.
C00246,Mosaic Learning Ltd,Media,NA,Growth,62,3338.29,2024-07-03,2026-08-26,2,4,0,,Frequent logouts and stale sessions made it unusable for the field team. We are evaluating alternatives.
C00247,Tidewater Dynamics,Healthcare,LATAM,Growth,43,2420.49,2024-06-13,2026-05-18,4,4,1,Poor support experience,Escalations go nowhere; we had to chase our account manager repeatedly. Renewal is unlikely.
C00248,Nimbus Studio,Retail,LATAM,Growth,57,2948.17,2025-02-16,2026-08-12,1,9,0,,Best customer success team we have worked with.
C00249,Evergreen Networks GmbH,Retail,EMEA,Growth,35,2031.68,2024-02-27,2026-08-26,0,6,0,,The setup wizard failed twice and we gave up on the advanced features. Renewal is unlikely.
C00250,Vertex Software GmbH,Retail,NA,Starter,4,118.61,2024-05-26,2026-08-13,1,9,0,,It became part of our daily workflow almost immediately.
C00251,Silverlake Health GmbH,Education,APAC,Starter,3,93.09,2026-03-04,2026-08-28,3,5,0,,The price per seat is hard to justify for a team our size.
C00252,Riverbend Digital GmbH,Media,NA,Starter,4,115.81,2024-08-01,2026-08-24,1,8,0,,"Fine for simple questions, weaker on technical issues. Some room for improvement."
C00253,Windmill Capital Co,Retail,NA,Growth,19,1096.32,2025-01-28,2026-08-15,2,7,0,,The help center is good; live support is average.
C00254,Ironclad Dynamics Co,Fintech,NA,Starter,3,89.29,2026-03-08,2026-08-27,2,6,0,,The price per seat is hard to justify for a team our size.
C00255,Crescent Learning,Fintech,APAC,Starter,5,150.98,2026-04-20,2026-08-27,1,8,0,,"Mostly stable, with the occasional slow dashboard. Happy enough to stay for now."
C00256,Lumen Supply Inc,Manufacturing,APAC,Enterprise,264,21580.75,2024-12-20,2026-07-05,2,8,0,,The API works but the docs could be clearer. Happy enough to stay for now.
C00257,Cobalt Media Co,Manufacturing,EMEA,Growth,45,2271.86,2023-12-05,2026-08-17,3,4,0,,We could not connect it to our data warehouse without a consultant. Frustrating overall.
C00258,Oakridge Health,SaaS,NA,Starter,8,215.05,2023-05-09,2026-08-17,0,8,0,,Costs are acceptable for what we use today.
C00259,Atlas Retail,SaaS,EMEA,Starter,8,234.43,2026-01-02,2026-07-23,0,10,0,,The reporting and forecasting features are exactly what we needed. Highly recommended.
C00260,Atlas Media,Healthcare,NA,Growth,39,2271.77,2024-10-30,2026-08-25,0,8,0,,The help center is good; live support is average.
C00261,Mosaic Digital,SaaS,APAC,Starter,5,137.46,2024-12-23,2026-01-30,4,3,1,Reliability issues,Exports randomly fail with no error message. It has been a disappointing year.
C00262,Quantum Health Ltd,Manufacturing,NA,Growth,34,1845.26,2026-05-01,2026-08-22,1,10,0,,Uptime has been perfect for as long as we have used it.
C00263,Nimbus Health,Fintech,NA,Starter,6,171.57,2024-04-18,2026-03-05,1,3,1,Too expensive,Our budget was cut and the platform was the first thing to go. Frustrating overall.
C00264,Atlas Foods Co,SaaS,EMEA,Starter,4,124.91,2023-05-08,2026-08-12,0,9,0,,Powerful yet simple; it grows with us.
C00265,Crescent Works,Logistics,EMEA,Growth,25,1608.26,2025-05-09,2026-08-11,2,5,0,,Dashboards time out constantly when we filter more than a few weeks.
C00266,Beacon Analytics Inc,SaaS,APAC,Starter,6,176.95,2026-05-24,2026-08-12,5,4,0,,Our budget was cut and the platform was the first thing to go.
C00267,Quantum Software,Fintech,NA,Growth,50,2842.05,2023-08-05,2026-08-20,0,10,0,,Excellent documentation and training videos.
C00268,Summit Labs Inc,SaaS,APAC,Starter,6,180.06,2026-06-14,2026-08-22,0,8,0,,We like the dashboards but want more automation. Happy enough to stay for now.
C00269,Crescent Learning Ltd,SaaS,NA,Starter,5,137.57,2024-11-21,2026-08-29,2,7,0,,Pricing is fair but the Growth tier is a big jump from Starter. Happy enough to stay for now.
C00270,Summit Partners Co,SaaS,NA,Starter,4,119.24,2024-12-16,2026-08-13,4,5,0,,Dashboards time out constantly when we filter more than a few weeks. We are evaluating alternatives.
C00271,Nimbus Foods Co,SaaS,EMEA,Enterprise,182,14690.68,2026-05-09,2026-08-26,3,5,0,,The Salesforce integration breaks every other week.
C00272,Keystone Analytics Ltd,SaaS,NA,Starter,13,374.41,2024-02-29,2026-08-23,1,8,0,,The mobile app lags behind the web app.
C00273,Orbit Analytics GmbH,SaaS,EMEA,Starter,7,212.25,2025-08-09,2026-08-24,0,8,0,,We are on the fence at renewal because of the price increase.
C00274,Crescent Digital,Healthcare,NA,Starter,7,203.66,2023-01-12,2026-08-21,2,7,0,,"One outage this quarter, communicated well."
C00275,Riverbend Robotics Inc,Education,NA,Growth,53,3036.36,2025-05-06,2026-08-24,1,8,0,,"Solid basics, some rough edges in the admin console. Overall it is fine."
C00276,Evergreen Systems GmbH,Retail,EMEA,Starter,2,61.01,2023-01-20,2026-08-27,3,7,0,,"One outage this quarter, communicated well. We will see how the next release goes."
C00277,Falcon Partners GmbH,Fintech,NA,Enterprise,178,13926.04,2023-01-06,2026-08-24,1,7,0,,Uptime is fine; performance on large filters could improve. Some room for improvement.
C00278,Aurora Health Ltd,Retail,EMEA,Growth,28,1508.1,2024-05-10,2026-08-26,3,6,0,,Exports randomly fail with no error message. Would not recommend at this point.
C00279,Nimbus Group,Media,EMEA,Growth,63,3617.5,2024-04-20,2026-08-16,0,7,0,,"Decent value, though we keep an eye on seat costs. We will see how the next release goes."
C00280,Harbor Health Co,Media,NA,Growth,29,1793.29,2025-09-26,2026-08-17,1,10,0,,Support even helped us design our dashboards.
C00281,Mosaic Logistics LLC,SaaS,APAC,Starter,4,117.19,2026-02-11,2026-08-31,2,8,0,,We are still ramping up usage across the team.
C00282,Solstice Group,SaaS,NA,Enterprise,228,19487.21,2026-04-17,2026-08-15,1,6,0,,Performance degraded badly as our dataset grew. Frustrating overall.
C00283,Quantum Robotics GmbH,Fintech,NA,Enterprise,235,20481.66,2025-03-06,2026-07-31,0,8,0,,Would love a two-way calendar sync. Happy enough to stay for now.
C00284,Northwind Media LLC,Fintech,NA,Starter,5,150.07,2023-07-17,2026-08-20,0,7,0,,Would like more flexible billing for seasonal staff.
C00285,Harbor Networks,Healthcare,APAC,Growth,18,1049.08,2025-05-05,2026-08-21,4,5,0,,Honestly we barely used it; it never became part of our workflow. Renewal is unlikely.
C00286,Harbor Capital Ltd,Retail,EMEA,Starter,13,391.41,2024-09-14,2026-02-10,3,5,1,Budget cuts,Our budget was cut and the platform was the first thing to go.
C00287,Falcon Logistics,SaaS,EMEA,Growth,21,1221.83,2024-11-06,2026-03-23,1,9,1,Onboarding too complex,Documentation is solid but a guided setup call would have helped.
C00288,Halcyon Dynamics GmbH,Retail,LATAM,Growth,34,1883.75,2024-10-02,2026-07-06,2,6,0,,We outgrew the product; it is fine for small teams but not for us.
C00289,Stellar Retail GmbH,Healthcare,NA,Enterprise,335,28415.8,2026-01-31,2026-08-19,1,7,0,,Pricing is fair but the Growth tier is a big jump from Starter. We will see how the next release goes.
C00290,Foxglove Digital Ltd,SaaS,APAC,Starter,4,112.01,2024-04-30,2026-08-13,2,9,0,,We expanded to two more teams because it works so well. Highly recommended.
C00291,Copperfield Works Inc,Media,EMEA,Growth,17,973.19,2026-05-15,2026-08-27,2,4,0,,Response times got noticeably worse over the last quarter.
C00292,Vertex Retail,SaaS,LATAM,Growth,46,2749.58,2024-11-19,2026-08-17,1,9,0,,The reporting and forecasting features are exactly what we needed.
C00293,Juniper Labs Inc,Logistics,APAC,Starter,5,139.83,2025-05-27,2026-03-11,2,8,1,Low usage / no longer needed,It does the job; adoption is growing slowly.
C00294,Copperfield Foods,SaaS,LATAM,Growth,51,2839.78,2026-03-26,2026-08-13,4,6,0,,Chat support only sends links to docs we have already read.
C00295,Copperfield Partners Ltd,Media,NA,Growth,37,2077.27,2025-11-05,2026-08-03,2,7,0,,Integrations cover the basics; we still miss a native Jira connector. We will see how the next release goes.
C00296,Aurora Group Co,Media,APAC,Growth,59,3230.31,2024-07-13,2026-08-15,0,8,0,,The help center is good; live support is average.
C00297,Cobalt Digital Inc,Logistics,APAC,Enterprise,322,27824.1,2023-09-18,2026-08-18,2,6,0,,The mobile app crashes whenever we open a large report. It has been a disappointing year.
C00298,Cobalt Health,Manufacturing,EMEA,Starter,14,411.34,2023-06-25,2026-08-22,1,6,0,,Chat support only sends links to docs we have already read. Would not recommend at this point.
C00299,Zenith Analytics Co,Manufacturing,NA,Starter,6,167.94,2024-04-09,2026-08-13,1,7,0,,Pricing is fair but the Growth tier is a big jump from Starter.
C00300,Atlas Networks GmbH,Education,LATAM,Starter,5,148.11,2025-04-29,2026-08-10,1,8,0,,"Support is okay, sometimes quick, sometimes slow."
C00301,Zenith Labs,Manufacturing,NA,Starter,7,198.58,2025-10-15,2026-08-12,1,7,0,,Costs are acceptable for what we use today.
C00302,Cascade Retail GmbH,SaaS,EMEA,Starter,6,186.12,2023-02-10,2026-08-29,3,6,0,,Data was missing for two days and nobody told us why. Renewal is unlikely.
C00303,Harbor Dynamics,Healthcare,EMEA,Enterprise,324,27732.6,2024-08-12,2026-08-30,2,5,0,,Support tickets sit for days before anyone replies.
C00304,Brightline Health GmbH,Retail,NA,Starter,12,338.25,2026-04-14,2026-04-15,1,6,1,Budget cuts,The per-seat model punishes us every time we onboard a contractor. Renewal is unlikely.
C00305,Cascade Labs Ltd,Media,EMEA,Growth,66,3671.0,2025-11-14,2026-08-29,1,6,0,,Frequent logouts and stale sessions made it unusable for the field team. Frustrating overall.
C00306,Summit Foods GmbH,Retail,NA,Starter,3,83.78,2026-04-14,2026-06-29,5,4,1,Too expensive,Overage charges were a nasty surprise on the invoice. Would not recommend at this point.
C00307,Copperfield Learning GmbH,Retail,EMEA,Starter,9,263.69,2026-05-06,2026-05-07,1,8,1,Reliability issues,Reports are a bit slow at month end.
C00308,Evergreen Partners Inc,Healthcare,APAC,Enterprise,335,27935.75,2023-04-28,2026-08-28,1,5,0,,"No native Slack or HubSpot connector, so we had to build our own. Would not recommend at this point."
C00309,Aurora Robotics Co,Fintech,NA,Growth,32,1697.77,2025-05-18,2026-03-13,1,7,1,Low usage / no longer needed,We are still ramping up usage across the team.
C00310,Oakridge Robotics Ltd,SaaS,EMEA,Starter,4,112.1,2024-12-03,2026-08-14,1,10,0,,SSO and SCIM provisioning worked out of the box. We plan to add more seats next quarter.
C00311,Harbor Dynamics,Retail,NA,Enterprise,355,32782.83,2024-09-01,2026-08-30,2,8,0,,"The Slack integration is handy, the HubSpot one is limited."
C00312,Silverlake Labs Inc,Retail,APAC,Growth,17,1006.67,2025-10-14,2026-08-24,2,5,0,,The forecasting module is too simplistic for our use case. We are evaluating alternatives.
C00313,Oakridge Robotics GmbH,Fintech,LATAM,Starter,10,284.99,2026-04-07,2026-08-21,0,9,0,,The HubSpot sync saved us hours every week. Would buy again without hesitation.
C00314,Oakridge Partners Ltd,Retail,NA,Growth,23,1324.17,2024-08-15,2026-08-12,1,6,0,,"No native Slack or HubSpot connector, so we had to build our own."
C00315,Pioneer Networks Co,Retail,EMEA,Growth,42,2347.97,2025-04-07,2026-06-29,3,6,1,Missing features,The support team is friendly but never actually fixes anything. It has been a disappointing year.
C00316,Juniper Networks Ltd,Fintech,EMEA,Starter,10,282.59,2024-09-02,2026-08-14,1,9,0,,Uptime has been perfect for as long as we have used it.
C00317,Crescent Networks Co,Retail,EMEA,Enterprise,221,17782.88,2025-03-22,2026-08-23,1,8,0,,"One outage this quarter, communicated well. Happy enough to stay for now."
C00318,Orbit Supply Inc,Education,EMEA,Growth,30,1767.71,2026-05-22,2026-08-26,1,6,0,,We could not connect it to our data warehouse without a consultant.
C00319,Lumen Health Inc,Fintech,EMEA,Growth,44,2410.42,2025-11-01,2026-07-11,9,0,1,Poor support experience,Chat support only sends links to docs we have already read. Renewal is unlikely.
C00320,Foxglove Supply,Logistics,EMEA,Enterprise,234,19362.62,2023-10-22,2026-08-31,4,6,0,,Half the team stopped logging in after the first month.
C00321,Windmill Health,Logistics,NA,Growth,43,2275.29,2026-01-11,2026-08-21,5,5,0,,Performance degraded badly as our dataset grew. It has been a disappointing year.
C00322,Evergreen Foods Ltd,Retail,NA,Starter,10,285.46,2024-11-02,2026-07-27,0,7,1,Switched to competitor,"Our account manager is responsive, tier-1 support less so."
C00323,Vertex Labs LLC,Fintech,APAC,Starter,10,284.55,2025-01-15,2026-08-31,4,4,0,,Support tickets sit for days before anyone replies. Frustrating overall.
C00324,Stellar Capital Inc,Healthcare,NA,Starter,8,226.35,2023-05-27,2026-08-30,0,9,0,,Excellent documentation and training videos. Keep up the great work.
C00325,Redwood Foods Co,Media,EMEA,Starter,3,87.96,2024-07-21,2026-08-29,2,7,0,,"Solid basics, some rough edges in the admin console. Happy enough to stay for now."
C00326,Vertex Software,Education,NA,Starter,2,63.16,2024-01-21,2026-08-25,5,3,0,,Dashboards time out constantly when we filter more than a few weeks. Frustrating overall.
C00327,Ember Systems,Manufacturing,APAC,Growth,39,2253.93,2023-04-23,2026-08-11,1,8,0,,"Fine for simple questions, weaker on technical issues."
C00328,Keystone Software,Healthcare,EMEA,Starter,5,156.26,2025-12-21,2026-02-01,4,5,1,Poor support experience,The support team is friendly but never actually fixes anything. Would not recommend at this point.
C00329,Atlas Health,Healthcare,NA,Starter,6,170.05,2023-06-14,2026-08-12,4,5,0,,The roadmap items we were promised never shipped.
C00330,Riverbend Retail,Fintech,NA,Growth,21,1322.0,2025-07-03,2026-08-22,2,7,0,,The help center is good; live support is average. Happy enough to stay for now.
C00331,Harbor Capital GmbH,Manufacturing,NA,Starter,5,146.32,2025-08-08,2026-08-14,0,9,0,,Performance is excellent even at month-end peaks. Highly recommended.
C00332,Aurora Media LLC,SaaS,LATAM,Growth,25,1533.2,2025-02-19,2026-08-19,3,7,0,,"Mostly stable, with the occasional slow dashboard. Happy enough to stay for now."
C00333,Stellar Supply Inc,Education,EMEA,Growth,29,1742.33,2025-12-08,2026-08-16,1,9,0,,Feature releases ship every month and they listen to feedback.
C00334,Crescent Studio,Media,EMEA,Starter,9,257.42,2023-05-26,2026-08-15,1,8,0,,Would prefer usage-based pricing over per-seat. Some room for improvement.
C00335,Bluepeak Media Inc,SaaS,EMEA,Starter,8,238.68,2023-01-21,2026-08-17,1,8,0,,"Setup took longer than expected, mostly on our side."
C00336,Solstice Supply Co,Healthcare,NA,Growth,53,2964.52,2025-12-21,2026-08-13,2,6,0,,We outgrew the product; it is fine for small teams but not for us. We are evaluating alternatives.
C00337,Silverlake Robotics Ltd,SaaS,NA,Starter,13,350.34,2023-08-22,2026-08-11,3,5,0,,No phone support and email replies take forever. Would not recommend at this point.
C00338,Oakridge Capital,Education,NA,Growth,44,2402.29,2024-01-16,2026-08-31,2,5,0,,Exports randomly fail with no error message.
C00339,Meridian Capital GmbH,SaaS,NA,Growth,41,2328.17,2025-05-30,2026-08-27,2,7,0,,"Good product, waiting on the custom fields feature."
C00340,Quantum Robotics,Logistics,EMEA,Growth,43,2385.59,2024-11-13,2026-07-28,0,8,0,,Setup for SSO was fiddly but works now. Some room for improvement.
C00341,Orbit Networks Inc,SaaS,APAC,Starter,5,147.72,2023-09-14,2026-07-18,1,10,0,,The Enterprise plan pays for itself in saved hours. Would buy again without hesitation.
C00342,Nimbus Analytics,Logistics,APAC,Enterprise,282,23017.04,2023-10-25,2026-08-19,2,5,0,,Performance degraded badly as our dataset grew.
C00343,Lumen Retail GmbH,Manufacturing,APAC,Starter,9,263.67,2025-12-02,2026-01-13,2,5,1,Onboarding too complex,We were never shown how to use the reporting module.
C00344,Cobalt Learning Co,Healthcare,EMEA,Enterprise,126,10562.04,2024-10-26,2026-07-31,0,8,0,,"Solid basics, some rough edges in the admin console. We will see how the next release goes."
C00345,Foxglove Partners,Manufacturing,NA,Growth,34,1850.4,2026-03-23,2026-06-05,1,7,0,,"Reliable overall, exports could be faster."
C00346,Brightline Digital,Manufacturing,EMEA,Starter,9,253.91,2024-12-18,2026-08-27,1,6,0,,Half the team stopped logging in after the first month. Frustrating overall.
C00347,Silverlake Robotics,Logistics,LATAM,Starter,14,420.86,2025-04-26,2026-08-14,4,6,0,,Support tickets sit for days before anyone replies. Frustrating overall.
C00348,Atlas Dynamics,Fintech,EMEA,Starter,9,264.61,2024-03-10,2026-04-10,2,7,1,Budget cuts,Would like more flexible billing for seasonal staff.
C00349,Oakridge Digital,Healthcare,EMEA,Enterprise,166,14105.54,2023-02-08,2026-08-16,0,8,0,,Documentation is solid but a guided setup call would have helped.
C00350,Quantum Software,SaaS,EMEA,Starter,4,125.52,2024-10-07,2026-02-03,2,5,1,Onboarding too complex,Half the team stopped logging in after the first month.
C00351,Orbit Digital,Healthcare,APAC,Enterprise,376,32240.05,2025-07-20,2026-08-14,1,7,0,,The mobile app lags behind the web app. Overall it is fine.
C00352,Quantum Logistics,SaaS,APAC,Growth,14,865.66,2024-06-02,2026-07-12,2,7,0,,Would prefer usage-based pricing over per-seat. We will see how the next release goes.
C00353,Meridian Health,Healthcare,APAC,Growth,22,1312.17,2026-01-02,2026-08-22,0,8,0,,The mobile app lags behind the web app.
C00354,Evergreen Health,Healthcare,NA,Growth,20,1163.33,2025-06-09,2026-08-24,1,9,0,,"Great value for the price, especially on the annual plan."
C00355,Copperfield Retail,Retail,NA,Starter,2,55.54,2024-10-08,2026-04-30,9,2,1,Onboarding too complex,Honestly we barely used it; it never became part of our workflow. Frustrating overall.
C00356,Bluepeak Retail,Healthcare,EMEA,Starter,13,380.64,2024-11-25,2026-08-28,0,8,0,,"Support is okay, sometimes quick, sometimes slow. We will see how the next release goes."
C00357,Sable Capital LLC,Manufacturing,NA,Enterprise,211,15863.97,2023-10-18,2026-07-20,2,5,0,,Too expensive compared with the alternatives we evaluated.
C00358,Tidewater Works,Manufacturing,LATAM,Starter,8,234.53,2026-01-25,2026-08-25,2,7,0,,Tickets get resolved eventually but it takes follow-ups.
C00359,Zenith Analytics LLC,Retail,EMEA,Enterprise,84,7831.45,2023-03-17,2026-05-04,2,6,1,Integration gaps,We could not connect it to our data warehouse without a consultant.
C00360,Oakridge Media Inc,Healthcare,EMEA,Enterprise,178,14848.34,2023-03-05,2026-06-23,1,3,1,Missing features,Missing basic features like bulk edit and custom roles.
C00361,Mosaic Networks GmbH,Logistics,NA,Starter,10,288.93,2025-09-27,2026-08-18,1,9,0,,The API is clean and well documented; we automated everything.
C00362,Lumen Analytics Inc,SaaS,EMEA,Growth,16,896.76,2023-02-03,2026-07-21,4,3,1,Reliability issues,The per-seat model punishes us every time we onboard a contractor.
C00363,Cascade Supply,SaaS,EMEA,Starter,9,275.47,2024-10-11,2026-07-29,3,4,1,Company downsized,The price per seat is hard to justify for a team our size.
C00364,Lumen Capital,SaaS,NA,Growth,27,1571.51,2023-08-29,2026-07-14,0,7,0,,Useful tool; the roadmap looks promising.
C00365,Juniper Foods Co,Education,APAC,Enterprise,117,9462.72,2025-05-19,2026-08-18,0,7,0,,We like the dashboards but want more automation.
C00366,Beacon Partners Inc,Retail,NA,Enterprise,165,14187.25,2023-06-01,2026-08-22,4,6,0,,No phone support and email replies take forever.
C00367,Meridian Learning LLC,Manufacturing,NA,Enterprise,218,18425.97,2023-12-04,2026-07-11,3,7,1,Missing features,Covers our core needs; advanced reporting is limited. We will see how the next release goes.
C00368,Falcon Supply Co,Education,NA,Starter,9,257.26,2024-11-02,2026-06-20,2,7,1,Switched to competitor,The API works but the docs could be clearer. Some room for improvement.
C00369,Quantum Networks Inc,Fintech,EMEA,Growth,50,2692.58,2024-04-27,2026-06-12,0,8,0,,We are on the fence at renewal because of the price increase. Overall it is fine.
C00370,Silverlake Group Inc,Media,EMEA,Starter,9,260.94,2023-09-13,2026-05-15,4,3,1,Integration gaps,The API is rate limited so aggressively that our sync jobs fail nightly.
C00371,Northwind Partners Ltd,Manufacturing,APAC,Enterprise,206,18268.08,2023-03-21,2026-08-25,0,6,0,,Overage charges were a nasty surprise on the invoice. Renewal is unlikely.
C00372,Northwind Partners GmbH,Fintech,NA,Starter,12,354.54,2023-01-21,2026-01-18,4,5,1,Reliability issues,We had three outages in one month during peak hours.
C00373,Cascade Capital LLC,Retail,LATAM,Starter,11,318.56,2023-09-02,2026-08-21,1,6,0,,Half the team stopped logging in after the first month. Renewal is unlikely.
C00374,Halcyon Analytics,Fintech,EMEA,Starter,5,149.94,2023-12-27,2026-01-12,1,5,1,Missing features,The forecasting module is too simplistic for our use case.
C00375,Foxglove Foods GmbH,SaaS,NA,Starter,2,58.06,2023-06-02,2026-08-28,0,9,0,,Feature releases ship every month and they listen to feedback.
C00376,Crescent Software,SaaS,NA,Starter,2,58.93,2024-10-11,2026-06-19,4,2,1,Switched to competitor,We outgrew the product; it is fine for small teams but not for us.
C00377,Summit Capital LLC,Logistics,NA,Starter,6,175.05,2026-02-04,2026-08-29,1,6,0,,The Salesforce integration breaks every other week. Would not recommend at this point.
C00378,Mosaic Works Co,Retail,APAC,Enterprise,202,17399.31,2025-06-30,2026-08-26,5,5,0,,Reporting is too rigid; we ended up exporting to spreadsheets anyway.
C00379,Riverbend Dynamics GmbH,Retail,NA,Growth,19,1101.08,2024-01-27,2026-08-23,1,8,0,,"One outage this quarter, communicated well. Overall it is fine."
C00380,Brightline Supply Co,Education,EMEA,Starter,10,276.78,2024-07-13,2026-08-13,3,6,0,,"No native Slack or HubSpot connector, so we had to build our own."
C00381,Ironclad Labs Co,Healthcare,EMEA,Growth,19,1161.66,2025-09-08,2026-08-15,1,6,0,,Dashboards time out constantly when we filter more than a few weeks. Would not recommend at this point.
C00382,Solstice Systems Inc,Logistics,APAC,Starter,10,307.46,2026-05-13,2026-08-16,2,7,0,,"No major issues, some minor bugs here and there."
C00383,Mosaic Labs GmbH,Manufacturing,EMEA,Growth,19,1072.04,2024-12-04,2026-08-11,1,8,0,,Setup for SSO was fiddly but works now.
C00384,Mosaic Media LLC,Retail,APAC,Starter,5,146.04,2023-09-12,2026-03-17,3,4,1,Low usage / no longer needed,"No audit log, which our compliance team requires."
C00385,Meridian Media GmbH,Retail,NA,Growth,25,1448.52,2026-01-11,2026-07-03,7,2,1,Poor support experience,"A competitor offered everything we needed at a lower price, so we switched. Frustrating overall."
C00386,Harbor Learning Ltd,Logistics,APAC,Starter,5,150.12,2024-10-17,2026-08-31,4,7,0,,The tutorials are helpful; the data import could be smoother. Overall it is fine.
C00387,Vertex Capital Ltd,Education,NA,Starter,6,175.72,2023-02-07,2026-08-31,0,10,0,,The Salesforce and Slack integrations work flawlessly. We plan to add more seats next quarter.
C00388,Evergreen Systems Ltd,Logistics,NA,Growth,22,1470.76,2023-11-20,2026-08-14,3,7,0,,Tickets get resolved eventually but it takes follow-ups. We will see how the next release goes.
C00389,Stellar Labs LLC,SaaS,LATAM,Growth,12,699.46,2024-11-10,2026-04-30,1,3,1,Poor support experience,We opened four tickets for the same bug and got four different answers. Renewal is unlikely.
C00390,Redwood Group,Media,NA,Growth,25,1565.7,2025-10-26,2026-08-14,1,8,0,,Reports are a bit slow at month end. Happy enough to stay for now.
C00391,Mosaic Health,Healthcare,NA,Starter,10,308.96,2025-12-23,2026-08-29,5,3,0,,The support team is friendly but never actually fixes anything.
C00392,Frontier Capital,SaaS,EMEA,Growth,76,4259.13,2023-08-28,2026-08-26,1,9,0,,The mobile app is snappy and dependable.
C00393,Falcon Labs Ltd,Healthcare,NA,Growth,27,1595.36,2025-07-11,2026-08-14,1,7,0,,The API works but the docs could be clearer.
C00394,Vertex Systems LLC,Education,NA,Starter,8,232.88,2026-05-12,2026-08-31,2,7,0,,Onboarding was fine but could use more templates.
C00395,Windmill Studio,SaaS,EMEA,Starter,3,87.04,2025-10-16,2026-01-25,1,8,1,Low usage / no longer needed,It does the job; adoption is growing slowly.
C00396,Foxglove Media GmbH,Retail,APAC,Starter,5,151.57,2025-07-03,2026-08-11,3,6,0,,Frequent logouts and stale sessions made it unusable for the field team.
C00397,Riverbend Capital Inc,Manufacturing,APAC,Starter,7,195.91,2025-10-12,2026-08-25,1,7,0,,The API works but the docs could be clearer.
C00398,Cobalt Dynamics Co,Fintech,NA,Starter,7,201.69,2024-12-11,2026-08-24,3,8,0,,Would like faster responses on weekends.
C00399,Granite Supply Ltd,Retail,EMEA,Starter,10,286.73,2025-02-12,2026-08-27,0,9,0,,The guided setup made data import painless.
C00400,Nimbus Labs,Retail,APAC,Growth,23,1263.3,2024-11-10,2026-08-27,1,5,0,,We pay for features we never use; the plan tiers make no sense.
C00401,Windmill Analytics,Fintech,NA,Growth,34,1929.67,2026-05-04,2026-08-14,2,9,0,,Feature releases ship every month and they listen to feedback.
C00402,Cascade Capital Ltd,Logistics,NA,Growth,23,1414.7,2024-04-07,2026-07-12,1,6,0,,Adoption stalled because the learning curve is steep.
C00403,Bluepeak Retail Ltd,Manufacturing,NA,Growth,37,1978.69,2025-09-18,2026-08-17,1,7,0,,"Solid basics, some rough edges in the admin console."
C00404,Cascade Analytics Inc,SaaS,EMEA,Starter,12,362.34,2023-01-27,2026-08-16,6,7,0,,Would like faster responses on weekends. Happy enough to stay for now.
C00405,Cascade Robotics Co,Logistics,NA,Enterprise,66,5691.69,2024-06-18,2026-08-31,0,8,0,,Would prefer usage-based pricing over per-seat. Some room for improvement.
C00406,Windmill Analytics,Media,EMEA,Growth,30,1771.7,2026-03-13,2026-08-28,2,6,0,,The mobile app crashes whenever we open a large report.
C00407,Foxglove Robotics GmbH,Fintech,LATAM,Growth,59,3220.98,2023-11-07,2026-08-26,1,6,0,,We opened four tickets for the same bug and got four different answers.
C00408,Juniper Studio,Media,NA,Starter,3,87.31,2025-10-11,2026-06-05,12,0,1,Reliability issues,Dashboards time out constantly when we filter more than a few weeks.
C00409,Falcon Studio Co,SaaS,EMEA,Growth,63,3468.22,2024-10-03,2026-08-27,3,6,0,,The Salesforce integration breaks every other week.
C00410,Northwind Dynamics GmbH,Logistics,NA,Growth,45,2461.54,2023-06-22,2026-06-20,0,9,0,,The mobile app is snappy and dependable. Highly recommended.
C00411,Bluepeak Health GmbH,Education,NA,Growth,23,1335.95,2023-05-16,2026-08-20,1,7,0,,Setup for SSO was fiddly but works now.
C00412,Tidewater Systems,Education,APAC,Growth,33,1802.84,2023-06-05,2026-08-23,3,5,0,,Frequent logouts and stale sessions made it unusable for the field team. It has been a disappointing year.
C00413,Windmill Partners Ltd,SaaS,NA,Enterprise,189,16771.6,2024-08-16,2026-04-14,2,6,1,Onboarding too complex,Webhook payloads changed without notice and broke our pipeline.
C00414,Aurora Labs,Media,LATAM,Enterprise,73,6565.52,2024-01-29,2026-04-08,3,4,1,Missing features,The per-seat model punishes us every time we onboard a contractor. Frustrating overall.
C00415,Foxglove Analytics LLC,SaaS,EMEA,Growth,26,1672.39,2026-02-15,2026-08-23,2,7,0,,Integrations cover the basics; we still miss a native Jira connector.
C00416,Oakridge Systems,Fintech,NA,Enterprise,177,14516.13,2025-08-31,2026-08-29,1,6,0,,Performance degraded badly as our dataset grew.
C00417,Bluepeak Learning,SaaS,NA,Enterprise,252,21409.43,2023-07-02,2026-08-11,4,6,0,,Support tickets sit for days before anyone replies.
C00418,Evergreen Systems,Manufacturing,NA,Starter,4,118.65,2024-10-04,2026-05-05,6,4,1,Too expensive,Too expensive compared with the alternatives we evaluated.
C00419,Foxglove Health Co,SaaS,APAC,Growth,51,2765.71,2025-09-04,2026-08-23,3,3,0,,Support tickets sit for days before anyone replies. It has been a disappointing year.
C00420,Evergreen Supply,Logistics,EMEA,Starter,5,153.02,2025-04-14,2026-07-26,6,3,1,Budget cuts,We pay for features we never use; the plan tiers make no sense.
C00421,Lumen Studio Inc,Education,NA,Starter,5,148.16,2023-01-12,2026-08-17,0,6,0,,We could not connect it to our data warehouse without a consultant. It has been a disappointing year.
C00422,Lumen Learning,SaaS,EMEA,Starter,5,143.81,2023-01-08,2026-08-01,2,7,1,Too expensive,Good enough integration options for our stack. Some room for improvement.
C00423,Cascade Software Inc,SaaS,EMEA,Growth,13,809.07,2025-01-14,2026-08-13,3,5,0,,"No audit log, which our compliance team requires. Renewal is unlikely."
C00424,Pioneer Partners,SaaS,APAC,Starter,2,55.64,2026-03-24,2026-08-28,1,9,0,,Budget approval was easy because the ROI is obvious.
C00425,Zenith Networks,Healthcare,NA,Starter,3,85.03,2023-03-06,2026-08-17,0,9,0,,The support team clearly knows the product inside out.
C00426,Beacon Works Co,Manufacturing,NA,Starter,10,296.53,2023-07-31,2026-03-06,10,1,1,Company downsized,The per-seat model punishes us every time we onboard a contractor.
C00427,Pioneer Labs GmbH,Fintech,NA,Growth,42,2378.42,2023-08-29,2026-07-10,0,8,0,,It does the job; adoption is growing slowly.
C00428,Frontier Analytics Inc,Media,NA,Enterprise,108,9205.48,2024-02-11,2026-08-20,3,8,0,,"Our account manager is responsive, tier-1 support less so."
C00429,Zenith Networks GmbH,SaaS,EMEA,Enterprise,379,31730.59,2026-02-10,2026-08-25,2,8,0,,Integrations cover the basics; we still miss a native Jira connector. Some room for improvement.
C00430,Meridian Dynamics Ltd,Manufacturing,NA,Starter,3,86.12,2026-04-23,2026-07-22,2,7,0,,"Support is okay, sometimes quick, sometimes slow. Happy enough to stay for now."
C00431,Vertex Media,Logistics,NA,Starter,10,303.12,2024-01-27,2026-08-16,0,9,0,,Plays nicely with every tool in our stack. Would buy again without hesitation.
C00432,Summit Networks Co,Manufacturing,NA,Enterprise,246,20899.96,2025-07-24,2026-08-24,2,6,0,,The forecasting module is too simplistic for our use case.
C00433,Summit Networks Inc,Education,NA,Starter,5,139.94,2023-01-13,2026-08-11,4,5,0,,We opened four tickets for the same bug and got four different answers. We are evaluating alternatives.
C00434,Brightline Logistics Inc,Media,APAC,Enterprise,130,10532.59,2024-10-14,2026-08-12,1,6,0,,Webhook payloads changed without notice and broke our pipeline. It has been a disappointing year.
C00435,Stellar Digital Inc,SaaS,EMEA,Growth,27,1689.44,2025-03-12,2026-08-23,2,8,0,,"Most of the team uses it weekly, a few power users daily."
C00436,Granite Retail Co,SaaS,NA,Growth,33,1758.65,2026-01-06,2026-08-29,1,8,0,,Good enough integration options for our stack.
C00437,Halcyon Labs,SaaS,EMEA,Starter,5,146.58,2025-11-14,2026-04-01,2,7,1,Low usage / no longer needed,Documentation is solid but a guided setup call would have helped.
C00438,Juniper Media Ltd,Retail,NA,Starter,3,91.7,2023-03-20,2026-06-30,6,4,1,Too expensive,We pay for features we never use; the plan tiers make no sense.
C00439,Crescent Partners Co,Manufacturing,APAC,Growth,27,1627.54,2024-06-11,2026-08-11,3,4,0,,The API is rate limited so aggressively that our sync jobs fail nightly. Would not recommend at this point.
C00440,Redwood Supply,Healthcare,EMEA,Starter,2,56.24,2023-04-08,2026-08-15,5,5,0,,Exports randomly fail with no error message. Renewal is unlikely.
C00441,Riverbend Partners Inc,Media,EMEA,Enterprise,175,14127.96,2023-01-13,2026-08-29,1,8,0,,Would prefer usage-based pricing over per-seat. Some room for improvement.
C00442,Halcyon Networks Ltd,SaaS,APAC,Growth,28,1775.56,2023-07-17,2026-04-04,1,8,1,Missing features,"Good product, waiting on the custom fields feature. Happy enough to stay for now."
C00443,Ember Partners Ltd,Manufacturing,APAC,Starter,5,138.96,2026-04-05,2026-08-19,1,6,0,,The price per seat is hard to justify for a team our size.
C00444,Juniper Supply GmbH,SaaS,APAC,Starter,10,283.58,2023-12-04,2026-05-10,6,6,1,Integration gaps,SSO setup with Okta took three support tickets to get working.
C00445,Crescent Capital,Fintech,NA,Growth,43,2394.57,2025-08-01,2026-02-27,4,5,1,Poor support experience,The Salesforce integration breaks every other week. Would not recommend at this point.
C00446,Nimbus Supply Inc,Education,NA,Starter,11,316.21,2025-06-23,2026-08-15,4,7,0,,Reports are a bit slow at month end. We will see how the next release goes.
C00447,Redwood Works Co,Logistics,EMEA,Growth,39,2189.05,2026-01-11,2026-06-05,3,2,1,Budget cuts,Pricing jumped at renewal and nobody warned us.
C00448,Windmill Networks Ltd,Healthcare,EMEA,Growth,24,1332.87,2024-11-10,2026-08-23,2,6,0,,The Salesforce integration breaks every other week.
C00449,Silverlake Networks Inc,SaaS,EMEA,Growth,15,877.55,2026-05-29,2026-08-16,1,7,0,,Would love a two-way calendar sync.
C00450,Brightline Capital,Healthcare,APAC,Starter,3,89.36,2024-06-27,2026-07-13,3,6,1,Too expensive,We pay for features we never use; the plan tiers make no sense.
C00451,Tidewater Networks GmbH,SaaS,NA,Starter,2,59.58,2025-10-01,2026-08-23,1,8,0,,Feature set is competitive but not best in class.
C00452,Granite Dynamics,Media,NA,Enterprise,100,8996.18,2025-09-25,2026-08-22,0,8,0,,"The Slack integration is handy, the HubSpot one is limited."
C00453,Evergreen Logistics GmbH,Education,EMEA,Growth,55,2894.52,2024-11-24,2026-08-15,0,7,0,,"Support is okay, sometimes quick, sometimes slow. Happy enough to stay for now."
C00454,Juniper Logistics Inc,SaaS,NA,Growth,34,1881.53,2024-02-09,2026-08-27,1,5,0,,The roadmap items we were promised never shipped.
C00455,Foxglove Health,SaaS,EMEA,Growth,40,2079.58,2023-07-22,2026-07-15,7,3,1,Poor support experience,Chat support only sends links to docs we have already read. We are evaluating alternatives.
C00456,Cascade Analytics Ltd,SaaS,EMEA,Enterprise,68,6582.38,2023-04-20,2026-08-30,0,10,0,,"Great value for the price, especially on the annual plan."
C00457,Pioneer Labs Ltd,Logistics,EMEA,Starter,4,116.73,2024-09-29,2026-08-27,3,8,0,,Integrations cover the basics; we still miss a native Jira connector. We will see how the next release goes.
C00458,Juniper Group Co,Retail,EMEA,Starter,9,253.73,2024-05-21,2026-08-11,1,9,0,,SSO and SCIM provisioning worked out of the box. We plan to add more seats next quarter.
C00459,Copperfield Logistics Co,Manufacturing,EMEA,Growth,34,1786.89,2023-09-24,2026-07-10,2,7,0,,Costs are acceptable for what we use today.
C00460,Northwind Foods,Healthcare,EMEA,Starter,4,113.06,2025-09-04,2026-08-26,2,9,0,,Adoption was instant; people actually enjoy using it. We plan to add more seats next quarter.
C00461,Cascade Logistics,Healthcare,NA,Growth,40,2057.67,2023-07-27,2026-03-10,0,9,1,Low usage / no longer needed,The tutorials are helpful; the data import could be smoother.
C00462,Atlas Robotics GmbH,SaaS,EMEA,Starter,4,118.3,2024-08-27,2026-08-22,1,10,0,,"Best-in-class dashboards, our execs love them. Highly recommended."
C00463,Atlas Robotics,Logistics,EMEA,Starter,11,308.76,2024-07-01,2026-02-22,4,3,1,Onboarding too complex,We were never shown how to use the reporting module. Would not recommend at this point.
C00464,Foxglove Works GmbH,Fintech,NA,Starter,11,324.1,2026-05-31,2026-08-20,2,7,0,,"Solid basics, some rough edges in the admin console."
C00465,Nimbus Foods,Healthcare,EMEA,Enterprise,379,32578.6,2023-05-14,2026-08-30,2,6,0,,Chat support only sends links to docs we have already read.
C00466,Pioneer Retail,Education,APAC,Growth,41,2336.6,2025-12-28,2026-08-15,2,9,0,,Plays nicely with every tool in our stack. Keep up the great work.
C00467,Lumen Retail,Education,NA,Starter,8,234.34,2025-05-23,2026-08-21,2,6,0,,We were never shown how to use the reporting module. Renewal is unlikely.
C00468,Crescent Health Ltd,Logistics,EMEA,Starter,4,121.22,2025-10-06,2026-06-19,4,5,0,,Response times got noticeably worse over the last quarter. Would not recommend at this point.
C00469,Cobalt Networks GmbH,SaaS,LATAM,Starter,5,153.04,2025-09-19,2026-08-21,1,7,0,,The tutorials are helpful; the data import could be smoother.
C00470,Lumen Digital Inc,Retail,APAC,Starter,4,117.2,2025-09-13,2026-08-15,4,5,0,,Missing basic features like bulk edit and custom roles. It has been a disappointing year.
C00471,Orbit Retail Ltd,Retail,NA,Growth,12,717.02,2024-07-09,2026-06-26,5,5,0,,Support tickets sit for days before anyone replies. We are evaluating alternatives.
C00472,Stellar Software,Retail,EMEA,Starter,8,226.83,2025-01-11,2026-08-29,3,7,0,,"Mostly stable, with the occasional slow dashboard."
C00473,Granite Labs,SaaS,LATAM,Starter,9,250.69,2024-04-10,2026-08-27,2,7,0,,"Decent value, though we keep an eye on seat costs. Happy enough to stay for now."
C00474,Summit Networks,SaaS,EMEA,Starter,3,91.46,2026-02-23,2026-08-14,4,6,0,,We pay for features we never use; the plan tiers make no sense.
C00475,Cobalt Group,Fintech,NA,Growth,36,2023.18,2023-10-15,2026-07-27,2,5,0,,Performance degraded badly as our dataset grew.
C00476,Atlas Capital,Fintech,NA,Growth,34,1916.83,2025-01-22,2026-08-13,0,9,0,,The platform is fast and stable; no complaints.
C00477,Nimbus Robotics GmbH,Retail,APAC,Growth,18,1036.91,2023-09-27,2026-08-29,2,7,0,,Would like faster responses on weekends. We will see how the next release goes.
C00478,Zenith Dynamics Ltd,Healthcare,NA,Growth,47,2746.41,2024-04-20,2026-08-13,0,7,0,,It does the job; adoption is growing slowly.
C00479,Oakridge Logistics,Healthcare,NA,Enterprise,262,21845.69,2026-05-14,2026-08-21,0,8,0,,"Decent value, though we keep an eye on seat costs. Overall it is fine."
C00480,Silverlake Partners,Retail,NA,Growth,24,1370.58,2023-09-07,2026-08-31,0,9,0,,"Best-in-class dashboards, our execs love them."
C00481,Falcon Labs,Retail,APAC,Enterprise,304,24994.58,2026-02-04,2026-08-29,4,2,0,,Exports randomly fail with no error message.
C00482,Quantum Networks GmbH,SaaS,EMEA,Growth,15,940.62,2025-11-03,2026-01-14,3,7,1,Budget cuts,Would prefer usage-based pricing over per-seat.
C00483,Windmill Media,Healthcare,APAC,Starter,11,304.82,2024-04-12,2026-08-30,0,9,0,,The reporting and forecasting features are exactly what we needed.
C00484,Windmill Logistics,Fintech,EMEA,Growth,51,2714.29,2024-04-18,2026-08-06,4,3,0,,Escalations go nowhere; we had to chase our account manager repeatedly. It has been a disappointing year.
C00485,Evergreen Networks,SaaS,LATAM,Growth,56,3428.97,2023-01-08,2026-08-31,0,7,0,,"Good product, waiting on the custom fields feature. Overall it is fine."
C00486,Evergreen Networks Inc,Retail,APAC,Growth,24,1469.3,2025-10-06,2026-08-15,3,8,0,,"Support is okay, sometimes quick, sometimes slow. Some room for improvement."
C00487,Sable Analytics Ltd,Retail,NA,Starter,6,168.9,2025-04-29,2026-06-22,3,7,1,Budget cuts,"The annual discount helped, monthly pricing feels steep."
C00488,Bluepeak Digital,Fintech,EMEA,Starter,9,249.71,2026-06-08,2026-08-13,0,8,0,,Setup for SSO was fiddly but works now.
C00489,Halcyon Studio,Healthcare,NA,Enterprise,243,19080.29,2024-01-08,2026-06-29,0,8,0,,Tickets get resolved eventually but it takes follow-ups.
C00490,Vertex Analytics Inc,Healthcare,LATAM,Starter,2,58.23,2024-05-23,2026-04-04,2,7,1,Low usage / no longer needed,Documentation is solid but a guided setup call would have helped.
C00491,Atlas Analytics LLC,Education,NA,Starter,5,149.22,2025-05-26,2026-08-16,0,7,0,,We are still ramping up usage across the team. Happy enough to stay for now.
C00492,Atlas Labs,Education,EMEA,Starter,2,61.52,2024-03-10,2026-08-14,5,5,0,,Reporting is too rigid; we ended up exporting to spreadsheets anyway.
C00493,Tidewater Dynamics Ltd,Education,APAC,Growth,44,2231.38,2024-02-11,2026-08-15,4,6,0,,We pay for features we never use; the plan tiers make no sense.
C00494,Atlas Media,Fintech,NA,Enterprise,372,29644.22,2023-08-06,2026-08-30,2,7,0,,Covers our core needs; advanced reporting is limited.
C00495,Meridian Group,Manufacturing,APAC,Growth,10,587.18,2026-06-14,2026-06-15,4,5,1,Integration gaps,The Salesforce integration breaks every other week. Renewal is unlikely.
C00496,Meridian Partners,Healthcare,NA,Enterprise,365,34139.65,2024-08-29,2026-08-27,3,5,0,,Support tickets sit for days before anyone replies.
C00497,Cascade Dynamics Co,Retail,NA,Starter,8,240.22,2025-09-08,2026-04-19,3,8,1,Budget cuts,Would prefer usage-based pricing over per-seat. Happy enough to stay for now.
C00498,Sable Media GmbH,Healthcare,EMEA,Starter,3,88.3,2025-04-14,2026-04-11,1,8,1,Integration gaps,"The Slack integration is handy, the HubSpot one is limited. Happy enough to stay for now."
C00499,Ironclad Capital LLC,Retail,NA,Starter,5,137.9,2025-02-03,2026-02-09,4,8,1,Missing features,"Does what it says, nothing spectacular."
C00500,Stellar Analytics Inc,Retail,EMEA,Starter,9,238.87,2024-02-04,2026-08-14,4,4,0,,Escalations go nowhere; we had to chase our account manager repeatedly.
C00501,Northwind Retail,Manufacturing,APAC,Growth,46,2527.94,2024-02-07,2026-08-16,2,5,0,,Chat support only sends links to docs we have already read.
C00502,Riverbend Digital Co,Media,NA,Starter,9,259.96,2024-09-11,2026-08-28,0,8,0,,Documentation is solid but a guided setup call would have helped.
C00503,Vertex Studio,Logistics,EMEA,Starter,8,229.51,2023-06-22,2026-08-24,1,8,0,,Documentation is solid but a guided setup call would have helped.
C00504,Cobalt Digital,Retail,APAC,Enterprise,86,7797.53,2024-11-16,2026-08-15,0,8,0,,Would like more flexible billing for seasonal staff.
C00505,Evergreen Digital,Healthcare,APAC,Growth,33,1756.51,2023-04-26,2026-08-20,0,7,0,,"Most of the team uses it weekly, a few power users daily."
C00506,Solstice Analytics,Manufacturing,NA,Starter,8,222.93,2023-12-18,2026-08-27,0,10,0,,Onboarding was smooth and the whole team was productive in a week. We plan to add more seats next quarter.
C00507,Harbor Software,Fintech,LATAM,Growth,51,2953.9,2025-03-18,2026-06-30,1,9,1,Budget cuts,Would like more flexible billing for seasonal staff.
C00508,Lumen Robotics,Media,NA,Growth,30,1707.23,2023-01-31,2026-08-18,4,6,0,,Zapier is the only integration path and it is flaky. We are evaluating alternatives.
C00509,Vertex Retail LLC,Retail,EMEA,Enterprise,124,10319.34,2023-02-27,2026-03-02,1,5,1,Onboarding too complex,Adoption stalled because the learning curve is steep.
C00510,Juniper Capital,SaaS,EMEA,Growth,28,1649.42,2023-10-03,2026-06-30,0,8,0,,Pricing is fair but the Growth tier is a big jump from Starter. Happy enough to stay for now.
C00511,Falcon Partners Co,SaaS,APAC,Starter,8,238.55,2025-08-22,2026-08-14,1,6,0,,Escalations go nowhere; we had to chase our account manager repeatedly.
C00512,Harbor Supply,Media,NA,Starter,8,224.1,2025-10-21,2026-08-15,4,4,0,,We pay for features we never use; the plan tiers make no sense.
C00513,Pioneer Analytics LLC,SaaS,NA,Starter,5,150.67,2023-01-02,2026-08-27,0,7,0,,"Fine for simple questions, weaker on technical issues. Some room for improvement."
C00514,Summit Systems,Fintech,APAC,Growth,54,2894.28,2023-12-21,2026-08-22,2,8,0,,It does the job; adoption is growing slowly.
C00515,Harbor Partners,Fintech,NA,Growth,14,820.65,2023-03-14,2026-08-22,1,7,0,,"The Slack integration is handy, the HubSpot one is limited."
C00516,Granite Systems,SaaS,EMEA,Growth,22,1383.31,2023-01-18,2026-01-22,10,0,1,Low usage / no longer needed,Pricing jumped at renewal and nobody warned us. Renewal is unlikely.
C00517,Brightline Systems Ltd,Fintech,EMEA,Growth,30,1701.38,2026-04-17,2026-08-19,1,8,0,,"Most of the team uses it weekly, a few power users daily. Happy enough to stay for now."
C00518,Quantum Foods GmbH,Manufacturing,EMEA,Starter,2,59.67,2024-06-26,2026-06-21,4,6,0,,Pricing jumped at renewal and nobody warned us.
C00519,Solstice Supply Ltd,SaaS,NA,Starter,6,180.99,2025-10-11,2026-08-30,2,5,0,,Reporting is too rigid; we ended up exporting to spreadsheets anyway.
C00520,Juniper Logistics Ltd,Manufacturing,NA,Starter,2,58.72,2025-05-20,2026-08-12,3,9,0,,The reporting and forecasting features are exactly what we needed.
C00521,Riverbend Networks Co,Media,LATAM,Starter,6,173.18,2024-07-27,2026-01-22,6,4,1,Too expensive,Too expensive compared with the alternatives we evaluated. Renewal is unlikely.
C00522,Cascade Analytics Co,Retail,NA,Growth,39,2321.88,2025-08-18,2026-08-18,2,7,0,,"The Slack integration is handy, the HubSpot one is limited."
C00523,Windmill Software Inc,SaaS,NA,Enterprise,175,14718.09,2023-11-14,2026-07-14,0,8,0,,Documentation is solid but a guided setup call would have helped. We will see how the next release goes.
C00524,Copperfield Supply Ltd,Healthcare,NA,Starter,6,175.42,2024-06-12,2026-07-04,3,5,1,Company downsized,The per-seat model punishes us every time we onboard a contractor. We are evaluating alternatives.
C00525,Cobalt Dynamics GmbH,SaaS,NA,Growth,10,582.06,2024-04-28,2026-08-11,2,7,0,,Onboarding was fine but could use more templates.
C00526,Harbor Media GmbH,Retail,LATAM,Starter,4,116.7,2024-12-30,2026-08-09,2,6,0,,Honestly we barely used it; it never became part of our workflow.
C00527,Solstice Partners,Logistics,NA,Growth,38,2165.47,2023-09-26,2026-08-13,0,10,0,,The Enterprise plan pays for itself in saved hours. We plan to add more seats next quarter.
C00528,Copperfield Labs Inc,Logistics,NA,Starter,9,258.13,2025-08-09,2026-05-12,0,6,1,Budget cuts,Pricing jumped at renewal and nobody warned us. It has been a disappointing year.
C00529,Keystone Studio Inc,Manufacturing,EMEA,Growth,29,1566.69,2025-12-10,2026-08-15,1,9,0,,Uptime has been perfect for as long as we have used it. We plan to add more seats next quarter.
C00530,Keystone Logistics,Fintech,NA,Starter,8,236.77,2026-02-08,2026-06-19,0,8,1,Company downsized,Would prefer usage-based pricing over per-seat. Happy enough to stay for now.
C00531,Zenith Studio Co,Education,NA,Starter,7,194.24,2026-02-14,2026-08-22,0,7,0,,The mobile app lags behind the web app. We will see how the next release goes.
C00532,Foxglove Digital,Education,LATAM,Growth,41,2316.43,2025-03-27,2026-08-17,1,6,0,,Half the team stopped logging in after the first month. It has been a disappointing year.
C00533,Redwood Partners,Retail,EMEA,Starter,12,347.98,2025-10-15,2026-03-14,5,3,1,Missing features,Missing basic features like bulk edit and custom roles.
C00534,Cascade Dynamics Ltd,Education,NA,Growth,60,3416.4,2025-05-31,2026-08-25,3,3,0,,Data was missing for two days and nobody told us why. It has been a disappointing year.
C00535,Windmill Dynamics,SaaS,NA,Starter,5,139.5,2026-05-01,2026-08-29,1,6,0,,Response times got noticeably worse over the last quarter. It has been a disappointing year.
C00536,Zenith Media LLC,SaaS,NA,Enterprise,161,13258.1,2023-05-06,2026-03-25,1,5,1,Missing features,"A competitor offered everything we needed at a lower price, so we switched. We are evaluating alternatives."
C00537,Bluepeak Learning,Healthcare,NA,Starter,4,114.42,2023-09-11,2026-08-13,0,8,0,,The help center is good; live support is average. We will see how the next release goes.
C00538,Zenith Robotics,SaaS,EMEA,Growth,32,1651.73,2024-06-20,2026-08-03,3,4,0,,Escalations go nowhere; we had to chase our account manager repeatedly.
C00539,Mosaic Learning Co,SaaS,EMEA,Enterprise,212,18632.9,2025-03-03,2026-06-06,2,5,0,,Adoption stalled because the learning curve is steep. We are evaluating alternatives.
C00540,Meridian Capital Co,Media,EMEA,Growth,37,1898.19,2026-02-08,2026-02-13,3,3,1,Poor support experience,Our budget was cut and the platform was the first thing to go. Would not recommend at this point.
C00541,Oakridge Retail,Logistics,APAC,Starter,4,121.09,2023-05-01,2026-05-03,8,1,1,Switched to competitor,"No audit log, which our compliance team requires."
C00542,Beacon Foods Ltd,Healthcare,NA,Growth,33,1841.45,2023-07-25,2026-08-17,3,6,0,,Pricing jumped at renewal and nobody warned us. It has been a disappointing year.
C00543,Brightline Logistics,Media,LATAM,Starter,7,201.39,2026-01-03,2026-05-24,1,6,1,Poor support experience,Response times got noticeably worse over the last quarter.
C00544,Cascade Robotics,Logistics,EMEA,Growth,19,1136.48,2024-01-31,2026-08-14,2,7,0,,Reports are a bit slow at month end.
C00545,Ironclad Studio Inc,SaaS,NA,Starter,4,117.47,2023-01-22,2026-08-31,0,8,0,,We are on the fence at renewal because of the price increase.
C00546,Mosaic Networks Co,Retail,APAC,Growth,51,2753.55,2025-05-15,2026-08-11,3,5,0,,"A competitor offered everything we needed at a lower price, so we switched."
C00547,Juniper Dynamics,Retail,NA,Enterprise,142,12091.81,2026-01-24,2026-05-16,4,6,1,Integration gaps,SSO setup with Okta took three support tickets to get working. Would not recommend at this point.
C00548,Redwood Media Ltd,SaaS,EMEA,Starter,11,328.33,2026-02-25,2026-08-15,0,7,0,,Costs are acceptable for what we use today. Some room for improvement.
C00549,Atlas Learning,Manufacturing,EMEA,Starter,5,139.52,2025-12-26,2026-06-26,3,7,0,,Would love a two-way calendar sync. Happy enough to stay for now.
C00550,Halcyon Systems Ltd,Retail,NA,Starter,6,176.41,2023-03-17,2026-08-25,6,5,0,,Our budget was cut and the platform was the first thing to go.
C00551,Falcon Works Ltd,Retail,APAC,Growth,58,2848.13,2023-06-22,2026-08-18,6,3,0,,We were never shown how to use the reporting module. Would not recommend at this point.
C00552,Crescent Works Ltd,SaaS,NA,Starter,6,160.57,2026-01-15,2026-08-12,3,5,0,,"A competitor offered everything we needed at a lower price, so we switched. Renewal is unlikely."
C00553,Oakridge Networks Ltd,SaaS,APAC,Growth,52,2917.67,2025-06-03,2026-08-26,1,9,0,,"Rock solid, we have never seen an outage."
C00554,Meridian Systems Ltd,Media,NA,Growth,65,3506.94,2023-10-09,2026-08-17,2,8,0,,We like the dashboards but want more automation.
C00555,Foxglove Software Co,SaaS,NA,Enterprise,312,25358.53,2024-05-09,2026-08-25,0,6,0,,"No native Slack or HubSpot connector, so we had to build our own."
C00556,Sable Capital GmbH,Fintech,NA,Starter,5,144.69,2026-01-03,2026-02-17,8,3,1,Budget cuts,We outgrew the product; it is fine for small teams but not for us.
C00557,Silverlake Learning LLC,Fintech,APAC,Starter,9,256.87,2026-03-31,2026-06-28,0,10,0,,The HubSpot sync saved us hours every week. Keep up the great work.
C00558,Ember Robotics Ltd,Retail,NA,Starter,8,222.83,2026-02-08,2026-07-21,6,4,1,Poor support experience,No phone support and email replies take forever. We are evaluating alternatives.
C00559,Nimbus Media LLC,Healthcare,APAC,Growth,33,1692.0,2024-08-10,2026-08-11,1,9,0,,Onboarding was smooth and the whole team was productive in a week.
C00560,Evergreen Learning Co,Retail,NA,Starter,9,240.45,2025-09-16,2026-08-29,0,8,0,,"Our account manager is responsive, tier-1 support less so."
C00561,Silverlake Group,SaaS,EMEA,Starter,7,209.0,2023-02-27,2026-08-23,0,9,0,,Great templates got us started immediately. Highly recommended.
C00562,Meridian Partners GmbH,Fintech,NA,Starter,6,171.06,2026-03-24,2026-08-17,2,6,0,,Exports randomly fail with no error message.
C00563,Tidewater Analytics,Media,NA,Growth,42,2393.91,2023-10-11,2026-08-23,2,7,0,,Covers our core needs; advanced reporting is limited.
C00564,Cobalt Media,Healthcare,LATAM,Enterprise,57,5157.17,2026-05-11,2026-05-12,5,3,1,Missing features,"A competitor offered everything we needed at a lower price, so we switched. Renewal is unlikely."
C00565,Tidewater Dynamics Inc,Education,NA,Starter,6,176.47,2023-01-21,2026-08-25,1,9,0,,Dashboards load instantly even on huge datasets.
C00566,Granite Media LLC,Education,EMEA,Starter,8,230.84,2026-03-26,2026-08-13,0,8,0,,Support quality varies a lot depending on who picks up the ticket. We will see how the next release goes.
C00567,Brightline Analytics Co,Manufacturing,EMEA,Starter,5,145.26,2024-11-03,2026-08-28,1,10,0,,The mobile app is snappy and dependable. We plan to add more seats next quarter.
C00568,Windmill Foods GmbH,SaaS,EMEA,Starter,6,174.65,2024-10-16,2026-08-18,2,7,0,,Uptime is fine; performance on large filters could improve.
C00569,Cobalt Systems Ltd,Retail,EMEA,Enterprise,309,25538.77,2025-05-13,2026-08-29,1,8,0,,"No major issues, some minor bugs here and there."
C00570,Copperfield Dynamics Co,Healthcare,APAC,Growth,21,1178.06,2024-08-14,2026-08-22,2,5,0,,The support team is friendly but never actually fixes anything. We are evaluating alternatives.
C00571,Riverbend Foods Co,Fintech,EMEA,Growth,70,3958.61,2026-04-28,2026-06-17,2,8,0,,We sync with our warehouse nightly and it mostly works.
C00572,Oakridge Works Co,Media,EMEA,Enterprise,174,15575.41,2023-05-15,2026-07-27,2,5,0,,Too expensive compared with the alternatives we evaluated. We are evaluating alternatives.
C00573,Crescent Foods,Retail,EMEA,Growth,38,2223.44,2025-04-17,2026-08-15,1,7,0,,"Support is okay, sometimes quick, sometimes slow."
C00574,Atlas Studio,Manufacturing,EMEA,Starter,4,113.43,2023-10-03,2026-08-26,1,5,0,,We pay for features we never use; the plan tiers make no sense. It has been a disappointing year.
C00575,Summit Systems,Media,NA,Growth,24,1374.47,2023-02-17,2026-07-03,0,7,0,,"Decent value, though we keep an eye on seat costs. We will see how the next release goes."
C00576,Windmill Learning,Retail,EMEA,Starter,8,226.86,2025-04-12,2026-02-14,2,8,1,Missing features,We like the dashboards but want more automation.
C00577,Juniper Retail GmbH,Media,NA,Starter,3,86.39,2025-05-14,2026-08-23,0,8,0,,"Good product, waiting on the custom fields feature. We will see how the next release goes."
C00578,Cobalt Dynamics Ltd,Healthcare,APAC,Enterprise,54,4961.35,2023-06-12,2026-08-31,0,7,0,,Would love a two-way calendar sync.
C00579,Harbor Foods,Media,LATAM,Starter,14,389.79,2025-07-16,2026-08-26,2,8,0,,"Solid basics, some rough edges in the admin console. We will see how the next release goes."
C00580,Zenith Retail Ltd,Fintech,LATAM,Growth,51,2632.74,2026-04-17,2026-08-28,4,8,0,,"Solid basics, some rough edges in the admin console. Some room for improvement."
C00581,Mosaic Media,Retail,APAC,Starter,3,87.17,2025-06-06,2026-06-19,2,5,0,,We could not connect it to our data warehouse without a consultant.
C00582,Sable Learning,Healthcare,EMEA,Starter,5,124.52,2023-10-17,2026-08-19,2,6,0,,Overage charges were a nasty surprise on the invoice. It has been a disappointing year.
C00583,Sable Robotics,SaaS,EMEA,Growth,38,2076.66,2023-04-19,2026-06-10,2,8,0,,Documentation is solid but a guided setup call would have helped. Happy enough to stay for now.
C00584,Vertex Digital Co,Retail,NA,Growth,66,3484.57,2023-04-23,2026-08-31,2,7,0,,Would prefer usage-based pricing over per-seat. Some room for improvement.
C00585,Pioneer Group,Logistics,EMEA,Growth,49,2772.53,2025-02-28,2026-08-24,0,8,0,,Support quality varies a lot depending on who picks up the ticket.
C00586,Northwind Labs,Healthcare,NA,Starter,4,120.86,2023-10-28,2026-08-22,1,9,0,,Uptime has been perfect for as long as we have used it. Keep up the great work.
C00587,Cobalt Analytics Co,SaaS,NA,Starter,5,151.21,2024-04-18,2026-08-30,1,8,0,,The mobile app lags behind the web app.
C00588,Riverbend Systems Ltd,Fintech,LATAM,Growth,57,3084.25,2023-03-04,2026-08-19,0,10,0,,Performance is excellent even at month-end peaks.
C00589,Atlas Foods,SaaS,APAC,Growth,36,1885.63,2024-07-16,2026-06-16,3,4,1,Onboarding too complex,Onboarding was confusing and we never really got set up properly. Would not recommend at this point.
C00590,Pioneer Supply Inc,SaaS,EMEA,Growth,35,1857.87,2023-07-31,2026-08-26,0,9,0,,Great templates got us started immediately.
C00591,Ironclad Software,Logistics,NA,Growth,48,2664.06,2024-06-29,2026-08-23,0,8,0,,Onboarding was fine but could use more templates. Overall it is fine.
C00592,Keystone Digital GmbH,Retail,EMEA,Enterprise,336,26412.97,2025-01-19,2026-08-11,1,8,0,,Good enough integration options for our stack. Overall it is fine.
C00593,Crescent Studio,Fintech,NA,Growth,18,1121.2,2026-05-11,2026-08-11,1,7,0,,Documentation is solid but a guided setup call would have helped.
C00594,Ember Analytics Co,Healthcare,APAC,Starter,5,143.08,2024-01-04,2026-08-22,0,7,0,,Useful tool; the roadmap looks promising.
C00595,Vertex Networks Co,SaaS,LATAM,Growth,15,902.71,2024-02-14,2026-06-28,2,5,0,,Reporting is too rigid; we ended up exporting to spreadsheets anyway.
C00596,Copperfield Logistics Ltd,Fintech,NA,Growth,72,3669.13,2025-10-19,2026-01-08,3,5,1,Onboarding too complex,Honestly we barely used it; it never became part of our workflow. Would not recommend at this point.
C00597,Sable Works Co,Education,NA,Enterprise,189,15315.26,2026-05-01,2026-08-26,2,8,0,,Reports are a bit slow at month end. Some room for improvement.
C00598,Atlas Capital,Healthcare,NA,Starter,8,214.32,2024-05-31,2026-08-27,3,4,0,,The mobile app crashes whenever we open a large report.
C00599,Brightline Robotics,Logistics,NA,Growth,61,3483.79,2024-03-17,2026-08-30,0,10,0,,Best customer success team we have worked with.
C00600,Summit Systems Inc,Healthcare,NA,Starter,4,115.26,2025-06-30,2026-08-31,1,7,0,,"Solid basics, some rough edges in the admin console. We will see how the next release goes."
C00601,Meridian Health,Retail,NA,Growth,66,3704.18,2025-08-17,2026-08-22,6,4,0,,Performance degraded badly as our dataset grew. It has been a disappointing year.
C00602,Brightline Group,Manufacturing,NA,Enterprise,281,23706.13,2025-06-22,2026-08-30,1,8,0,,It does the job; adoption is growing slowly.
C00603,Ember Dynamics,Media,NA,Enterprise,354,30347.32,2025-03-27,2026-08-17,1,7,0,,"Decent value, though we keep an eye on seat costs. Overall it is fine."
C00604,Frontier Capital Ltd,Education,NA,Starter,4,114.43,2023-06-23,2026-08-25,2,4,0,,Overage charges were a nasty surprise on the invoice. It has been a disappointing year.
C00605,Oakridge Foods GmbH,Logistics,EMEA,Starter,3,86.29,2023-12-01,2026-08-27,3,5,0,,Escalations go nowhere; we had to chase our account manager repeatedly. Renewal is unlikely.
C00606,Mosaic Labs Ltd,Manufacturing,NA,Growth,16,940.54,2023-03-14,2026-03-31,1,7,1,Low usage / no longer needed,We are still ramping up usage across the team. Happy enough to stay for now.
C00607,Granite Health GmbH,Media,APAC,Growth,25,1498.93,2024-05-12,2026-08-21,0,9,0,,Custom roles and audit logs made our compliance team happy.
C00608,Keystone Learning,SaaS,NA,Enterprise,76,7118.27,2025-12-10,2026-08-27,2,5,0,,The roadmap items we were promised never shipped.
C00609,Aurora Partners,Manufacturing,NA,Starter,5,161.31,2023-10-13,2026-08-25,0,8,0,,"No major issues, some minor bugs here and there."
C00610,Copperfield Retail GmbH,Retail,NA,Enterprise,141,12663.25,2025-06-13,2026-04-03,1,9,1,Company downsized,Would like more flexible billing for seasonal staff.
C00611,Beacon Retail Inc,Healthcare,EMEA,Growth,60,3057.96,2024-06-20,2026-08-11,0,10,0,,Adoption was instant; people actually enjoy using it. Highly recommended.
C00612,Keystone Studio,Education,NA,Starter,12,346.01,2023-08-12,2026-08-29,1,9,0,,Dashboards load instantly even on huge datasets.
C00613,Meridian Software,Logistics,EMEA,Starter,5,142.65,2023-10-12,2026-08-28,6,3,0,,Honestly we barely used it; it never became part of our workflow. Would not recommend at this point.
C00614,Brightline Software Inc,Logistics,NA,Growth,17,1054.36,2025-05-17,2026-08-13,4,2,0,,Pricing jumped at renewal and nobody warned us. We are evaluating alternatives.
C00615,Meridian Media,Fintech,LATAM,Starter,9,257.7,2025-10-06,2026-08-16,1,6,0,,Our budget was cut and the platform was the first thing to go. We are evaluating alternatives.
C00616,Tidewater Group,Manufacturing,NA,Growth,32,1788.45,2024-02-25,2026-08-25,1,5,0,,Missing basic features like bulk edit and custom roles.
C00617,Falcon Health,Manufacturing,NA,Growth,28,1497.57,2026-03-16,2026-07-02,2,8,0,,Integrations cover the basics; we still miss a native Jira connector. Some room for improvement.
C00618,Mosaic Health Ltd,Fintech,APAC,Growth,58,2989.78,2023-03-14,2026-08-16,2,8,0,,"The Slack integration is handy, the HubSpot one is limited."
C00619,Aurora Learning,SaaS,NA,Starter,6,188.56,2025-01-03,2026-08-18,1,10,0,,"Great value for the price, especially on the annual plan."
C00620,Cascade Capital,SaaS,NA,Enterprise,106,8937.83,2023-10-19,2026-08-12,0,9,0,,Fair pricing and no surprise fees. Would buy again without hesitation.
C00621,Lumen Analytics GmbH,Manufacturing,APAC,Growth,35,1843.75,2026-02-12,2026-08-30,3,5,0,,"No native Slack or HubSpot connector, so we had to build our own. We are evaluating alternatives."
C00622,Oakridge Analytics,Retail,NA,Growth,26,1548.9,2025-08-22,2026-05-06,0,7,1,Too expensive,Costs are acceptable for what we use today. Some room for improvement.
C00623,Riverbend Dynamics Inc,Logistics,NA,Growth,35,1839.56,2023-03-16,2026-01-31,3,5,1,Onboarding too complex,Adoption stalled because the learning curve is steep. We are evaluating alternatives.
C00624,Stellar Health,Retail,NA,Growth,19,1108.29,2024-05-13,2026-08-20,4,4,0,,Honestly we barely used it; it never became part of our workflow.
C00625,Foxglove Capital Co,Logistics,NA,Enterprise,100,8672.03,2025-08-09,2026-08-15,1,8,0,,It does the job; adoption is growing slowly. Some room for improvement.
C00626,Falcon Logistics Co,Retail,APAC,Growth,46,2444.39,2024-11-26,2026-06-13,4,4,1,Reliability issues,The mobile app crashes whenever we open a large report.
C00627,Pioneer Capital GmbH,Manufacturing,EMEA,Growth,40,2158.25,2024-09-16,2026-08-20,0,10,0,,Every ticket we raised was resolved the same day. Would buy again without hesitation.
C00628,Zenith Studio,SaaS,EMEA,Starter,6,181.8,2023-06-24,2026-08-12,0,8,0,,Feature set is competitive but not best in class. Overall it is fine.
C00629,Bluepeak Partners GmbH,Healthcare,NA,Starter,10,295.38,2024-12-29,2026-07-28,0,6,0,,Pricing jumped at renewal and nobody warned us.
C00630,Halcyon Retail,Manufacturing,EMEA,Growth,39,2194.59,2023-04-29,2026-08-11,0,7,0,,Uptime is fine; performance on large filters could improve.
C00631,Vertex Digital Ltd,Logistics,EMEA,Starter,2,57.94,2024-02-11,2026-08-30,0,8,0,,Documentation is solid but a guided setup call would have helped.
C00632,Crescent Capital GmbH,Manufacturing,NA,Growth,32,1813.63,2023-11-02,2026-08-16,3,6,0,,Exports randomly fail with no error message.
C00633,Granite Digital,SaaS,APAC,Enterprise,403,32727.52,2025-04-18,2026-08-11,0,8,0,,Costs are acceptable for what we use today.
C00634,Beacon Foods,Retail,EMEA,Starter,10,281.5,2024-08-25,2026-07-31,8,3,1,Budget cuts,We pay for features we never use; the plan tiers make no sense.
C00635,Cascade Supply GmbH,SaaS,APAC,Starter,6,176.84,2024-06-26,2026-08-31,2,8,0,,"Support is okay, sometimes quick, sometimes slow."
C00636,Bluepeak Digital Inc,SaaS,NA,Growth,26,1516.87,2025-12-16,2026-08-28,1,9,0,,Custom roles and audit logs made our compliance team happy.
C00637,Falcon Logistics LLC,Education,NA,Starter,5,144.92,2024-05-12,2026-08-26,5,3,0,,Data was missing for two days and nobody told us why.
C00638,Crescent Health,Education,EMEA,Growth,16,937.8,2025-09-01,2026-07-18,0,8,0,,Would love a two-way calendar sync.
C00639,Solstice Systems LLC,Manufacturing,APAC,Growth,65,3745.37,2026-02-07,2026-08-14,1,6,0,,The API is rate limited so aggressively that our sync jobs fail nightly.
C00640,Summit Robotics GmbH,Media,NA,Growth,31,1789.8,2023-07-24,2026-08-27,0,9,0,,"Rock solid, we have never seen an outage. Keep up the great work."
C00641,Solstice Dynamics,Manufacturing,NA,Growth,34,1818.85,2025-08-08,2026-08-29,2,6,0,,We outgrew the product; it is fine for small teams but not for us. Would not recommend at this point.
C00642,Cascade Dynamics,Manufacturing,APAC,Growth,29,1590.55,2023-04-02,2026-08-28,1,4,0,,Missing basic features like bulk edit and custom roles.
C00643,Solstice Studio,SaaS,NA,Starter,11,309.92,2025-03-29,2026-08-26,0,10,0,,Easily worth the seat cost given the time saved.
C00644,Lumen Analytics,Fintech,NA,Starter,5,139.8,2023-10-15,2026-08-23,1,9,0,,Feature releases ship every month and they listen to feedback.
C00645,Ironclad Group,Healthcare,EMEA,Starter,13,389.54,2023-11-23,2026-08-15,5,3,0,,Data was missing for two days and nobody told us why.
C00646,Cascade Supply Ltd,Media,NA,Enterprise,316,27570.49,2025-12-23,2026-08-23,1,10,0,,Great templates got us started immediately.
C00647,Orbit Capital Ltd,SaaS,NA,Starter,12,333.65,2023-08-27,2026-08-15,3,4,0,,No phone support and email replies take forever.
C00648,Cascade Digital,Retail,NA,Starter,4,112.5,2024-10-20,2026-08-21,5,6,0,,Chat support only sends links to docs we have already read. Frustrating overall.
C00649,Beacon Software,Education,APAC,Starter,5,136.42,2025-09-23,2026-08-17,3,5,0,,Performance degraded badly as our dataset grew.
C00650,Silverlake Networks,SaaS,NA,Starter,10,291.56,2025-10-26,2026-08-23,0,8,0,,Covers our core needs; advanced reporting is limited.
C00651,Mosaic Analytics,Retail,EMEA,Starter,4,115.79,2023-09-19,2026-05-07,5,3,1,Missing features,Missing basic features like bulk edit and custom roles. Renewal is unlikely.
C00652,Beacon Partners,Media,LATAM,Growth,73,4131.94,2024-04-16,2026-08-31,6,3,0,,Exports randomly fail with no error message.
C00653,Ironclad Partners GmbH,Education,EMEA,Starter,9,266.19,2024-12-17,2026-05-17,2,8,1,Missing features,Feature set is competitive but not best in class. Some room for improvement.
C00654,Silverlake Learning,Fintech,EMEA,Growth,51,2866.67,2025-01-23,2026-08-21,3,4,0,,No phone support and email replies take forever. Renewal is unlikely.
C00655,Juniper Dynamics Inc,Media,EMEA,Starter,3,81.63,2023-07-28,2026-02-21,4,4,1,Low usage / no longer needed,Onboarding was confusing and we never really got set up properly. Would not recommend at this point.
C00656,Brightline Foods,Fintech,NA,Growth,18,1035.39,2025-01-28,2026-08-25,1,6,0,,Dashboards time out constantly when we filter more than a few weeks. Frustrating overall.
C00657,Solstice Group,Media,EMEA,Starter,4,120.4,2023-01-02,2026-08-27,4,10,0,,"Rock solid, we have never seen an outage. Keep up the great work."
C00658,Ember Capital GmbH,Fintech,LATAM,Growth,40,2147.52,2025-03-10,2026-07-23,2,8,0,,Would love a two-way calendar sync.
C00659,Stellar Systems,Healthcare,APAC,Enterprise,167,13138.16,2025-07-27,2026-08-20,0,9,0,,Fair pricing and no surprise fees.
C00660,Summit Studio Inc,Retail,NA,Starter,6,179.62,2024-08-22,2026-08-23,1,9,0,,"Great value for the price, especially on the annual plan."
C00661,Halcyon Group GmbH,Fintech,NA,Enterprise,266,21867.04,2023-11-10,2026-08-20,4,2,0,,Missing basic features like bulk edit and custom roles. Renewal is unlikely.
C00662,Beacon Digital Ltd,Media,APAC,Starter,9,272.09,2023-11-02,2026-03-28,5,6,1,Low usage / no longer needed,The setup wizard failed twice and we gave up on the advanced features.
C00663,Mosaic Logistics,SaaS,NA,Growth,34,1864.21,2025-05-30,2026-05-24,1,9,1,Switched to competitor,Connected to Snowflake in an afternoon.
C00664,Orbit Partners,SaaS,APAC,Growth,51,2767.34,2024-06-30,2026-08-14,1,4,0,,SSO setup with Okta took three support tickets to get working. We are evaluating alternatives.
C00665,Cascade Systems Ltd,Fintech,NA,Starter,9,275.23,2026-03-31,2026-08-28,2,10,0,,"Great value for the price, especially on the annual plan. Highly recommended."
C00666,Crescent Logistics Co,Education,EMEA,Starter,7,192.42,2026-05-28,2026-08-16,1,8,0,,"Setup took longer than expected, mostly on our side. Some room for improvement."
C00667,Pioneer Analytics,Manufacturing,APAC,Starter,4,122.65,2024-07-08,2026-04-26,5,2,1,Low usage / no longer needed,It took weeks to import our data and the docs were out of date. Renewal is unlikely.
C00668,Beacon Networks,Logistics,EMEA,Growth,77,4116.94,2023-12-14,2026-07-03,1,9,0,,"Great value for the price, especially on the annual plan."
C00669,Keystone Networks,Fintech,NA,Starter,6,175.13,2025-11-02,2026-08-27,3,5,0,,The roadmap items we were promised never shipped. Would not recommend at this point.
C00670,Keystone Robotics Ltd,Retail,APAC,Enterprise,381,32281.5,2025-07-13,2026-08-18,0,6,0,,No phone support and email replies take forever. We are evaluating alternatives.
C00671,Silverlake Foods,SaaS,NA,Starter,4,114.02,2023-07-29,2026-08-11,1,7,0,,We are still ramping up usage across the team. We will see how the next release goes.
C00672,Sable Logistics,Healthcare,NA,Enterprise,131,10687.6,2026-04-20,2026-08-13,0,9,0,,Onboarding was smooth and the whole team was productive in a week. Keep up the great work.
C00673,Frontier Networks GmbH,Logistics,EMEA,Starter,4,114.28,2023-09-13,2026-08-27,3,4,0,,We pay for features we never use; the plan tiers make no sense. Would not recommend at this point.
C00674,Cascade Partners,Education,NA,Growth,47,2474.23,2024-12-23,2026-08-18,1,7,0,,"The Slack integration is handy, the HubSpot one is limited. Some room for improvement."
C00675,Northwind Works LLC,Healthcare,EMEA,Starter,5,156.38,2023-08-27,2026-03-29,2,5,1,Missing features,We outgrew the product; it is fine for small teams but not for us.
C00676,Orbit Networks GmbH,Retail,NA,Starter,7,199.09,2024-09-16,2026-08-31,2,6,0,,Response times got noticeably worse over the last quarter.
C00677,Vertex Supply,Logistics,NA,Starter,4,121.38,2025-03-08,2026-08-11,2,8,0,,Would prefer usage-based pricing over per-seat. Happy enough to stay for now.
C00678,Northwind Studio Ltd,Retail,APAC,Growth,56,3198.97,2023-06-04,2026-08-21,1,8,0,,Setup for SSO was fiddly but works now. Overall it is fine.
C00679,Copperfield Group,SaaS,NA,Starter,2,58.84,2023-11-27,2026-08-22,3,5,0,,We had three outages in one month during peak hours. We are evaluating alternatives.
C00680,Riverbend Group Inc,Retail,EMEA,Growth,34,1855.46,2025-08-19,2026-08-19,3,3,0,,Pricing jumped at renewal and nobody warned us.
C00681,Quantum Health GmbH,SaaS,EMEA,Enterprise,63,5845.37,2026-05-04,2026-08-28,1,8,0,,"Our account manager is responsive, tier-1 support less so. We will see how the next release goes."
C00682,Silverlake Analytics Ltd,SaaS,APAC,Starter,8,237.31,2026-03-09,2026-08-13,2,7,0,,"Does what it says, nothing spectacular. Overall it is fine."
C00683,Summit Networks Ltd,SaaS,EMEA,Starter,2,58.23,2025-08-17,2026-08-23,1,7,0,,Would like more flexible billing for seasonal staff.
C00684,Sable Learning Co,Retail,APAC,Starter,13,353.37,2026-06-05,2026-08-05,2,7,0,,Setup for SSO was fiddly but works now. We will see how the next release goes.
C00685,Vertex Logistics LLC,Healthcare,NA,Starter,5,134.45,2023-07-30,2026-06-05,2,4,1,Switched to competitor,The forecasting module is too simplistic for our use case.
C00686,Tidewater Systems Co,Fintech,NA,Growth,29,1814.28,2023-09-15,2026-07-03,6,4,1,Budget cuts,Reporting is too rigid; we ended up exporting to spreadsheets anyway. It has been a disappointing year.
C00687,Granite Logistics GmbH,Retail,LATAM,Growth,41,2012.58,2024-06-01,2026-08-13,1,7,0,,We like the dashboards but want more automation.
C00688,Solstice Works Inc,Logistics,APAC,Starter,2,58.45,2026-03-19,2026-03-23,5,3,1,Switched to competitor,Reporting is too rigid; we ended up exporting to spreadsheets anyway.
C00689,Zenith Studio,Manufacturing,EMEA,Starter,11,316.0,2025-10-16,2026-08-29,3,7,0,,"Our account manager is responsive, tier-1 support less so. Overall it is fine."
C00690,Juniper Learning GmbH,Healthcare,EMEA,Growth,48,2650.7,2024-04-17,2026-08-23,5,5,0,,Exports randomly fail with no error message.
C00691,Beacon Media Inc,Fintech,EMEA,Starter,7,193.74,2023-01-21,2026-08-22,1,7,0,,"The annual discount helped, monthly pricing feels steep."
C00692,Ironclad Retail Inc,Media,NA,Growth,23,1376.03,2025-03-01,2026-08-20,0,8,0,,"Fine for simple questions, weaker on technical issues. Happy enough to stay for now."
C00693,Windmill Partners GmbH,Fintech,APAC,Enterprise,325,27574.12,2024-01-30,2026-08-20,0,7,0,,It does the job; adoption is growing slowly. Happy enough to stay for now.
C00694,Juniper Group GmbH,Fintech,APAC,Starter,10,322.03,2023-10-13,2026-04-10,3,6,1,Switched to competitor,"A competitor offered everything we needed at a lower price, so we switched."
C00695,Redwood Systems,Media,EMEA,Growth,34,1875.28,2023-10-01,2026-06-28,5,5,0,,SSO setup with Okta took three support tickets to get working. Frustrating overall.
C00696,Brightline Media GmbH,Healthcare,NA,Growth,19,1181.45,2023-11-13,2026-08-25,1,6,0,,Reporting is too rigid; we ended up exporting to spreadsheets anyway.
C00697,Zenith Networks Inc,Manufacturing,NA,Growth,23,1275.65,2024-02-12,2026-08-17,1,7,0,,Support quality varies a lot depending on who picks up the ticket.
C00698,Windmill Labs LLC,Healthcare,NA,Growth,58,3312.32,2025-02-28,2026-08-11,4,4,0,,Dashboards time out constantly when we filter more than a few weeks.
C00699,Silverlake Capital Co,Education,EMEA,Growth,20,1190.68,2023-07-28,2026-08-29,1,10,0,,Great templates got us started immediately. Keep up the great work.
C00700,Bluepeak Capital,Fintech,EMEA,Growth,52,2884.03,2024-09-10,2026-08-21,2,7,0,,Reports are a bit slow at month end.
C00701,Atlas Health,Fintech,NA,Growth,29,1730.41,2026-03-21,2026-08-29,1,9,0,,Adoption was instant; people actually enjoy using it.
C00702,Cascade Labs,Fintech,EMEA,Growth,43,2520.45,2026-05-15,2026-08-14,1,7,0,,We are on the fence at renewal because of the price increase.
C00703,Aurora Group,SaaS,LATAM,Growth,61,3381.22,2025-11-24,2026-08-14,1,7,0,,"Decent value, though we keep an eye on seat costs."
C00704,Oakridge Capital Co,Media,NA,Growth,50,2657.45,2023-12-04,2026-08-11,2,9,0,,Budget approval was easy because the ROI is obvious.
C00705,Summit Logistics Co,Fintech,EMEA,Starter,6,169.71,2023-07-06,2026-08-12,1,7,0,,Reports are a bit slow at month end.
C00706,Windmill Labs Inc,Healthcare,EMEA,Enterprise,280,24332.13,2026-01-25,2026-08-14,2,6,0,,Our budget was cut and the platform was the first thing to go. Frustrating overall.
C00707,Copperfield Partners,Manufacturing,NA,Starter,5,147.6,2024-05-30,2026-08-02,3,7,0,,Would like faster responses on weekends.
C00708,Summit Networks,Manufacturing,EMEA,Starter,8,217.8,2024-08-10,2026-08-23,10,0,0,,No phone support and email replies take forever.
C00709,Falcon Digital,Retail,EMEA,Starter,5,147.98,2024-06-27,2026-08-30,3,8,0,,The mobile app lags behind the web app. Some room for improvement.
C00710,Lumen Analytics,Retail,NA,Starter,7,194.21,2023-06-21,2026-08-27,3,7,0,,Pricing is fair but the Growth tier is a big jump from Starter. We will see how the next release goes.
C00711,Tidewater Dynamics,Logistics,NA,Growth,53,2959.09,2025-07-09,2026-07-09,1,6,0,,Chat support only sends links to docs we have already read. Frustrating overall.
C00712,Redwood Retail Co,Education,APAC,Starter,4,112.26,2023-11-02,2026-08-15,5,10,0,,The platform is fast and stable; no complaints.
C00713,Solstice Supply Inc,Manufacturing,NA,Growth,24,1400.06,2023-10-25,2026-08-13,1,6,0,,Too expensive compared with the alternatives we evaluated. Would not recommend at this point.
C00714,Quantum Supply Ltd,Media,EMEA,Growth,28,1616.0,2025-08-22,2026-08-19,3,5,0,,Zapier is the only integration path and it is flaky. Renewal is unlikely.
C00715,Brightline Logistics Ltd,Manufacturing,EMEA,Starter,5,153.81,2025-06-28,2026-03-30,5,5,1,Too expensive,Our budget was cut and the platform was the first thing to go. Renewal is unlikely.
C00716,Falcon Media,SaaS,APAC,Starter,3,88.4,2025-11-20,2026-03-25,6,4,1,Integration gaps,We opened four tickets for the same bug and got four different answers.
C00717,Redwood Media Co,Healthcare,EMEA,Growth,47,2708.98,2025-06-20,2026-02-18,2,6,1,Onboarding too complex,The setup wizard failed twice and we gave up on the advanced features. We are evaluating alternatives.
C00718,Stellar Studio Ltd,SaaS,APAC,Growth,49,3000.0,2023-02-20,2026-08-15,4,5,0,,No phone support and email replies take forever.
C00719,Foxglove Analytics GmbH,Education,EMEA,Starter,9,261.49,2024-06-16,2026-08-14,1,6,0,,The Salesforce integration breaks every other week.
C00720,Vertex Group Co,Logistics,NA,Starter,5,153.71,2024-06-07,2026-07-23,1,7,0,,The mobile app lags behind the web app.
C00721,Lumen Robotics,Retail,NA,Starter,13,366.45,2024-02-15,2026-08-24,2,7,0,,"The annual discount helped, monthly pricing feels steep."
C00722,Atlas Partners,Retail,NA,Starter,4,121.82,2024-09-22,2026-05-26,0,7,1,Switched to competitor,"Solid basics, some rough edges in the admin console."
C00723,Zenith Group,SaaS,NA,Starter,6,168.38,2024-09-26,2026-08-14,3,6,0,,Frequent logouts and stale sessions made it unusable for the field team.
C00724,Mosaic Works,Logistics,NA,Enterprise,117,9838.3,2025-02-23,2026-08-21,1,7,0,,It does the job; adoption is growing slowly.
C00725,Cascade Labs Inc,SaaS,NA,Starter,5,148.11,2026-05-09,2026-08-15,2,8,0,,"Mostly stable, with the occasional slow dashboard."
C00726,Halcyon Digital Ltd,SaaS,NA,Starter,8,238.44,2025-04-10,2026-08-19,2,7,0,,"Decent value, though we keep an eye on seat costs."
C00727,Stellar Studio,Fintech,NA,Enterprise,201,16053.18,2026-04-05,2026-08-12,3,6,0,,Chat support only sends links to docs we have already read.
C00728,Foxglove Robotics,SaaS,NA,Growth,50,2648.35,2025-11-25,2026-08-24,1,8,0,,Integrations cover the basics; we still miss a native Jira connector.
C00729,Meridian Group Ltd,Retail,APAC,Starter,10,297.09,2025-07-25,2026-08-28,0,10,0,,"We were live in two days, which is unheard of for us. Highly recommended."
C00730,Crescent Studio GmbH,Retail,EMEA,Growth,47,2540.96,2023-12-15,2026-08-24,3,6,0,,No phone support and email replies take forever.
C00731,Lumen Foods,Fintech,APAC,Enterprise,117,9295.24,2025-01-07,2026-08-27,2,8,0,,"The Slack integration is handy, the HubSpot one is limited."
C00732,Nimbus Partners Inc,SaaS,EMEA,Starter,6,173.51,2023-05-23,2026-08-16,6,4,0,,Onboarding was confusing and we never really got set up properly. It has been a disappointing year.
C00733,Halcyon Logistics,SaaS,APAC,Starter,5,144.31,2026-03-24,2026-08-28,1,10,0,,It became part of our daily workflow almost immediately.
C00734,Ember Systems Co,Retail,APAC,Enterprise,236,19999.94,2023-08-26,2026-08-23,0,10,0,,Reliable exports and fast reports every time.
C00735,Granite Analytics Ltd,SaaS,NA,Growth,23,1385.73,2023-11-01,2026-06-05,1,5,0,,Response times got noticeably worse over the last quarter. Renewal is unlikely.
C00736,Aurora Capital LLC,Education,LATAM,Enterprise,252,21600.78,2026-04-10,2026-08-23,2,7,0,,The help center is good; live support is average.
C00737,Copperfield Learning,SaaS,NA,Starter,9,252.98,2023-06-05,2026-08-17,0,8,0,,Good enough integration options for our stack.
C00738,Mosaic Health,Fintech,EMEA,Enterprise,144,11918.47,2024-11-28,2026-08-25,1,7,0,,"The annual discount helped, monthly pricing feels steep. Overall it is fine."
C00739,Frontier Studio GmbH,Retail,APAC,Starter,4,120.3,2025-01-03,2026-05-18,6,4,1,Poor support experience,Honestly we barely used it; it never became part of our workflow. Would not recommend at this point.
C00740,Halcyon Foods GmbH,Retail,NA,Growth,26,1500.67,2023-10-07,2026-08-15,2,7,0,,"Does what it says, nothing spectacular."
C00741,Windmill Studio,SaaS,EMEA,Enterprise,304,25177.32,2024-05-12,2026-08-30,0,7,0,,Costs are acceptable for what we use today.
C00742,Cascade Media LLC,SaaS,NA,Starter,7,190.79,2025-09-29,2026-04-01,3,7,1,Switched to competitor,Tickets get resolved eventually but it takes follow-ups.
C00743,Mosaic Dynamics Ltd,Media,NA,Starter,9,260.7,2025-06-26,2026-08-22,3,5,0,,We were never shown how to use the reporting module. Frustrating overall.
C00744,Zenith Software,SaaS,NA,Growth,64,3560.18,2025-01-19,2026-08-28,3,5,0,,Performance degraded badly as our dataset grew.
C00745,Keystone Retail Ltd,Retail,NA,Enterprise,197,15267.6,2024-11-25,2026-08-16,0,6,0,,We opened four tickets for the same bug and got four different answers.
C00746,Summit Media Inc,Retail,NA,Starter,4,111.03,2024-04-13,2026-07-02,4,7,1,Company downsized,Costs are acceptable for what we use today. Happy enough to stay for now.
C00747,Crescent Health,Fintech,EMEA,Enterprise,273,21666.5,2025-03-06,2026-04-05,2,4,1,Missing features,The forecasting module is too simplistic for our use case.
C00748,Sable Software GmbH,Retail,EMEA,Starter,8,239.32,2023-01-24,2026-05-27,8,2,1,Company downsized,Overage charges were a nasty surprise on the invoice. We are evaluating alternatives.
C00749,Lumen Learning LLC,Manufacturing,EMEA,Starter,9,241.04,2023-03-31,2026-08-22,0,9,0,,Our account manager proactively checks in every month. We plan to add more seats next quarter.
C00750,Meridian Analytics Inc,Media,EMEA,Starter,3,86.73,2025-09-25,2026-08-26,2,9,0,,The Enterprise plan pays for itself in saved hours.
C00751,Oakridge Learning,Fintech,NA,Enterprise,249,21555.01,2023-08-11,2026-08-20,1,7,0,,The mobile app lags behind the web app.
C00752,Juniper Software Co,Fintech,NA,Starter,5,146.09,2025-07-04,2026-08-27,4,3,0,,The per-seat model punishes us every time we onboard a contractor.
C00753,Nimbus Learning Ltd,Fintech,APAC,Growth,37,1994.46,2023-01-21,2026-08-16,1,5,0,,Reporting is too rigid; we ended up exporting to spreadsheets anyway.
C00754,Cobalt Studio Inc,Retail,APAC,Starter,5,147.01,2023-12-01,2026-07-04,7,6,1,Poor support experience,The per-seat model punishes us every time we onboard a contractor.
C00755,Juniper Dynamics Co,Education,NA,Enterprise,190,16651.69,2026-04-12,2026-08-30,1,9,0,,Feature releases ship every month and they listen to feedback. Would buy again without hesitation.
C00756,Stellar Health,Fintech,NA,Growth,48,2622.42,2023-12-05,2026-08-23,3,6,0,,Escalations go nowhere; we had to chase our account manager repeatedly.
C00757,Silverlake Learning GmbH,Fintech,APAC,Starter,9,237.63,2026-06-07,2026-06-23,5,4,1,Poor support experience,Response times got noticeably worse over the last quarter. We are evaluating alternatives.
C00758,Juniper Studio Co,Logistics,APAC,Starter,7,212.32,2023-12-13,2026-08-25,0,7,0,,"Good product, waiting on the custom fields feature."
C00759,Crescent Supply Co,SaaS,NA,Starter,6,176.79,2025-03-22,2026-08-23,1,8,0,,Setup for SSO was fiddly but works now.
C00760,Cobalt Media,Retail,NA,Starter,5,144.81,2025-05-05,2026-02-23,5,5,1,Company downsized,It took weeks to import our data and the docs were out of date.
C00761,Northwind Robotics,Education,NA,Growth,39,1970.42,2025-03-19,2026-08-01,2,7,0,,"Solid basics, some rough edges in the admin console."
C00762,Halcyon Analytics GmbH,SaaS,EMEA,Growth,62,3361.35,2024-01-11,2026-08-18,3,7,0,,"Mostly stable, with the occasional slow dashboard."
C00763,Juniper Networks,SaaS,APAC,Starter,1,27.98,2025-08-26,2026-08-18,2,5,0,,The Salesforce integration breaks every other week. Renewal is unlikely.
C00764,Crescent Group,SaaS,EMEA,Growth,57,2975.43,2024-02-01,2026-08-15,1,8,0,,Documentation is solid but a guided setup call would have helped.
C00765,Cobalt Analytics,Logistics,NA,Starter,2,57.68,2025-11-05,2026-08-20,1,7,0,,Reports are a bit slow at month end.
C00766,Stellar Logistics LLC,SaaS,EMEA,Starter,4,113.51,2024-04-25,2026-08-22,1,7,0,,"Fine for simple questions, weaker on technical issues."
C00767,Beacon Dynamics Ltd,SaaS,APAC,Starter,3,85.36,2025-12-03,2026-08-29,4,6,0,,We outgrew the product; it is fine for small teams but not for us.
C00768,Oakridge Partners GmbH,SaaS,EMEA,Starter,3,89.57,2026-06-04,2026-08-31,1,9,0,,It became part of our daily workflow almost immediately.
C00769,Sable Labs Ltd,SaaS,APAC,Growth,24,1430.48,2025-08-21,2026-08-30,1,9,0,,Pricing is transparent and scales sensibly with our team.
C00770,Beacon Partners Ltd,Healthcare,NA,Starter,7,198.98,2024-08-10,2026-06-19,0,9,0,,Fair pricing and no surprise fees.
C00771,Vertex Robotics Co,Fintech,NA,Growth,58,3103.23,2024-06-23,2026-08-22,1,8,0,,Would love a two-way calendar sync. Overall it is fine.
C00772,Granite Robotics Inc,Healthcare,EMEA,Starter,7,199.31,2024-04-26,2026-08-14,1,9,0,,The Enterprise plan pays for itself in saved hours.
C00773,Nimbus Foods Ltd,Healthcare,EMEA,Growth,26,1518.82,2024-03-24,2026-08-12,2,9,0,,Powerful yet simple; it grows with us.
C00774,Keystone Robotics Co,Media,LATAM,Starter,2,59.35,2024-08-22,2026-06-16,2,6,0,,Data was missing for two days and nobody told us why. Frustrating overall.
C00775,Frontier Software Inc,SaaS,EMEA,Growth,32,1682.62,2024-09-11,2026-08-27,1,7,0,,Documentation is solid but a guided setup call would have helped.
C00776,Solstice Group Inc,Media,NA,Starter,7,214.84,2025-07-06,2026-08-14,1,9,0,,Onboarding was smooth and the whole team was productive in a week.
C00777,Sable Works,Healthcare,NA,Starter,3,89.04,2026-02-09,2026-08-14,7,3,0,,We outgrew the product; it is fine for small teams but not for us. Frustrating overall.
C00778,Orbit Works,SaaS,EMEA,Starter,5,129.12,2026-02-01,2026-05-16,0,6,1,Onboarding too complex,Onboarding was confusing and we never really got set up properly. Renewal is unlikely.
C00779,Ironclad Retail,Manufacturing,NA,Growth,55,3028.15,2025-02-09,2026-08-15,0,8,0,,Documentation is solid but a guided setup call would have helped. We will see how the next release goes.
C00780,Meridian Media,Media,EMEA,Growth,27,1659.32,2026-06-18,2026-06-19,0,6,1,Poor support experience,Support tickets sit for days before anyone replies. Frustrating overall.
C00781,Aurora Learning Co,Fintech,NA,Starter,14,412.31,2026-02-14,2026-02-15,3,6,1,Low usage / no longer needed,Half the team stopped logging in after the first month.
C00782,Solstice Learning,Logistics,NA,Growth,26,1508.7,2024-09-12,2026-08-18,3,6,0,,The support team is friendly but never actually fixes anything. It has been a disappointing year.
C00783,Redwood Networks Ltd,Retail,EMEA,Growth,43,2353.64,2024-06-10,2026-03-14,7,3,1,Onboarding too complex,Adoption stalled because the learning curve is steep.
C00784,Beacon Robotics,Healthcare,NA,Growth,79,4365.65,2024-08-10,2026-06-12,3,8,0,,"Most of the team uses it weekly, a few power users daily."
C00785,Meridian Supply Co,Logistics,EMEA,Growth,19,1155.51,2023-01-30,2026-08-23,3,7,0,,"Mostly stable, with the occasional slow dashboard. Happy enough to stay for now."
C00786,Cobalt Health Ltd,Retail,EMEA,Starter,6,164.15,2024-02-26,2026-07-10,1,6,1,Missing features,The roadmap items we were promised never shipped. Frustrating overall.
C00787,Keystone Supply Ltd,Manufacturing,EMEA,Growth,45,2409.39,2024-05-03,2026-08-27,1,7,0,,Would like faster responses on weekends.
C00788,Foxglove Partners Inc,Fintech,EMEA,Growth,36,2104.79,2025-09-21,2026-08-12,0,8,0,,We are on the fence at renewal because of the price increase. Overall it is fine.
C00789,Ember Health Ltd,Manufacturing,APAC,Growth,30,1772.33,2023-12-02,2026-03-16,0,6,1,Low usage / no longer needed,Half the team stopped logging in after the first month. Would not recommend at this point.
C00790,Frontier Digital Co,Healthcare,APAC,Starter,2,61.54,2025-04-16,2026-08-23,3,8,0,,We are still ramping up usage across the team.
C00791,Silverlake Analytics GmbH,SaaS,NA,Growth,48,2948.29,2024-02-16,2026-08-12,6,5,0,,Escalations go nowhere; we had to chase our account manager repeatedly. We are evaluating alternatives.
C00792,Frontier Software Ltd,Retail,NA,Starter,5,142.15,2024-04-08,2026-08-14,4,5,0,,Response times got noticeably worse over the last quarter. Renewal is unlikely.
C00793,Halcyon Works,Fintech,EMEA,Growth,37,1932.96,2023-03-29,2026-07-19,2,7,1,Low usage / no longer needed,"Most of the team uses it weekly, a few power users daily."
C00794,Brightline Systems,SaaS,EMEA,Starter,8,229.54,2024-10-23,2026-08-11,0,8,0,,"Does what it says, nothing spectacular. Overall it is fine."
C00795,Juniper Systems,SaaS,EMEA,Starter,4,121.1,2023-05-05,2026-08-17,0,7,0,,Reports are a bit slow at month end.
C00796,Crescent Works Co,Fintech,EMEA,Growth,51,2937.05,2023-09-20,2026-03-21,6,5,1,Poor support experience,"No audit log, which our compliance team requires. It has been a disappointing year."
C00797,Redwood Digital,SaaS,APAC,Enterprise,148,13586.03,2024-10-02,2026-08-14,2,8,0,,Useful tool; the roadmap looks promising. Overall it is fine.
C00798,Atlas Works LLC,SaaS,NA,Starter,13,376.44,2025-06-04,2026-08-12,1,9,0,,Reliable exports and fast reports every time.
C00799,Quantum Systems,Education,EMEA,Growth,47,2629.24,2024-05-30,2026-08-11,1,8,0,,The mobile app lags behind the web app.
C00800,Atlas Health GmbH,Education,NA,Growth,72,3838.16,2023-11-18,2026-08-16,0,10,0,,Support even helped us design our dashboards.
C00801,Frontier Learning Co,Manufacturing,NA,Enterprise,127,9615.36,2026-02-18,2026-08-11,1,9,0,,It became part of our daily workflow almost immediately.
C00802,Falcon Logistics GmbH,Fintech,EMEA,Growth,52,2848.71,2024-03-22,2026-08-15,2,7,0,,"Decent value, though we keep an eye on seat costs. Overall it is fine."
C00803,Keystone Partners,Media,EMEA,Starter,6,165.97,2024-02-14,2026-08-26,3,5,0,,Response times got noticeably worse over the last quarter.
C00804,Beacon Health Inc,Healthcare,NA,Starter,2,59.49,2023-03-28,2026-06-10,5,8,0,,Uptime is fine; performance on large filters could improve.
C00805,Vertex Health GmbH,SaaS,APAC,Growth,16,872.96,2024-03-25,2026-04-08,1,5,1,Onboarding too complex,Adoption stalled because the learning curve is steep. It has been a disappointing year.
C00806,Redwood Labs LLC,SaaS,APAC,Starter,7,197.0,2023-10-08,2026-08-28,3,9,0,,The platform is fast and stable; no complaints. We plan to add more seats next quarter.
C00807,Granite Robotics,Education,EMEA,Enterprise,289,24579.74,2024-03-27,2026-08-17,0,8,0,,The API works but the docs could be clearer. Happy enough to stay for now.
C00808,Redwood Robotics Ltd,SaaS,LATAM,Enterprise,250,21350.84,2023-09-06,2026-08-22,2,9,0,,Plays nicely with every tool in our stack.
C00809,Riverbend Learning Ltd,Retail,NA,Enterprise,145,12178.6,2023-09-08,2026-08-20,0,9,0,,"We were live in two days, which is unheard of for us."
C00810,Northwind Dynamics,Logistics,APAC,Starter,8,249.33,2025-07-27,2026-07-12,9,1,1,Missing features,The forecasting module is too simplistic for our use case. It has been a disappointing year.
C00811,Keystone Partners,SaaS,NA,Growth,50,2915.73,2024-08-28,2026-08-25,3,7,0,,"Mostly stable, with the occasional slow dashboard."
C00812,Cobalt Robotics Co,SaaS,NA,Growth,42,2241.46,2025-06-05,2026-08-16,1,7,0,,Good enough integration options for our stack. Happy enough to stay for now.
C00813,Vertex Works Inc,Logistics,NA,Starter,6,185.2,2025-01-05,2026-08-17,3,5,0,,The price per seat is hard to justify for a team our size. Frustrating overall.
C00814,Copperfield Capital GmbH,Healthcare,NA,Starter,12,372.53,2024-11-17,2026-08-13,1,6,0,,We opened four tickets for the same bug and got four different answers. It has been a disappointing year.
C00815,Ember Dynamics,SaaS,EMEA,Starter,11,317.42,2024-08-18,2026-08-14,4,6,0,,No phone support and email replies take forever. Would not recommend at this point.
C00816,Northwind Logistics LLC,Media,NA,Starter,3,87.16,2024-05-08,2026-08-12,2,3,0,,Overage charges were a nasty surprise on the invoice. We are evaluating alternatives.
C00817,Granite Digital Inc,Media,EMEA,Enterprise,424,35607.21,2023-12-01,2026-08-27,3,8,0,,Uptime is fine; performance on large filters could improve.
C00818,Bluepeak Software GmbH,Healthcare,NA,Enterprise,318,26069.3,2026-02-08,2026-08-25,2,5,0,,SSO setup with Okta took three support tickets to get working. We are evaluating alternatives.
C00819,Cobalt Digital GmbH,Healthcare,NA,Starter,3,85.1,2024-06-06,2026-05-18,3,5,1,Integration gaps,"No native Slack or HubSpot connector, so we had to build our own. We are evaluating alternatives."
C00820,Vertex Group Inc,Fintech,LATAM,Growth,18,1118.04,2026-02-02,2026-02-17,3,5,1,Switched to competitor,Performance degraded badly as our dataset grew. Frustrating overall.
C00821,Juniper Robotics,SaaS,EMEA,Starter,5,147.54,2025-09-07,2026-06-21,0,8,0,,We like the dashboards but want more automation.
C00822,Granite Foods,Healthcare,LATAM,Starter,7,198.5,2025-02-08,2026-08-28,2,5,0,,SSO setup with Okta took three support tickets to get working. It has been a disappointing year.
C00823,Foxglove Retail Inc,Fintech,EMEA,Starter,7,195.48,2025-12-11,2026-06-08,1,10,1,Low usage / no longer needed,"We were live in two days, which is unheard of for us. Highly recommended."
C00824,Sable Health,Education,NA,Growth,39,2075.04,2025-04-19,2026-08-24,0,8,0,,Good enough integration options for our stack.
C00825,Bluepeak Works,Media,EMEA,Growth,48,2616.5,2025-11-06,2026-08-12,2,7,0,,Documentation is solid but a guided setup call would have helped.
C00826,Windmill Works,SaaS,EMEA,Enterprise,108,9420.16,2025-10-13,2026-08-26,2,5,0,,Overage charges were a nasty surprise on the invoice. Frustrating overall.
C00827,Zenith Digital GmbH,Healthcare,NA,Enterprise,117,9506.83,2025-04-04,2026-08-20,0,9,0,,Cheaper than what we replaced and far more capable.
C00828,Cascade Partners,Fintech,APAC,Starter,4,120.18,2025-07-11,2026-01-14,1,10,1,Integration gaps,We sync with our warehouse nightly and it mostly works.
C00829,Riverbend Supply Inc,Media,EMEA,Growth,22,1308.23,2025-11-09,2026-08-23,0,10,0,,Fair pricing and no surprise fees. Highly recommended.
C00830,Redwood Supply Inc,Fintech,EMEA,Starter,12,349.99,2023-10-14,2026-08-26,1,6,0,,Missing basic features like bulk edit and custom roles.
C00831,Summit Robotics Ltd,Healthcare,EMEA,Starter,5,150.95,2026-01-23,2026-08-21,1,7,0,,"Solid basics, some rough edges in the admin console. Overall it is fine."
C00832,Quantum Software Ltd,Healthcare,EMEA,Growth,31,1758.35,2024-10-04,2026-08-31,2,5,0,,The price per seat is hard to justify for a team our size.
C00833,Cascade Retail LLC,Retail,NA,Starter,10,273.71,2023-06-06,2026-06-20,1,9,0,,Plays nicely with every tool in our stack.
C00834,Falcon Group,Education,LATAM,Starter,10,277.43,2023-07-13,2026-08-26,2,5,0,,We opened four tickets for the same bug and got four different answers. We are evaluating alternatives.
C00835,Bluepeak Health Ltd,Education,NA,Starter,3,86.2,2025-08-15,2026-08-15,2,6,0,,Exports randomly fail with no error message.
C00836,Riverbend Software GmbH,Healthcare,NA,Starter,4,117.65,2025-10-29,2026-08-29,1,9,0,,Dashboards load instantly even on huge datasets. We plan to add more seats next quarter.
C00837,Zenith Robotics Ltd,Manufacturing,NA,Enterprise,218,19346.01,2025-04-14,2026-08-15,3,5,0,,We opened four tickets for the same bug and got four different answers. It has been a disappointing year.
C00838,Zenith Media,Logistics,EMEA,Starter,4,116.3,2025-04-13,2026-05-05,3,5,1,Poor support experience,Half the team stopped logging in after the first month. Renewal is unlikely.
C00839,Halcyon Dynamics,Retail,LATAM,Growth,36,2109.93,2026-01-09,2026-08-23,0,9,0,,Every ticket we raised was resolved the same day.
C00840,Frontier Systems,Retail,APAC,Enterprise,101,8258.9,2026-06-03,2026-08-22,4,5,0,,Reporting is too rigid; we ended up exporting to spreadsheets anyway.
C00841,Oakridge Partners,SaaS,EMEA,Growth,30,1731.94,2025-11-27,2026-08-11,4,5,0,,Escalations go nowhere; we had to chase our account manager repeatedly. We are evaluating alternatives.
C00842,Aurora Health Co,Manufacturing,LATAM,Starter,11,315.1,2023-06-24,2026-06-29,1,7,0,,Would prefer usage-based pricing over per-seat.
C00843,Halcyon Works LLC,Healthcare,EMEA,Enterprise,421,34269.07,2025-10-20,2026-08-18,0,7,0,,Setup for SSO was fiddly but works now. Overall it is fine.
C00844,Ember Software,Retail,NA,Starter,5,151.72,2024-10-12,2026-08-12,6,6,0,,We had three outages in one month during peak hours. It has been a disappointing year.
C00845,Meridian Partners,SaaS,EMEA,Starter,10,257.87,2025-10-15,2026-08-13,3,6,0,,Escalations go nowhere; we had to chase our account manager repeatedly. We are evaluating alternatives.
C00846,Aurora Retail LLC,Media,NA,Growth,57,3064.59,2025-07-12,2026-08-27,1,9,0,,Reliable exports and fast reports every time. We plan to add more seats next quarter.
C00847,Juniper Systems Inc,Retail,NA,Starter,6,181.99,2025-05-14,2026-08-23,2,6,0,,"No audit log, which our compliance team requires. Renewal is unlikely."
C00848,Harbor Foods,Education,NA,Growth,21,1223.52,2026-01-11,2026-08-30,0,9,0,,Easily worth the seat cost given the time saved. Highly recommended.
C00849,Copperfield Logistics Inc,SaaS,NA,Starter,6,181.47,2023-07-12,2026-06-12,4,6,0,,Exports randomly fail with no error message.
C00850,Falcon Robotics Inc,Logistics,LATAM,Growth,49,2924.98,2025-12-24,2026-06-11,0,8,0,,"Mostly stable, with the occasional slow dashboard."
C00851,Lumen Works,SaaS,LATAM,Growth,50,2752.32,2024-03-19,2026-08-31,1,6,0,,Pricing jumped at renewal and nobody warned us.
C00852,Lumen Digital Ltd,SaaS,NA,Enterprise,248,21844.99,2023-09-15,2026-08-21,0,5,0,,Our budget was cut and the platform was the first thing to go.
C00853,Halcyon Works Co,Media,EMEA,Starter,11,349.87,2025-07-07,2026-01-28,9,3,1,Integration gaps,SSO setup with Okta took three support tickets to get working. Renewal is unlikely.
C00854,Granite Group,Logistics,NA,Starter,6,176.8,2026-06-07,2026-08-12,1,8,0,,Tickets get resolved eventually but it takes follow-ups. Some room for improvement.
C00855,Zenith Group GmbH,SaaS,NA,Enterprise,89,8178.48,2023-04-23,2026-06-04,0,8,0,,"The annual discount helped, monthly pricing feels steep."
C00856,Vertex Dynamics GmbH,Retail,NA,Growth,32,1819.22,2026-06-06,2026-07-03,1,8,0,,We are still ramping up usage across the team.
C00857,Evergreen Analytics LLC,Manufacturing,NA,Starter,9,273.36,2024-03-13,2026-07-18,0,7,0,,"The annual discount helped, monthly pricing feels steep."
C00858,Ironclad Works,Media,NA,Starter,6,173.73,2026-05-21,2026-05-22,3,3,1,Switched to competitor,"A competitor offered everything we needed at a lower price, so we switched."
C00859,Pioneer Networks Ltd,Retail,NA,Growth,36,1937.09,2023-03-04,2026-08-25,2,9,0,,The support team clearly knows the product inside out.
C00860,Evergreen Partners,Retail,NA,Growth,20,1261.06,2025-02-21,2026-08-30,3,8,0,,The help center is good; live support is average. Some room for improvement.
C00861,Quantum Media GmbH,Manufacturing,NA,Growth,22,1283.95,2024-11-12,2026-07-17,2,5,0,,SSO setup with Okta took three support tickets to get working. Would not recommend at this point.
C00862,Cascade Analytics LLC,Manufacturing,APAC,Enterprise,188,16575.6,2025-11-27,2026-08-11,0,10,0,,Feature releases ship every month and they listen to feedback.
C00863,Tidewater Digital Co,Manufacturing,NA,Starter,3,87.91,2024-08-25,2026-08-06,0,8,0,,Documentation is solid but a guided setup call would have helped.
C00864,Brightline Retail GmbH,Healthcare,NA,Starter,2,62.24,2023-04-08,2026-08-23,0,10,0,,Budget approval was easy because the ROI is obvious. Would buy again without hesitation.
C00865,Vertex Supply Ltd,SaaS,EMEA,Growth,36,1908.23,2023-08-23,2026-07-14,0,8,0,,"Decent value, though we keep an eye on seat costs. Some room for improvement."
C00866,Evergreen Labs,Media,NA,Enterprise,131,10648.41,2023-11-22,2026-08-13,3,4,0,,The per-seat model punishes us every time we onboard a contractor. It has been a disappointing year.
C00867,Juniper Health,Media,EMEA,Starter,4,119.96,2026-01-16,2026-04-07,6,5,1,Reliability issues,Dashboards time out constantly when we filter more than a few weeks. We are evaluating alternatives.
C00868,Keystone Systems,Manufacturing,NA,Growth,23,1295.65,2023-04-28,2026-08-31,3,7,0,,Integrations cover the basics; we still miss a native Jira connector.
C00869,Pioneer Foods Inc,SaaS,EMEA,Starter,8,233.08,2025-12-06,2026-08-12,3,5,0,,Frequent logouts and stale sessions made it unusable for the field team. Would not recommend at this point.
C00870,Bluepeak Group,SaaS,EMEA,Starter,5,153.98,2024-10-07,2026-08-28,1,9,0,,Performance is excellent even at month-end peaks. Would buy again without hesitation.
C00871,Juniper Foods Inc,Manufacturing,EMEA,Enterprise,202,15784.74,2024-12-22,2026-08-30,0,8,0,,The API works but the docs could be clearer.
C00872,Redwood Studio Ltd,SaaS,EMEA,Starter,6,176.8,2026-05-15,2026-08-19,1,9,0,,Fair pricing and no surprise fees.
C00873,Juniper Labs GmbH,Logistics,NA,Starter,3,91.22,2025-09-05,2026-08-25,2,7,0,,Would prefer usage-based pricing over per-seat. Some room for improvement.
C00874,Granite Analytics LLC,Retail,NA,Growth,52,2850.28,2025-04-08,2026-07-23,6,4,1,Budget cuts,The price per seat is hard to justify for a team our size. We are evaluating alternatives.
C00875,Sable Health Inc,Education,NA,Starter,7,195.47,2025-11-17,2026-08-22,1,7,0,,Would like more flexible billing for seasonal staff.
C00876,Silverlake Supply,Media,EMEA,Starter,9,258.26,2024-08-11,2026-08-20,0,9,0,,Best customer success team we have worked with. Keep up the great work.
C00877,Zenith Works,Retail,NA,Growth,40,2121.18,2026-04-03,2026-08-18,4,5,0,,Honestly we barely used it; it never became part of our workflow.
C00878,Redwood Labs Inc,Fintech,NA,Starter,7,203.56,2025-10-08,2026-08-26,1,4,0,,Support tickets sit for days before anyone replies.
C00879,Tidewater Supply Ltd,Healthcare,EMEA,Growth,16,933.55,2026-05-31,2026-06-07,1,8,1,Too expensive,Costs are acceptable for what we use today. Overall it is fine.
C00880,Quantum Foods,Healthcare,NA,Starter,13,369.26,2024-12-03,2026-08-20,2,6,0,,The API is rate limited so aggressively that our sync jobs fail nightly.
C00881,Beacon Capital LLC,Retail,NA,Starter,2,59.08,2025-03-31,2026-08-30,1,8,0,,We are on the fence at renewal because of the price increase.
C00882,Evergreen Partners Ltd,Healthcare,EMEA,Growth,28,1756.35,2024-08-06,2026-08-16,5,3,0,,Adoption stalled because the learning curve is steep.
C00883,Vertex Digital,Logistics,NA,Starter,2,58.76,2026-03-26,2026-06-15,2,6,0,,No phone support and email replies take forever. Would not recommend at this point.
C00884,Foxglove Foods Ltd,Retail,APAC,Enterprise,137,12148.17,2025-03-14,2026-08-18,0,10,0,,Webhooks are reliable and easy to configure.
C00885,Nimbus Logistics GmbH,SaaS,LATAM,Enterprise,329,29433.76,2023-07-22,2026-08-17,0,8,0,,Costs are acceptable for what we use today.
C00886,Quantum Software Co,Retail,LATAM,Enterprise,279,22926.93,2024-10-15,2026-08-16,3,8,0,,We are on the fence at renewal because of the price increase.
C00887,Oakridge Supply,Retail,NA,Starter,6,175.91,2023-06-19,2026-08-28,5,5,0,,The price per seat is hard to justify for a team our size. Would not recommend at this point.
C00888,Beacon Works,SaaS,NA,Starter,4,114.03,2025-03-29,2026-08-08,0,8,0,,Would love a two-way calendar sync.
C00889,Lumen Dynamics Co,SaaS,EMEA,Enterprise,372,29447.91,2025-06-11,2026-08-11,2,7,0,,The tutorials are helpful; the data import could be smoother.
C00890,Stellar Retail Ltd,Education,EMEA,Starter,8,235.3,2025-10-21,2026-08-16,1,9,0,,The support team clearly knows the product inside out. Highly recommended.
C00891,Cobalt Robotics GmbH,Fintech,EMEA,Growth,56,2943.4,2023-07-15,2026-07-28,2,7,0,,"Decent value, though we keep an eye on seat costs."
C00892,Meridian Foods Co,Logistics,NA,Enterprise,126,10808.3,2024-08-13,2026-08-20,2,8,0,,"Support is okay, sometimes quick, sometimes slow."
C00893,Lumen Works LLC,Fintech,NA,Starter,9,244.76,2024-03-28,2026-08-15,3,7,0,,Reports are a bit slow at month end.
C00894,Tidewater Systems,SaaS,NA,Starter,3,87.6,2024-06-13,2026-08-21,3,3,0,,Zapier is the only integration path and it is flaky.
C00895,Solstice Capital Ltd,Manufacturing,NA,Growth,25,1382.33,2026-04-14,2026-08-16,0,7,0,,We are on the fence at renewal because of the price increase. Happy enough to stay for now.
C00896,Sable Robotics GmbH,Media,NA,Growth,46,2592.05,2024-12-13,2026-08-18,2,9,0,,SSO and SCIM provisioning worked out of the box.
C00897,Sable Foods GmbH,Fintech,LATAM,Starter,11,313.98,2024-07-19,2026-08-14,1,6,0,,Exports randomly fail with no error message. It has been a disappointing year.
C00898,Foxglove Robotics Inc,SaaS,NA,Growth,18,1041.19,2026-02-28,2026-08-21,6,6,0,,The mobile app crashes whenever we open a large report.
C00899,Granite Analytics,SaaS,EMEA,Growth,63,3612.57,2024-11-09,2026-01-08,2,6,1,Poor support experience,The support team is friendly but never actually fixes anything. It has been a disappointing year.
C00900,Mosaic Media Co,Healthcare,LATAM,Starter,2,57.25,2024-06-23,2026-06-26,2,3,1,Budget cuts,Too expensive compared with the alternatives we evaluated. We are evaluating alternatives.
C00901,Keystone Foods,Retail,NA,Starter,8,233.03,2024-11-20,2026-02-19,2,8,1,Switched to competitor,Useful tool; the roadmap looks promising. Overall it is fine.
C00902,Nimbus Dynamics,Fintech,EMEA,Growth,32,1741.89,2025-12-17,2026-08-25,0,9,0,,The platform is fast and stable; no complaints. We plan to add more seats next quarter.
C00903,Falcon Analytics,SaaS,EMEA,Growth,34,1903.44,2024-07-31,2026-08-15,0,8,0,,"The annual discount helped, monthly pricing feels steep. Overall it is fine."
C00904,Silverlake Software,Retail,NA,Enterprise,172,15077.62,2025-02-26,2026-08-19,1,8,0,,The mobile app lags behind the web app. Happy enough to stay for now.
C00905,Solstice Networks Ltd,Logistics,EMEA,Starter,5,149.85,2023-08-17,2026-08-29,4,4,0,,Dashboards time out constantly when we filter more than a few weeks.
C00906,Foxglove Capital Inc,Education,APAC,Enterprise,316,26095.03,2023-01-16,2026-08-25,2,9,0,,The platform is fast and stable; no complaints. Keep up the great work.
C00907,Windmill Capital,Retail,EMEA,Growth,38,2185.9,2023-03-27,2026-08-19,2,7,0,,We like the dashboards but want more automation. Overall it is fine.
C00908,Bluepeak Labs Ltd,SaaS,APAC,Growth,28,1591.45,2024-08-30,2026-08-31,4,7,0,,"Does what it says, nothing spectacular."
C00909,Stellar Foods Ltd,Fintech,LATAM,Starter,8,225.11,2025-07-05,2026-08-12,1,10,0,,Fair pricing and no surprise fees.
C00910,Northwind Supply,Fintech,NA,Starter,3,86.56,2023-09-26,2026-08-30,4,9,0,,The guided setup made data import painless.
C00911,Oakridge Digital,Manufacturing,EMEA,Growth,46,2629.71,2026-04-18,2026-08-29,4,5,0,,The roadmap items we were promised never shipped.
C00912,Beacon Labs,Media,EMEA,Starter,12,331.71,2023-07-11,2026-08-13,0,7,0,,Costs are acceptable for what we use today. Overall it is fine.
C00913,Aurora Software,Media,EMEA,Starter,12,360.41,2025-06-07,2026-08-27,3,6,0,,SSO setup with Okta took three support tickets to get working.
C00914,Aurora Systems Ltd,Logistics,EMEA,Enterprise,169,14190.21,2023-10-27,2026-07-28,3,4,0,,Frequent logouts and stale sessions made it unusable for the field team.
C00915,Atlas Studio Co,Logistics,EMEA,Starter,6,170.98,2023-03-17,2026-08-24,0,8,0,,Onboarding was fine but could use more templates.
C00916,Halcyon Analytics Ltd,Logistics,APAC,Enterprise,171,15021.53,2025-06-28,2026-08-10,1,7,0,,"The Slack integration is handy, the HubSpot one is limited. Overall it is fine."
C00917,Summit Foods,SaaS,NA,Growth,12,685.27,2024-10-23,2026-08-25,3,5,0,,The support team is friendly but never actually fixes anything. Renewal is unlikely.
C00918,Granite Capital Co,SaaS,EMEA,Enterprise,451,41421.46,2025-03-11,2026-08-22,1,6,0,,We had three outages in one month during peak hours. It has been a disappointing year.
C00919,Foxglove Labs Ltd,Fintech,NA,Starter,6,172.77,2026-04-16,2026-08-13,4,4,0,,No phone support and email replies take forever.
C00920,Beacon Analytics Co,Healthcare,EMEA,Growth,21,1246.43,2024-11-16,2026-08-26,1,7,0,,Documentation is solid but a guided setup call would have helped.
C00921,Orbit Works,SaaS,APAC,Growth,22,1378.11,2025-12-09,2026-08-26,2,6,0,,We opened four tickets for the same bug and got four different answers. We are evaluating alternatives.
C00922,Nimbus Partners,Media,APAC,Enterprise,300,25422.65,2024-09-23,2026-08-11,3,6,0,,The support team is friendly but never actually fixes anything.
C00923,Granite Systems,Healthcare,NA,Starter,8,243.03,2024-03-21,2026-08-28,0,8,0,,"Does what it says, nothing spectacular. Some room for improvement."
C00924,Ember Digital,Healthcare,EMEA,Starter,7,187.14,2024-05-11,2026-08-19,2,5,0,,The support team is friendly but never actually fixes anything.
C00925,Windmill Media,SaaS,NA,Enterprise,344,28435.12,2024-03-15,2026-08-24,0,6,0,,The API is rate limited so aggressively that our sync jobs fail nightly.
C00926,Nimbus Partners,Fintech,NA,Starter,7,206.22,2026-02-05,2026-08-12,3,5,0,,Zapier is the only integration path and it is flaky. We are evaluating alternatives.
C00927,Solstice Networks Inc,SaaS,NA,Growth,41,2346.98,2024-10-14,2026-08-20,3,4,0,,We could not connect it to our data warehouse without a consultant.
C00928,Falcon Learning,Media,APAC,Starter,7,209.25,2026-04-04,2026-08-24,1,10,0,,The platform is fast and stable; no complaints. Highly recommended.
C00929,Keystone Analytics LLC,Healthcare,NA,Starter,10,297.84,2023-11-17,2026-08-24,4,5,0,,Too expensive compared with the alternatives we evaluated.
C00930,Keystone Digital,Manufacturing,LATAM,Growth,59,3374.73,2025-09-02,2026-08-15,2,7,0,,"Decent value, though we keep an eye on seat costs. Some room for improvement."
C00931,Summit Group Ltd,Fintech,NA,Growth,16,961.94,2023-05-28,2026-06-11,1,7,0,,"Reliable overall, exports could be faster."
C00932,Meridian Foods Inc,Retail,EMEA,Growth,55,2759.14,2024-01-03,2026-08-15,2,5,0,,Response times got noticeably worse over the last quarter.
C00933,Ironclad Software,Retail,EMEA,Growth,53,3075.87,2023-02-12,2026-08-30,5,4,0,,Exports randomly fail with no error message. It has been a disappointing year.
C00934,Tidewater Dynamics Co,Manufacturing,EMEA,Growth,17,969.39,2026-03-12,2026-08-18,4,4,0,,Our budget was cut and the platform was the first thing to go. Frustrating overall.
C00935,Copperfield Studio Co,Manufacturing,EMEA,Enterprise,178,15166.61,2024-01-16,2026-08-24,0,10,0,,Powerful yet simple; it grows with us. Keep up the great work.
C00936,Atlas Learning Inc,SaaS,EMEA,Starter,7,204.47,2025-11-11,2026-06-23,2,9,1,Switched to competitor,Useful tool; the roadmap looks promising.
C00937,Stellar Studio,Logistics,APAC,Starter,4,116.22,2024-06-27,2026-08-26,2,9,0,,Onboarding was smooth and the whole team was productive in a week.
C00938,Beacon Supply Ltd,SaaS,EMEA,Starter,11,304.89,2023-06-08,2026-08-14,0,9,0,,"Rock solid, we have never seen an outage."
C00939,Granite Capital,Media,NA,Growth,20,1088.49,2024-03-14,2026-08-13,2,5,0,,The support team is friendly but never actually fixes anything. We are evaluating alternatives.
C00940,Brightline Dynamics,SaaS,NA,Starter,4,111.35,2024-03-11,2026-06-12,1,6,1,Too expensive,Overage charges were a nasty surprise on the invoice. It has been a disappointing year.
C00941,Northwind Digital Inc,Fintech,EMEA,Growth,28,1706.6,2024-10-11,2026-08-31,2,10,0,,We expanded to two more teams because it works so well.
C00942,Oakridge Foods Co,Media,EMEA,Starter,4,109.29,2024-02-23,2026-05-18,1,9,1,Switched to competitor,Budget approval was easy because the ROI is obvious. We plan to add more seats next quarter.
C00943,Lumen Robotics,SaaS,EMEA,Growth,19,1081.53,2025-05-12,2026-08-29,1,8,0,,"Fine for simple questions, weaker on technical issues. Happy enough to stay for now."
C00944,Copperfield Works Co,Retail,EMEA,Enterprise,231,19763.7,2025-07-20,2026-08-20,1,9,0,,Fair pricing and no surprise fees. Highly recommended.
C00945,Halcyon Learning Ltd,Retail,NA,Growth,48,2525.52,2023-07-18,2026-08-13,2,6,0,,Too expensive compared with the alternatives we evaluated.
C00946,Cobalt Group Ltd,Fintech,APAC,Growth,34,1825.06,2024-10-30,2026-08-29,1,9,0,,The reporting and forecasting features are exactly what we needed. Would buy again without hesitation.
C00947,Copperfield Networks Inc,Education,EMEA,Starter,14,407.33,2025-01-08,2026-05-07,5,3,1,Low usage / no longer needed,Adoption stalled because the learning curve is steep. It has been a disappointing year.
C00948,Sable Digital Inc,Media,EMEA,Growth,30,1790.01,2023-12-07,2026-08-22,0,7,0,,We are still ramping up usage across the team. Happy enough to stay for now.
C00949,Tidewater Capital,Media,EMEA,Starter,4,111.14,2025-09-11,2026-08-28,2,7,0,,Feature set is competitive but not best in class.
C00950,Harbor Systems LLC,Fintech,APAC,Enterprise,190,16078.64,2023-10-22,2026-08-24,0,8,0,,We are on the fence at renewal because of the price increase.
C00951,Mosaic Labs,Healthcare,EMEA,Starter,3,88.39,2026-01-17,2026-08-24,1,7,0,,The tutorials are helpful; the data import could be smoother. We will see how the next release goes.
C00952,Pioneer Digital Ltd,Fintech,LATAM,Starter,7,192.66,2024-08-06,2026-08-12,2,9,0,,Excellent documentation and training videos. Keep up the great work.
C00953,Tidewater Digital,Fintech,NA,Starter,10,292.49,2024-04-12,2026-04-13,2,4,1,Switched to competitor,"No audit log, which our compliance team requires."
C00954,Zenith Dynamics,SaaS,EMEA,Growth,46,2451.67,2025-04-29,2026-08-14,1,8,0,,Setup for SSO was fiddly but works now. Some room for improvement.
C00955,Riverbend Health,Logistics,EMEA,Enterprise,190,16067.75,2025-03-01,2026-07-03,2,6,0,,Exports randomly fail with no error message. It has been a disappointing year.
C00956,Oakridge Systems LLC,Media,EMEA,Starter,3,89.52,2024-10-11,2026-08-25,2,8,0,,Integrations cover the basics; we still miss a native Jira connector. We will see how the next release goes.
C00957,Orbit Studio Co,Manufacturing,NA,Starter,6,172.77,2025-05-26,2026-08-14,2,7,0,,"Fine for simple questions, weaker on technical issues. We will see how the next release goes."
C00958,Granite Partners GmbH,Retail,EMEA,Starter,3,90.18,2023-11-30,2026-01-16,2,8,1,Budget cuts,We are on the fence at renewal because of the price increase.
C00959,Riverbend Networks GmbH,Retail,NA,Enterprise,109,9462.49,2025-10-29,2026-08-12,2,6,0,,The mobile app crashes whenever we open a large report.
C00960,Keystone Labs,Healthcare,APAC,Enterprise,334,29126.72,2025-03-02,2026-08-22,2,6,0,,We were never shown how to use the reporting module. We are evaluating alternatives.
C00961,Lumen Health Co,Healthcare,NA,Starter,6,176.81,2023-09-29,2026-03-25,1,5,1,Low usage / no longer needed,Half the team stopped logging in after the first month.
C00962,Zenith Works Inc,Retail,NA,Growth,26,1601.54,2026-06-28,2026-07-28,2,6,1,Company downsized,The price per seat is hard to justify for a team our size. Frustrating overall.
C00963,Redwood Partners Inc,SaaS,EMEA,Growth,57,3175.77,2026-01-09,2026-08-22,5,4,0,,Support tickets sit for days before anyone replies.
C00964,Aurora Labs,SaaS,NA,Growth,42,2150.85,2023-08-14,2026-08-22,3,8,0,,Uptime is fine; performance on large filters could improve.
C00965,Cascade Systems,Logistics,NA,Growth,28,1599.66,2025-09-28,2026-08-27,0,9,0,,The API is clean and well documented; we automated everything. Would buy again without hesitation.
C00966,Zenith Health Co,Retail,EMEA,Growth,36,1958.63,2024-11-05,2026-08-23,3,5,0,,We had three outages in one month during peak hours.
C00967,Mosaic Networks Ltd,Logistics,EMEA,Growth,24,1411.06,2025-09-08,2026-08-21,5,5,0,,The support team is friendly but never actually fixes anything. Frustrating overall.
C00968,Harbor Media,SaaS,NA,Starter,5,147.07,2024-04-24,2026-08-15,1,7,0,,We are on the fence at renewal because of the price increase. Happy enough to stay for now.
C00969,Orbit Partners Ltd,Healthcare,EMEA,Starter,3,84.19,2023-11-08,2026-08-13,1,9,0,,Dashboards load instantly even on huge datasets.
C00970,Harbor Media,SaaS,EMEA,Starter,12,375.96,2023-10-06,2026-08-12,4,4,0,,The per-seat model punishes us every time we onboard a contractor. It has been a disappointing year.
C00971,Tidewater Health,Fintech,APAC,Starter,8,231.05,2023-03-26,2026-08-27,3,6,0,,Reporting is too rigid; we ended up exporting to spreadsheets anyway.
C00972,Cascade Robotics Ltd,SaaS,NA,Starter,10,289.91,2026-01-22,2026-08-31,0,9,0,,Our account manager proactively checks in every month. Highly recommended.
C00973,Riverbend Partners GmbH,SaaS,NA,Enterprise,174,14249.25,2024-02-03,2026-08-25,3,8,0,,"Fine for simple questions, weaker on technical issues. We will see how the next release goes."
C00974,Quantum Health,Logistics,LATAM,Enterprise,230,18577.71,2026-05-07,2026-08-31,3,6,0,,Too expensive compared with the alternatives we evaluated. It has been a disappointing year.
C00975,Evergreen Works GmbH,Fintech,EMEA,Starter,11,317.39,2023-10-16,2026-08-03,2,7,0,,"Support is okay, sometimes quick, sometimes slow."
C00976,Nimbus Labs Co,Healthcare,NA,Starter,12,348.38,2024-03-22,2026-08-21,0,10,0,,We expanded to two more teams because it works so well. We plan to add more seats next quarter.
C00977,Cascade Labs Co,Retail,APAC,Growth,72,3936.91,2026-01-26,2026-08-17,2,7,0,,It does the job; adoption is growing slowly. We will see how the next release goes.
C00978,Falcon Labs Co,Retail,NA,Growth,31,1813.58,2024-03-19,2026-08-16,3,8,0,,The help center is good; live support is average. We will see how the next release goes.
C00979,Meridian Works,Healthcare,APAC,Starter,9,259.68,2025-08-25,2026-08-28,2,8,0,,"Support is okay, sometimes quick, sometimes slow. We will see how the next release goes."
C00980,Keystone Foods,SaaS,EMEA,Growth,59,3226.2,2023-04-28,2026-08-12,0,8,0,,"Setup took longer than expected, mostly on our side."
C00981,Beacon Digital GmbH,Logistics,LATAM,Starter,5,149.73,2026-05-02,2026-08-12,1,7,0,,Support quality varies a lot depending on who picks up the ticket.
C00982,Foxglove Foods,Manufacturing,LATAM,Starter,10,288.02,2025-02-27,2026-08-25,3,5,0,,Adoption stalled because the learning curve is steep. We are evaluating alternatives.
C00983,Lumen Capital GmbH,Manufacturing,NA,Growth,70,3923.76,2025-08-15,2026-08-19,3,6,0,,The roadmap items we were promised never shipped.
C00984,Frontier Analytics,Retail,APAC,Growth,36,1874.26,2023-02-03,2026-08-21,0,8,0,,"No major issues, some minor bugs here and there."
C00985,Keystone Software Co,SaaS,NA,Starter,6,165.15,2026-05-15,2026-08-26,3,7,0,,"No major issues, some minor bugs here and there. Some room for improvement."
C00986,Juniper Retail Ltd,Logistics,EMEA,Growth,46,2536.34,2024-09-25,2026-08-14,1,9,0,,Every ticket we raised was resolved the same day.
C00987,Nimbus Learning,Fintech,EMEA,Enterprise,342,28512.67,2023-09-28,2026-08-15,1,5,0,,No phone support and email replies take forever. Renewal is unlikely.
C00988,Orbit Dynamics Ltd,SaaS,NA,Starter,4,112.25,2023-07-14,2026-08-24,1,7,0,,Costs are acceptable for what we use today.
C00989,Orbit Systems LLC,Fintech,NA,Growth,38,2095.22,2023-04-22,2026-08-13,2,6,0,,No phone support and email replies take forever. It has been a disappointing year.
C00990,Oakridge Group Inc,Manufacturing,NA,Starter,5,146.21,2025-05-07,2026-03-27,6,4,1,Missing features,"No audit log, which our compliance team requires."
C00991,Riverbend Robotics,Healthcare,NA,Growth,18,1031.84,2023-09-29,2026-08-26,1,8,0,,"Mostly stable, with the occasional slow dashboard."
C00992,Mosaic Works Ltd,Manufacturing,NA,Starter,5,141.99,2026-03-31,2026-04-01,4,6,1,Onboarding too complex,Half the team stopped logging in after the first month. It has been a disappointing year.
C00993,Halcyon Foods Co,Manufacturing,APAC,Starter,6,175.51,2023-10-18,2026-08-20,7,5,0,,It took weeks to import our data and the docs were out of date.
C00994,Nimbus Media GmbH,SaaS,EMEA,Starter,9,250.34,2023-04-24,2026-08-26,3,6,0,,Data was missing for two days and nobody told us why.
C00995,Redwood Health GmbH,Logistics,APAC,Growth,66,3533.92,2025-12-24,2026-08-18,1,6,0,,We outgrew the product; it is fine for small teams but not for us.
C00996,Pioneer Robotics Co,Retail,APAC,Starter,6,177.72,2025-09-19,2026-03-23,4,6,1,Poor support experience,The support team is friendly but never actually fixes anything. Frustrating overall.
C00997,Cobalt Foods GmbH,Healthcare,EMEA,Enterprise,301,25305.0,2024-10-24,2026-08-25,0,7,0,,"Reliable overall, exports could be faster. Some room for improvement."
C00998,Halcyon Systems,SaaS,NA,Starter,4,113.79,2025-11-25,2026-08-26,2,8,0,,"Most of the team uses it weekly, a few power users daily. We will see how the next release goes."
C00999,Northwind Digital GmbH,Logistics,APAC,Enterprise,126,10219.89,2025-07-15,2026-08-29,0,7,0,,Tickets get resolved eventually but it takes follow-ups. Some room for improvement.
C01000,Cascade Logistics Ltd,Fintech,EMEA,Growth,32,1684.68,2023-08-13,2026-08-18,2,6,0,,The setup wizard failed twice and we gave up on the advanced features.
C01001,Pioneer Health,SaaS,EMEA,Starter,3,86.54,2024-06-14,2026-08-22,1,10,0,,Fair pricing and no surprise fees.
C01002,Ember Analytics Inc,Retail,APAC,Growth,59,3499.66,2026-03-23,2026-08-12,1,5,0,,Honestly we barely used it; it never became part of our workflow.
C01003,Silverlake Foods Co,SaaS,EMEA,Growth,42,2356.7,2025-05-15,2026-06-15,5,4,1,Budget cuts,"A competitor offered everything we needed at a lower price, so we switched. We are evaluating alternatives."
C01004,Granite Supply,SaaS,EMEA,Growth,18,1005.38,2025-03-03,2026-08-26,0,9,0,,Budget approval was easy because the ROI is obvious.
C01005,Summit Dynamics,Healthcare,APAC,Starter,10,298.2,2023-08-15,2026-08-14,2,6,0,,"No native Slack or HubSpot connector, so we had to build our own."
C01006,Frontier Health Co,Retail,EMEA,Growth,31,1649.34,2024-11-13,2026-08-23,0,9,0,,We expanded to two more teams because it works so well. Highly recommended.
C01007,Beacon Software Co,Logistics,APAC,Growth,22,1297.75,2023-07-31,2026-01-09,2,4,1,Reliability issues,Data was missing for two days and nobody told us why. Renewal is unlikely.
C01008,Orbit Capital GmbH,Fintech,NA,Starter,6,169.9,2025-05-06,2026-08-22,1,8,0,,Documentation is solid but a guided setup call would have helped. We will see how the next release goes.
C01009,Mosaic Health,Education,NA,Growth,21,1339.25,2023-10-11,2026-02-23,5,4,1,Too expensive,We outgrew the product; it is fine for small teams but not for us.
C01010,Harbor Dynamics Ltd,Retail,EMEA,Starter,6,166.11,2024-01-03,2026-08-20,1,9,0,,It became part of our daily workflow almost immediately. Would buy again without hesitation.
C01011,Frontier Labs Ltd,Education,NA,Starter,9,264.27,2025-01-01,2026-05-27,3,4,1,Missing features,Onboarding was confusing and we never really got set up properly.
C01012,Falcon Networks GmbH,Healthcare,LATAM,Growth,46,2454.83,2023-02-02,2026-08-24,3,7,0,,Would like more flexible billing for seasonal staff.
C01013,Oakridge Group GmbH,Retail,NA,Enterprise,242,20966.13,2025-06-11,2026-08-18,0,10,0,,The Enterprise plan pays for itself in saved hours. Highly recommended.
C01014,Bluepeak Studio,Logistics,EMEA,Starter,10,293.4,2024-07-18,2026-03-13,10,2,1,Poor support experience,Support tickets sit for days before anyone replies. We are evaluating alternatives.
C01015,Harbor Labs Co,Fintech,NA,Starter,6,182.73,2024-10-15,2026-08-19,1,7,0,,The API works but the docs could be clearer.
C01016,Sable Health,SaaS,LATAM,Starter,7,208.83,2025-08-06,2026-03-22,3,4,1,Low usage / no longer needed,The setup wizard failed twice and we gave up on the advanced features.
C01017,Solstice Works,Education,NA,Growth,14,803.09,2025-09-10,2026-08-29,0,9,0,,Dashboards load instantly even on huge datasets.
C01018,Beacon Capital,Media,NA,Starter,4,129.53,2026-03-18,2026-07-30,1,7,1,Reliability issues,"Mostly stable, with the occasional slow dashboard."
C01019,Atlas Media GmbH,SaaS,NA,Starter,12,355.73,2023-08-18,2026-08-30,1,8,0,,Setup for SSO was fiddly but works now. Some room for improvement.
C01020,Falcon Logistics Inc,Retail,EMEA,Starter,7,198.53,2024-07-02,2026-08-18,2,6,0,,The per-seat model punishes us every time we onboard a contractor.
C01021,Sable Capital,Media,LATAM,Enterprise,203,17222.9,2023-05-02,2026-08-25,5,3,0,,Support tickets sit for days before anyone replies. Would not recommend at this point.
C01022,Summit Analytics Ltd,Manufacturing,LATAM,Starter,8,237.85,2023-12-03,2026-08-27,0,8,0,,Would love a two-way calendar sync. Overall it is fine.
C01023,Northwind Health,Logistics,NA,Growth,68,3819.63,2024-12-04,2026-08-17,0,9,0,,The HubSpot sync saved us hours every week. Keep up the great work.
C01024,Falcon Software Inc,Healthcare,EMEA,Starter,3,88.73,2023-06-17,2026-04-14,4,3,1,Reliability issues,Data was missing for two days and nobody told us why.
C01025,Aurora Retail,Education,NA,Starter,8,240.97,2024-07-22,2026-08-28,1,7,0,,Good enough integration options for our stack. Happy enough to stay for now.
C01026,Harbor Supply Co,Fintech,EMEA,Starter,5,150.04,2026-04-08,2026-04-09,11,0,1,Low usage / no longer needed,We had three outages in one month during peak hours. Would not recommend at this point.
C01027,Lumen Software,Logistics,EMEA,Starter,6,168.1,2023-04-01,2026-08-25,2,7,0,,"Most of the team uses it weekly, a few power users daily. Overall it is fine."
C01028,Crescent Supply,Retail,NA,Growth,32,1903.9,2023-10-22,2026-08-13,3,5,0,,We had three outages in one month during peak hours. We are evaluating alternatives.
C01029,Nimbus Media Inc,Manufacturing,EMEA,Starter,8,250.27,2023-12-27,2026-08-26,2,7,0,,Good enough integration options for our stack. Happy enough to stay for now.
C01030,Halcyon Retail Co,Retail,APAC,Starter,9,269.36,2026-03-08,2026-08-23,2,8,0,,"Does what it says, nothing spectacular. Some room for improvement."
C01031,Summit Logistics LLC,Healthcare,NA,Starter,5,145.22,2025-07-26,2026-08-21,0,8,0,,We sync with our warehouse nightly and it mostly works. Overall it is fine.
C01032,Quantum Health Inc,Education,NA,Starter,11,319.71,2023-08-23,2026-08-25,2,5,0,,Zapier is the only integration path and it is flaky.
C01033,Oakridge Capital Ltd,Retail,NA,Starter,4,114.5,2025-06-13,2026-08-16,0,8,0,,Tickets get resolved eventually but it takes follow-ups. Some room for improvement.
C01034,Meridian Robotics GmbH,Media,NA,Starter,7,201.42,2023-01-24,2026-04-23,6,4,1,Onboarding too complex,Frequent logouts and stale sessions made it unusable for the field team. We are evaluating alternatives.
C01035,Frontier Analytics Ltd,Retail,NA,Starter,4,105.85,2025-10-15,2026-08-31,3,7,0,,The mobile app lags behind the web app.
C01036,Beacon Logistics Ltd,Education,EMEA,Growth,34,1979.77,2023-10-14,2026-08-24,4,7,0,,We like the dashboards but want more automation.
C01037,Granite Software,Fintech,NA,Enterprise,140,12335.86,2025-06-27,2026-08-15,1,6,0,,The price per seat is hard to justify for a team our size.
C01038,Nimbus Studio,Retail,EMEA,Growth,26,1431.12,2024-09-20,2026-08-21,0,6,0,,It took weeks to import our data and the docs were out of date. Frustrating overall.
C01039,Northwind Analytics Co,Retail,APAC,Starter,5,150.16,2025-07-24,2026-08-29,1,9,0,,Performance is excellent even at month-end peaks.
C01040,Granite Media Inc,SaaS,LATAM,Enterprise,79,7271.29,2024-03-20,2026-08-24,0,7,0,,The help center is good; live support is average. Overall it is fine.
C01041,Sable Networks GmbH,SaaS,EMEA,Enterprise,246,20536.08,2024-11-08,2026-08-24,0,10,0,,Custom roles and audit logs made our compliance team happy.
C01042,Frontier Dynamics Inc,Education,NA,Growth,17,1022.77,2026-03-04,2026-08-26,0,6,0,,The API is rate limited so aggressively that our sync jobs fail nightly.
C01043,Silverlake Foods GmbH,Education,NA,Starter,11,296.76,2025-10-21,2026-08-26,1,6,0,,No phone support and email replies take forever. We are evaluating alternatives.
C01044,Quantum Capital,Education,NA,Growth,39,2138.97,2024-11-26,2026-08-11,0,10,0,,Excellent documentation and training videos.
C01045,Redwood Capital LLC,SaaS,LATAM,Enterprise,304,25662.93,2026-03-23,2026-03-24,2,4,1,Missing features,Missing basic features like bulk edit and custom roles.
C01046,Vertex Supply GmbH,Fintech,LATAM,Growth,28,1657.32,2023-05-31,2026-08-05,1,3,0,,Exports randomly fail with no error message.
C01047,Meridian Analytics Ltd,SaaS,NA,Growth,40,2074.75,2025-06-12,2026-08-13,5,4,0,,Data was missing for two days and nobody told us why. Would not recommend at this point.
C01048,Stellar Analytics GmbH,Manufacturing,NA,Growth,37,2066.48,2025-03-08,2026-08-09,1,6,0,,The forecasting module is too simplistic for our use case.
C01049,Evergreen Software Co,Media,EMEA,Enterprise,399,34999.22,2023-11-24,2026-08-26,1,6,0,,Data was missing for two days and nobody told us why.
C01050,Quantum Networks,Fintech,NA,Starter,2,58.95,2024-05-11,2026-06-02,3,5,1,Too expensive,Our budget was cut and the platform was the first thing to go. It has been a disappointing year.
C01051,Frontier Works LLC,Education,LATAM,Starter,11,316.08,2024-06-01,2026-06-05,2,4,0,,Data was missing for two days and nobody told us why. Renewal is unlikely.
C01052,Windmill Software,SaaS,NA,Enterprise,164,15285.01,2025-05-16,2026-08-22,1,9,0,,Connected to Snowflake in an afternoon. Highly recommended.
C01053,Mosaic Systems LLC,Fintech,NA,Starter,5,139.64,2025-03-08,2026-05-12,3,5,1,Too expensive,Our budget was cut and the platform was the first thing to go.
C01054,Silverlake Analytics,SaaS,NA,Starter,8,239.18,2025-09-30,2026-03-01,3,5,1,Too expensive,Pricing jumped at renewal and nobody warned us. Frustrating overall.
C01055,Nimbus Works,Fintech,NA,Starter,3,87.85,2025-04-18,2026-08-21,1,5,0,,Honestly we barely used it; it never became part of our workflow. We are evaluating alternatives.
C01056,Ember Group Ltd,Education,NA,Starter,8,250.67,2026-06-11,2026-07-15,2,6,0,,"No audit log, which our compliance team requires. Would not recommend at this point."
C01057,Keystone Foods Ltd,Logistics,APAC,Starter,11,323.93,2025-11-24,2026-07-25,1,9,1,Integration gaps,Would love a two-way calendar sync. Some room for improvement.
C01058,Zenith Group Co,SaaS,NA,Growth,23,1389.63,2025-01-05,2026-08-15,0,10,0,,Feature releases ship every month and they listen to feedback.
C01059,Riverbend Labs GmbH,Healthcare,EMEA,Starter,7,207.11,2023-01-24,2026-08-18,1,7,0,,"Fine for simple questions, weaker on technical issues."
C01060,Falcon Capital Co,Education,NA,Growth,33,1734.06,2024-04-12,2026-08-29,0,7,0,,Tickets get resolved eventually but it takes follow-ups.
C01061,Evergreen Partners GmbH,Logistics,NA,Starter,5,139.96,2023-06-12,2026-08-27,0,8,0,,"Does what it says, nothing spectacular. Overall it is fine."
C01062,Summit Supply Co,Healthcare,NA,Enterprise,176,14647.09,2024-07-07,2026-08-30,1,6,0,,The forecasting module is too simplistic for our use case. Renewal is unlikely.
C01063,Riverbend Works,Fintech,NA,Growth,26,1592.75,2026-06-21,2026-08-23,1,9,0,,The Salesforce and Slack integrations work flawlessly. Keep up the great work.
C01064,Ironclad Group,Healthcare,NA,Enterprise,117,9937.35,2024-05-28,2026-08-24,1,8,0,,Integrations cover the basics; we still miss a native Jira connector.
C01065,Vertex Robotics,Fintech,NA,Starter,9,258.84,2025-11-08,2026-08-31,0,8,0,,"Does what it says, nothing spectacular. We will see how the next release goes."
C01066,Ember Retail,Logistics,APAC,Starter,8,244.73,2024-07-28,2026-08-22,1,9,0,,The platform is fast and stable; no complaints.
C01067,Aurora Logistics Inc,Retail,EMEA,Growth,24,1303.72,2025-01-05,2026-07-11,5,6,1,Poor support experience,Response times got noticeably worse over the last quarter. Renewal is unlikely.
C01068,Meridian Capital Ltd,Education,LATAM,Enterprise,448,35745.14,2023-02-08,2026-08-14,0,7,0,,It does the job; adoption is growing slowly. Happy enough to stay for now.
C01069,Vertex Health Inc,SaaS,NA,Starter,3,78.31,2025-05-27,2026-08-22,1,7,0,,"Setup took longer than expected, mostly on our side. Some room for improvement."
C01070,Evergreen Studio Ltd,Retail,EMEA,Growth,49,2818.58,2023-11-12,2026-01-04,9,2,1,Reliability issues,The API is rate limited so aggressively that our sync jobs fail nightly. Would not recommend at this point.
C01071,Vertex Robotics Ltd,Media,EMEA,Growth,11,646.49,2024-08-09,2026-08-16,3,7,0,,"Our account manager is responsive, tier-1 support less so."
C01072,Keystone Systems Ltd,Healthcare,NA,Starter,8,240.97,2026-06-14,2026-06-15,3,4,1,Too expensive,Overage charges were a nasty surprise on the invoice. Would not recommend at this point.
C01073,Sable Networks Inc,Retail,NA,Growth,25,1468.55,2023-10-13,2026-08-16,2,9,0,,The platform is fast and stable; no complaints. We plan to add more seats next quarter.
C01074,Quantum Media,Logistics,EMEA,Starter,8,241.5,2026-03-30,2026-08-24,2,9,0,,Great templates got us started immediately. Would buy again without hesitation.
C01075,Juniper Partners,Media,APAC,Starter,9,259.68,2025-11-23,2026-05-27,4,8,1,Reliability issues,"Mostly stable, with the occasional slow dashboard."
C01076,Aurora Foods Ltd,Fintech,EMEA,Enterprise,338,28909.06,2023-03-03,2026-08-22,2,6,0,,Onboarding was confusing and we never really got set up properly. Frustrating overall.
C01077,Harbor Digital GmbH,Healthcare,NA,Growth,36,1996.14,2024-04-16,2026-08-19,4,8,0,,"Our account manager is responsive, tier-1 support less so."
C01078,Northwind Logistics,Retail,LATAM,Growth,33,1835.17,2026-06-03,2026-08-20,5,5,0,,The support team is friendly but never actually fixes anything. Renewal is unlikely.
C01079,Northwind Capital LLC,Healthcare,NA,Growth,64,3748.33,2024-08-02,2026-07-24,2,6,0,,The roadmap items we were promised never shipped.
C01080,Tidewater Software GmbH,Fintech,LATAM,Enterprise,414,32574.43,2025-10-07,2026-08-27,2,8,0,,We are on the fence at renewal because of the price increase.
C01081,Falcon Analytics Ltd,Fintech,APAC,Starter,5,144.6,2026-03-18,2026-03-19,7,2,1,Onboarding too complex,The setup wizard failed twice and we gave up on the advanced features.
C01082,Nimbus Analytics,Logistics,APAC,Starter,5,146.15,2023-01-04,2026-07-07,3,6,1,Poor support experience,The support team is friendly but never actually fixes anything. Would not recommend at this point.
C01083,Silverlake Systems,Logistics,APAC,Starter,13,377.73,2025-07-22,2026-08-27,1,7,0,,"Our account manager is responsive, tier-1 support less so. We will see how the next release goes."
C01084,Bluepeak Health LLC,Media,NA,Growth,54,2915.82,2026-03-11,2026-08-15,0,9,0,,The HubSpot sync saved us hours every week.
C01085,Cobalt Logistics Ltd,Logistics,EMEA,Growth,48,2577.43,2025-01-07,2026-04-13,9,0,1,Reliability issues,Frequent logouts and stale sessions made it unusable for the field team. We are evaluating alternatives.
C01086,Atlas Software Co,Manufacturing,APAC,Growth,35,2037.98,2026-05-10,2026-08-14,0,8,0,,Support quality varies a lot depending on who picks up the ticket.
C01087,Atlas Systems,Manufacturing,EMEA,Starter,7,202.43,2025-06-11,2026-03-29,0,8,1,Onboarding too complex,"Setup took longer than expected, mostly on our side."
C01088,Atlas Dynamics Co,Manufacturing,NA,Starter,6,190.97,2025-03-13,2026-07-04,0,8,0,,Integrations cover the basics; we still miss a native Jira connector. Happy enough to stay for now.
C01089,Northwind Dynamics Ltd,Retail,NA,Enterprise,203,17443.42,2023-06-07,2026-08-29,4,4,0,,We had three outages in one month during peak hours. It has been a disappointing year.
C01090,Oakridge Digital,Retail,NA,Enterprise,128,10646.4,2025-10-02,2026-07-03,0,10,0,,Plays nicely with every tool in our stack. Highly recommended.
C01091,Zenith Dynamics Co,Fintech,EMEA,Starter,14,414.98,2025-12-27,2026-08-13,0,5,0,,The mobile app crashes whenever we open a large report.
C01092,Beacon Software Ltd,Education,EMEA,Growth,31,1708.38,2024-02-29,2026-08-21,1,9,0,,Powerful yet simple; it grows with us.
C01093,Lumen Capital Inc,Fintech,APAC,Growth,14,870.34,2023-07-21,2026-08-26,1,8,0,,"The annual discount helped, monthly pricing feels steep."
C01094,Atlas Partners,Fintech,APAC,Growth,53,2772.28,2024-12-31,2026-08-19,1,6,0,,Half the team stopped logging in after the first month. Frustrating overall.
C01095,Meridian Studio GmbH,Healthcare,EMEA,Starter,4,107.64,2026-04-12,2026-07-01,3,6,0,,Dashboards time out constantly when we filter more than a few weeks. Would not recommend at this point.
C01096,Pioneer Software,Retail,NA,Growth,31,1725.53,2025-07-22,2026-08-13,1,7,0,,We sync with our warehouse nightly and it mostly works.
C01097,Northwind Digital,SaaS,EMEA,Starter,5,149.85,2025-10-31,2026-08-23,2,6,0,,SSO setup with Okta took three support tickets to get working.
C01098,Windmill Networks,Manufacturing,NA,Starter,9,263.98,2024-12-17,2026-08-19,3,4,0,,Data was missing for two days and nobody told us why. Would not recommend at this point.
C01099,Oakridge Studio,Media,NA,Growth,27,1635.85,2024-06-16,2026-08-17,0,9,0,,Automation rules removed a ton of manual work. Keep up the great work.
C01100,Brightline Retail Inc,SaaS,NA,Starter,8,236.88,2024-01-24,2026-08-13,1,8,0,,Integrations cover the basics; we still miss a native Jira connector.
C01101,Silverlake Media LLC,SaaS,NA,Starter,13,354.68,2025-10-27,2026-08-24,0,9,0,,Custom roles and audit logs made our compliance team happy.
C01102,Brightline Networks GmbH,Fintech,NA,Starter,8,234.61,2025-04-08,2026-05-17,4,5,1,Reliability issues,We could not connect it to our data warehouse without a consultant.
C01103,Mosaic Logistics Co,Manufacturing,EMEA,Starter,5,152.64,2025-08-12,2026-08-24,8,3,0,,The per-seat model punishes us every time we onboard a contractor.
C01104,Mosaic Studio Ltd,Media,NA,Growth,39,2154.63,2025-12-05,2026-08-30,0,9,0,,"Best-in-class dashboards, our execs love them. Keep up the great work."
C01105,Silverlake Digital Co,SaaS,NA,Starter,5,137.4,2026-06-03,2026-08-25,1,10,0,,Performance is excellent even at month-end peaks. We plan to add more seats next quarter.
C01106,Ember Digital,Manufacturing,NA,Growth,48,2598.59,2025-12-02,2026-07-26,3,8,0,,"Does what it says, nothing spectacular."
C01107,Atlas Systems,SaaS,EMEA,Enterprise,227,19527.46,2024-07-23,2026-08-16,0,7,0,,"Support is okay, sometimes quick, sometimes slow. We will see how the next release goes."
C01108,Tidewater Robotics Inc,Retail,EMEA,Starter,3,93.25,2023-06-18,2026-08-18,0,8,0,,"One outage this quarter, communicated well. Some room for improvement."
C01109,Granite Retail Ltd,Logistics,NA,Growth,35,1770.17,2024-12-14,2026-08-29,3,7,0,,"One outage this quarter, communicated well."
C01110,Lumen Robotics Co,SaaS,NA,Starter,12,353.03,2024-07-22,2026-08-24,1,7,0,,"The Slack integration is handy, the HubSpot one is limited. We will see how the next release goes."
C01111,Windmill Robotics,SaaS,LATAM,Starter,3,83.76,2026-04-08,2026-07-23,7,4,1,Integration gaps,We could not connect it to our data warehouse without a consultant. Would not recommend at this point.
C01112,Cobalt Retail GmbH,Retail,EMEA,Starter,7,207.12,2023-02-19,2026-01-24,7,4,1,Too expensive,The price per seat is hard to justify for a team our size.
C01113,Cobalt Works Co,Healthcare,EMEA,Starter,5,148.41,2025-12-28,2026-01-12,4,6,1,Low usage / no longer needed,Honestly we barely used it; it never became part of our workflow.
C01114,Frontier Networks Ltd,Logistics,EMEA,Starter,3,86.19,2025-03-18,2026-07-06,5,5,1,Low usage / no longer needed,Onboarding was confusing and we never really got set up properly. We are evaluating alternatives.
C01115,Aurora Foods,Logistics,APAC,Starter,5,148.66,2023-03-31,2026-08-12,0,9,0,,"Rock solid, we have never seen an outage. We plan to add more seats next quarter."
C01116,Sable Robotics,SaaS,APAC,Enterprise,169,14869.78,2023-11-05,2026-08-18,2,6,0,,Too expensive compared with the alternatives we evaluated.
C01117,Pioneer Networks GmbH,SaaS,NA,Growth,20,1172.23,2023-03-21,2026-08-29,0,9,0,,Feature releases ship every month and they listen to feedback.
C01118,Juniper Media,Manufacturing,EMEA,Enterprise,162,12903.16,2026-04-02,2026-08-16,1,5,0,,"No audit log, which our compliance team requires. Renewal is unlikely."
C01119,Foxglove Studio,Fintech,NA,Growth,62,3595.93,2025-04-02,2026-08-21,0,8,0,,The help center is good; live support is average.
C01120,Lumen Partners,Media,EMEA,Growth,19,1158.16,2025-02-27,2026-08-31,0,7,0,,"Good product, waiting on the custom fields feature. Overall it is fine."
C01121,Vertex Partners,Education,NA,Starter,7,207.58,2024-10-25,2026-02-19,9,2,1,Reliability issues,Data was missing for two days and nobody told us why.
C01122,Tidewater Labs Co,SaaS,NA,Growth,69,3681.39,2024-05-26,2026-08-12,2,8,0,,Costs are acceptable for what we use today.
C01123,Summit Analytics,Media,LATAM,Starter,2,60.29,2023-08-07,2026-08-16,1,10,0,,The Enterprise plan pays for itself in saved hours.
C01124,Meridian Supply,SaaS,APAC,Enterprise,95,9461.23,2025-07-22,2026-07-12,2,6,0,,The mobile app crashes whenever we open a large report. It has been a disappointing year.
C01125,Lumen Retail Ltd,Retail,NA,Enterprise,92,8429.34,2023-06-18,2026-08-31,4,5,0,,Performance degraded badly as our dataset grew.
C01126,Orbit Learning GmbH,Healthcare,LATAM,Starter,13,378.42,2023-09-22,2026-08-17,4,7,0,,Costs are acceptable for what we use today.
C01127,Stellar Foods,Retail,NA,Growth,32,1681.03,2026-05-31,2026-06-01,3,3,1,Missing features,Missing basic features like bulk edit and custom roles. We are evaluating alternatives.
C01128,Copperfield Works Ltd,Education,EMEA,Growth,65,3463.9,2023-04-27,2026-08-23,3,5,0,,We opened four tickets for the same bug and got four different answers.
C01129,Foxglove Labs LLC,Education,APAC,Growth,61,3203.2,2026-04-28,2026-08-31,1,6,0,,The per-seat model punishes us every time we onboard a contractor. It has been a disappointing year.
C01130,Stellar Partners,Logistics,NA,Starter,11,320.67,2023-04-22,2026-08-27,1,10,0,,The mobile app is snappy and dependable.
C01131,Tidewater Group Ltd,Logistics,EMEA,Growth,30,1745.87,2024-09-12,2026-08-26,1,9,0,,Custom roles and audit logs made our compliance team happy.
C01132,Cascade Group,Retail,EMEA,Growth,51,2840.1,2025-01-13,2026-08-20,1,7,0,,"Our account manager is responsive, tier-1 support less so. Some room for improvement."
C01133,Summit Group,SaaS,NA,Starter,3,83.9,2023-05-25,2026-07-10,4,5,0,,Data was missing for two days and nobody told us why.
C01134,Falcon Digital Ltd,Education,NA,Growth,18,1054.88,2026-02-08,2026-08-30,1,7,0,,The help center is good; live support is average.
C01135,Halcyon Media,Logistics,NA,Starter,10,278.94,2026-05-06,2026-08-12,0,10,0,,The Enterprise plan pays for itself in saved hours. We plan to add more seats next quarter.
C01136,Frontier Learning GmbH,Fintech,EMEA,Enterprise,170,14412.83,2023-10-12,2026-08-30,1,4,0,,Dashboards time out constantly when we filter more than a few weeks.
C01137,Orbit Group Inc,Retail,NA,Starter,5,135.53,2023-10-10,2026-08-17,1,8,0,,Support quality varies a lot depending on who picks up the ticket.
C01138,Brightline Dynamics GmbH,Retail,NA,Starter,3,87.53,2025-08-27,2026-08-26,4,5,0,,The API is rate limited so aggressively that our sync jobs fail nightly. We are evaluating alternatives.
C01139,Tidewater Group Co,SaaS,EMEA,Starter,5,143.38,2024-04-19,2026-08-11,3,6,0,,Response times got noticeably worse over the last quarter.
C01140,Quantum Supply,Education,NA,Enterprise,386,32717.02,2023-02-18,2026-08-23,1,7,0,,"The annual discount helped, monthly pricing feels steep. We will see how the next release goes."
C01141,Crescent Software GmbH,Fintech,NA,Growth,17,936.71,2025-08-15,2026-08-19,2,5,0,,Adoption stalled because the learning curve is steep.
C01142,Pioneer Foods Co,Manufacturing,EMEA,Starter,10,297.59,2024-03-26,2026-08-26,1,10,0,,Webhooks are reliable and easy to configure.
C01143,Lumen Networks,Media,APAC,Starter,8,229.23,2024-06-03,2026-08-24,4,5,0,,We opened four tickets for the same bug and got four different answers.
C01144,Sable Partners Inc,Manufacturing,NA,Growth,28,1666.35,2025-04-14,2026-07-23,3,8,1,Switched to competitor,Useful tool; the roadmap looks promising.
C01145,Keystone Analytics,Retail,APAC,Starter,4,107.32,2025-01-06,2026-08-14,3,6,0,,No phone support and email replies take forever. Would not recommend at this point.
C01146,Northwind Labs,Fintech,EMEA,Starter,8,220.47,2025-11-20,2026-08-31,0,10,0,,Webhooks are reliable and easy to configure.
C01147,Cobalt Labs Co,Manufacturing,NA,Enterprise,280,23194.29,2025-10-15,2026-08-17,2,6,0,,We had three outages in one month during peak hours. It has been a disappointing year.
C01148,Lumen Systems Ltd,Manufacturing,APAC,Starter,8,244.76,2026-04-18,2026-08-13,1,8,0,,Costs are acceptable for what we use today. Some room for improvement.
C01149,Ironclad Learning,Retail,EMEA,Growth,40,2241.09,2026-03-17,2026-08-18,1,7,0,,Useful tool; the roadmap looks promising. We will see how the next release goes.
C01150,Stellar Partners GmbH,Media,EMEA,Starter,9,262.36,2025-03-18,2026-08-23,0,8,0,,"Our account manager is responsive, tier-1 support less so. Happy enough to stay for now."
C01151,Solstice Capital,SaaS,EMEA,Growth,11,625.0,2024-12-11,2026-08-23,3,7,0,,"Fine for simple questions, weaker on technical issues. We will see how the next release goes."
C01152,Pioneer Foods GmbH,Media,EMEA,Growth,35,1835.47,2024-08-13,2026-08-16,2,10,0,,Uptime has been perfect for as long as we have used it. Keep up the great work.
C01153,Zenith Works,SaaS,LATAM,Starter,7,205.25,2025-04-27,2026-05-22,6,2,1,Too expensive,Our budget was cut and the platform was the first thing to go. Renewal is unlikely.
C01154,Falcon Logistics Ltd,SaaS,EMEA,Growth,70,3948.55,2023-03-19,2026-08-12,2,6,0,,No phone support and email replies take forever. Frustrating overall.
C01155,Riverbend Digital Inc,Healthcare,APAC,Enterprise,295,25031.76,2024-05-28,2026-08-19,0,7,0,,The help center is good; live support is average. We will see how the next release goes.
C01156,Redwood Learning Co,SaaS,EMEA,Growth,56,3282.84,2023-12-18,2026-08-19,2,7,0,,"Setup took longer than expected, mostly on our side."
C01157,Harbor Retail,SaaS,APAC,Starter,10,282.08,2024-12-11,2026-08-16,2,7,0,,"Reliable overall, exports could be faster. We will see how the next release goes."
C01158,Falcon Analytics,SaaS,LATAM,Starter,8,233.66,2026-03-23,2026-08-21,1,10,0,,Webhooks are reliable and easy to configure. Would buy again without hesitation.
C01159,Juniper Capital,Retail,NA,Enterprise,134,10512.4,2024-09-05,2026-08-30,0,9,0,,Easily worth the seat cost given the time saved. Would buy again without hesitation.
C01160,Evergreen Works LLC,Manufacturing,NA,Starter,3,87.73,2025-01-13,2026-08-18,3,7,0,,Good enough integration options for our stack. Some room for improvement.
C01161,Halcyon Partners Co,SaaS,EMEA,Starter,10,307.04,2024-05-28,2026-08-15,4,3,0,,Chat support only sends links to docs we have already read. Would not recommend at this point.
C01162,Granite Learning,Education,NA,Starter,5,138.96,2024-03-13,2026-06-22,1,8,0,,Documentation is solid but a guided setup call would have helped. Overall it is fine.
C01163,Pioneer Dynamics,Manufacturing,EMEA,Enterprise,285,24790.62,2025-05-18,2026-08-25,2,5,0,,We had three outages in one month during peak hours.
C01164,Atlas Labs LLC,SaaS,APAC,Starter,8,245.37,2023-11-14,2026-08-30,0,9,0,,Adoption was instant; people actually enjoy using it.
C01165,Zenith Supply Ltd,SaaS,LATAM,Starter,8,225.6,2026-01-26,2026-08-19,0,10,0,,Connected to Snowflake in an afternoon.
C01166,Sable Studio,Media,NA,Growth,23,1382.35,2023-05-26,2026-08-20,0,8,0,,"Fine for simple questions, weaker on technical issues."
C01167,Pioneer Logistics GmbH,Manufacturing,EMEA,Starter,5,154.16,2023-10-11,2026-03-05,1,8,1,Low usage / no longer needed,We are still ramping up usage across the team.
C01168,Brightline Retail LLC,Healthcare,NA,Starter,4,117.07,2025-08-17,2026-07-26,2,6,0,,The mobile app crashes whenever we open a large report.
C01169,Harbor Capital Co,Manufacturing,EMEA,Growth,36,2037.48,2023-04-16,2026-08-17,1,8,0,,The tutorials are helpful; the data import could be smoother.
C01170,Orbit Robotics,SaaS,NA,Starter,8,215.54,2024-06-10,2026-07-09,0,10,0,,Uptime has been perfect for as long as we have used it.
C01171,Silverlake Logistics,Retail,EMEA,Enterprise,178,15336.47,2024-04-27,2026-08-27,2,8,0,,"Solid basics, some rough edges in the admin console."
C01172,Cascade Networks Co,Manufacturing,EMEA,Starter,10,296.0,2026-04-10,2026-08-29,1,6,0,,The support team is friendly but never actually fixes anything. Would not recommend at this point.
C01173,Harbor Networks Co,Fintech,EMEA,Enterprise,87,7585.17,2023-07-22,2026-08-15,0,10,0,,Great templates got us started immediately. Keep up the great work.
C01174,Riverbend Digital,Manufacturing,EMEA,Growth,21,1191.21,2024-08-02,2026-08-18,0,9,0,,Feature releases ship every month and they listen to feedback. Highly recommended.
C01175,Cobalt Labs,Retail,NA,Starter,10,297.01,2024-08-09,2026-08-28,9,5,0,,Webhook payloads changed without notice and broke our pipeline.
C01176,Frontier Foods Ltd,Manufacturing,NA,Starter,7,200.54,2025-11-10,2026-01-22,1,4,1,Too expensive,The per-seat model punishes us every time we onboard a contractor.
C01177,Copperfield Foods GmbH,Retail,NA,Growth,25,1540.6,2024-11-21,2026-08-20,1,8,0,,It does the job; adoption is growing slowly.
C01178,Windmill Systems,Retail,LATAM,Starter,4,117.44,2023-06-16,2026-06-14,3,6,1,Company downsized,No phone support and email replies take forever. Would not recommend at this point.
C01179,Orbit Health LLC,SaaS,LATAM,Starter,5,145.33,2026-01-15,2026-08-20,0,7,0,,"No major issues, some minor bugs here and there."
C01180,Cobalt Analytics LLC,SaaS,NA,Enterprise,175,14625.85,2023-07-12,2026-07-02,0,10,0,,Onboarding was smooth and the whole team was productive in a week.
C01181,Orbit Supply,Manufacturing,NA,Growth,62,3441.77,2025-06-05,2026-08-15,1,5,0,,Missing basic features like bulk edit and custom roles. We are evaluating alternatives.
C01182,Evergreen Partners,SaaS,NA,Enterprise,109,9466.94,2023-12-15,2026-03-09,0,8,1,Switched to competitor,"Does what it says, nothing spectacular. We will see how the next release goes."
C01183,Evergreen Works,SaaS,EMEA,Starter,9,266.57,2023-06-05,2026-02-18,6,3,1,Too expensive,Too expensive compared with the alternatives we evaluated. We are evaluating alternatives.
C01184,Mosaic Logistics,SaaS,NA,Starter,5,142.55,2023-09-02,2026-08-31,0,7,0,,Tickets get resolved eventually but it takes follow-ups. Overall it is fine.
C01185,Beacon Learning LLC,SaaS,NA,Growth,77,4434.45,2026-04-19,2026-08-29,1,10,0,,The reporting and forecasting features are exactly what we needed. Would buy again without hesitation.
C01186,Northwind Dynamics Inc,Manufacturing,NA,Starter,9,267.87,2026-05-31,2026-06-01,5,4,1,Too expensive,Our budget was cut and the platform was the first thing to go.
C01187,Mosaic Robotics GmbH,Retail,NA,Starter,5,147.23,2025-02-04,2026-02-11,3,5,1,Onboarding too complex,Data was missing for two days and nobody told us why. It has been a disappointing year.
C01188,Aurora Media,Logistics,NA,Starter,2,58.21,2025-10-28,2026-08-21,5,6,0,,Dashboards time out constantly when we filter more than a few weeks.
C01189,Atlas Analytics,SaaS,NA,Starter,7,207.06,2026-02-26,2026-08-23,1,8,0,,"Support is okay, sometimes quick, sometimes slow."
C01190,Quantum Analytics GmbH,Education,EMEA,Growth,24,1312.25,2024-03-20,2026-06-21,2,8,0,,It does the job; adoption is growing slowly.
C01191,Sable Supply,Retail,EMEA,Starter,7,204.96,2025-08-24,2026-05-20,2,8,1,Missing features,Tickets get resolved eventually but it takes follow-ups.
C01192,Crescent Health Co,Retail,NA,Enterprise,340,30488.09,2024-10-25,2026-08-31,1,8,0,,Would like faster responses on weekends.
C01193,Tidewater Foods Inc,Media,EMEA,Starter,7,204.79,2023-08-09,2026-08-14,1,10,0,,Automation rules removed a ton of manual work.
C01194,Quantum Media Co,Logistics,EMEA,Starter,4,116.39,2024-11-11,2026-02-19,5,2,1,Too expensive,The price per seat is hard to justify for a team our size. We are evaluating alternatives.
C01195,Harbor Studio GmbH,Media,APAC,Starter,10,283.09,2023-02-28,2026-04-19,3,5,1,Poor support experience,Support tickets sit for days before anyone replies.
C01196,Tidewater Labs,SaaS,LATAM,Growth,23,1383.75,2025-02-13,2026-08-20,2,7,0,,Costs are acceptable for what we use today.
C01197,Harbor Works,Fintech,NA,Enterprise,333,27803.3,2023-11-28,2026-08-11,1,8,0,,Would like more flexible billing for seasonal staff.
C01198,Falcon Networks Co,Education,APAC,Enterprise,147,13017.89,2023-05-13,2026-08-01,2,7,0,,Covers our core needs; advanced reporting is limited.
C01199,Copperfield Retail LLC,Fintech,EMEA,Starter,6,167.99,2025-06-18,2026-08-13,1,9,0,,We expanded to two more teams because it works so well. Would buy again without hesitation.
C01200,Brightline Robotics,Manufacturing,EMEA,Starter,9,256.28,2024-03-21,2026-08-11,1,8,0,,Good enough integration options for our stack.
C01201,Orbit Partners Inc,Healthcare,NA,Enterprise,240,19710.59,2024-07-24,2026-07-20,3,6,0,,No phone support and email replies take forever. It has been a disappointing year.
C01202,Oakridge Dynamics Ltd,Healthcare,NA,Starter,7,217.9,2023-04-20,2026-08-08,2,8,0,,Onboarding was fine but could use more templates.
C01203,Atlas Analytics,Manufacturing,NA,Growth,29,1698.01,2023-04-12,2026-08-27,2,6,0,,Dashboards time out constantly when we filter more than a few weeks.
C01204,Mosaic Works,Education,LATAM,Starter,6,170.19,2026-03-18,2026-08-28,0,9,0,,"Fast, friendly and technically sharp support."
C01205,Cobalt Retail,SaaS,EMEA,Starter,8,212.6,2025-02-04,2026-08-29,1,8,0,,"Our account manager is responsive, tier-1 support less so. Some room for improvement."
C01206,Bluepeak Robotics,SaaS,NA,Starter,7,195.6,2024-05-29,2026-08-30,2,6,0,,The support team is friendly but never actually fixes anything. Would not recommend at this point.
C01207,Frontier Digital,Healthcare,EMEA,Starter,6,177.67,2025-04-29,2026-07-28,1,6,0,,Overage charges were a nasty surprise on the invoice. We are evaluating alternatives.
C01208,Meridian Studio Co,Retail,NA,Enterprise,167,14347.53,2025-07-16,2026-08-21,0,8,0,,Onboarding was fine but could use more templates. We will see how the next release goes.
C01209,Lumen Studio,Fintech,NA,Growth,32,1710.1,2023-05-26,2026-08-29,0,8,0,,Integrations cover the basics; we still miss a native Jira connector. Some room for improvement.
C01210,Harbor Learning LLC,Retail,EMEA,Enterprise,115,9446.68,2026-03-20,2026-08-17,2,6,0,,"A competitor offered everything we needed at a lower price, so we switched."
C01211,Stellar Capital,Manufacturing,EMEA,Growth,17,1077.62,2025-04-16,2026-08-20,0,8,0,,Would love a two-way calendar sync.
C01212,Quantum Studio Co,Manufacturing,APAC,Starter,8,257.02,2024-01-30,2026-06-19,1,8,0,,"Setup took longer than expected, mostly on our side. Happy enough to stay for now."
C01213,Aurora Logistics LLC,Healthcare,EMEA,Growth,20,1234.27,2023-12-09,2026-08-13,0,6,0,,Performance degraded badly as our dataset grew. It has been a disappointing year.
C01214,Foxglove Partners,Retail,EMEA,Starter,3,92.43,2023-04-23,2026-02-10,7,2,1,Reliability issues,Webhook payloads changed without notice and broke our pipeline.
C01215,Tidewater Capital Ltd,Fintech,APAC,Enterprise,252,22708.38,2023-11-24,2026-08-24,1,8,0,,"Our account manager is responsive, tier-1 support less so."
C01216,Pioneer Health Ltd,Healthcare,NA,Starter,11,347.26,2024-03-05,2026-08-14,3,7,0,,Tickets get resolved eventually but it takes follow-ups. Some room for improvement.
C01217,Oakridge Capital GmbH,Fintech,EMEA,Enterprise,295,24524.44,2023-09-29,2026-08-11,2,8,0,,The mobile app lags behind the web app. Overall it is fine.
C01218,Ember Works LLC,Healthcare,EMEA,Growth,31,1641.21,2025-05-06,2026-08-22,2,5,0,,We pay for features we never use; the plan tiers make no sense. Frustrating overall.
C01219,Aurora Partners Ltd,Education,NA,Growth,23,1456.52,2023-11-19,2026-08-19,0,8,0,,"Reliable overall, exports could be faster."
C01220,Quantum Media,SaaS,NA,Growth,55,2901.45,2024-09-29,2026-08-11,0,9,0,,The API is clean and well documented; we automated everything. Keep up the great work.
C01221,Ember Systems,SaaS,NA,Growth,48,2525.4,2024-12-13,2026-08-22,3,6,0,,Webhook payloads changed without notice and broke our pipeline.
C01222,Halcyon Dynamics,SaaS,NA,Growth,36,1895.86,2023-04-06,2026-08-29,1,6,0,,Chat support only sends links to docs we have already read. It has been a disappointing year.
C01223,Orbit Dynamics Inc,Media,EMEA,Growth,31,1692.03,2023-08-04,2026-08-23,0,8,0,,Feature set is competitive but not best in class. We will see how the next release goes.
C01224,Granite Software,Education,NA,Starter,5,133.49,2023-03-31,2026-08-16,0,9,0,,"Rock solid, we have never seen an outage. Would buy again without hesitation."
C01225,Juniper Partners GmbH,SaaS,EMEA,Growth,53,2741.4,2025-05-31,2026-08-11,4,5,0,,Our budget was cut and the platform was the first thing to go. Frustrating overall.
C01226,Meridian Networks Ltd,Media,NA,Starter,4,113.11,2025-06-11,2026-08-16,1,8,0,,"The Slack integration is handy, the HubSpot one is limited."
C01227,Bluepeak Learning GmbH,Retail,NA,Growth,21,1179.73,2023-06-15,2026-07-28,2,9,0,,Feature releases ship every month and they listen to feedback. Keep up the great work.
C01228,Ironclad Capital Ltd,Retail,NA,Growth,58,3317.7,2025-07-28,2026-04-04,7,4,1,Too expensive,The setup wizard failed twice and we gave up on the advanced features.
C01229,Riverbend Networks Ltd,Logistics,NA,Starter,9,261.07,2025-11-01,2026-08-16,3,7,0,,"Reliable overall, exports could be faster. Some room for improvement."
C01230,Brightline Learning GmbH,SaaS,LATAM,Growth,15,905.43,2023-05-20,2026-08-29,3,6,0,,Chat support only sends links to docs we have already read.
C01231,Crescent Supply,SaaS,NA,Starter,4,118.17,2023-05-30,2026-08-14,0,9,0,,"Fast, friendly and technically sharp support."
C01232,Nimbus Networks Ltd,Healthcare,NA,Growth,62,3373.8,2025-10-11,2026-08-20,0,7,0,,We are on the fence at renewal because of the price increase. Happy enough to stay for now.
C01233,Vertex Systems GmbH,SaaS,NA,Growth,20,1226.64,2024-01-29,2026-08-31,3,4,0,,Escalations go nowhere; we had to chase our account manager repeatedly.
C01234,Vertex Health,Education,NA,Growth,52,2904.84,2024-03-16,2026-08-28,4,6,0,,"A competitor offered everything we needed at a lower price, so we switched."
C01235,Oakridge Partners Inc,SaaS,EMEA,Growth,12,698.98,2025-01-20,2026-08-16,0,8,0,,Onboarding was fine but could use more templates.
C01236,Halcyon Health Co,SaaS,APAC,Starter,14,378.65,2023-03-29,2026-02-04,3,6,1,Poor support experience,The support team is friendly but never actually fixes anything. It has been a disappointing year.
C01237,Zenith Networks,SaaS,NA,Starter,6,177.62,2024-07-12,2026-07-05,5,4,1,Switched to competitor,"No audit log, which our compliance team requires. Would not recommend at this point."
C01238,Ember Group,Retail,EMEA,Growth,52,2709.29,2024-03-02,2026-06-22,1,8,0,,The mobile app lags behind the web app.
C01239,Falcon Capital,SaaS,EMEA,Starter,5,147.21,2025-11-15,2026-08-22,0,7,0,,"Reliable overall, exports could be faster."
C01240,Summit Supply Ltd,SaaS,APAC,Starter,3,87.27,2025-07-21,2026-08-19,1,5,0,,SSO setup with Okta took three support tickets to get working. Would not recommend at this point.
C01241,Zenith Studio Ltd,Media,EMEA,Starter,2,54.84,2024-01-01,2026-03-24,5,4,1,Poor support experience,No phone support and email replies take forever.
C01242,Stellar Health,Fintech,NA,Starter,3,87.9,2025-04-16,2026-08-08,2,10,0,,Automation rules removed a ton of manual work. Would buy again without hesitation.
C01243,Pioneer Retail Ltd,Retail,EMEA,Enterprise,302,25607.78,2024-05-28,2026-08-20,0,8,0,,Tickets get resolved eventually but it takes follow-ups. Some room for improvement.
C01244,Keystone Retail Co,SaaS,APAC,Starter,1,29.23,2024-09-06,2026-08-27,3,6,0,,The API is rate limited so aggressively that our sync jobs fail nightly. Renewal is unlikely.
C01245,Orbit Labs,Fintech,EMEA,Starter,5,145.85,2025-07-27,2026-06-14,1,8,1,Switched to competitor,Covers our core needs; advanced reporting is limited.
C01246,Orbit Capital Co,Fintech,LATAM,Enterprise,114,9342.76,2023-12-23,2026-08-12,0,7,0,,"Does what it says, nothing spectacular. Overall it is fine."
C01247,Evergreen Retail,Healthcare,APAC,Enterprise,208,17917.4,2025-01-07,2026-08-27,1,6,0,,We outgrew the product; it is fine for small teams but not for us.
C01248,Frontier Robotics Ltd,SaaS,NA,Starter,5,141.01,2024-06-17,2026-07-28,2,5,1,Poor support experience,Support tickets sit for days before anyone replies. Renewal is unlikely.
C01249,Zenith Retail,Media,APAC,Enterprise,70,6167.87,2025-04-09,2026-02-13,2,4,1,Integration gaps,Frequent logouts and stale sessions made it unusable for the field team.
C01250,Granite Learning GmbH,Logistics,EMEA,Starter,6,178.7,2024-05-01,2026-08-18,3,5,0,,Frequent logouts and stale sessions made it unusable for the field team. We are evaluating alternatives.
C01251,Northwind Robotics,SaaS,EMEA,Growth,38,2163.16,2026-04-08,2026-08-30,2,7,0,,Uptime is fine; performance on large filters could improve. Some room for improvement.
C01252,Solstice Learning Ltd,SaaS,EMEA,Starter,4,118.81,2024-05-12,2026-03-01,4,4,1,Onboarding too complex,Half the team stopped logging in after the first month.
C01253,Windmill Dynamics Ltd,SaaS,APAC,Starter,3,86.28,2023-05-20,2026-08-28,2,7,0,,The API works but the docs could be clearer.
C01254,Copperfield Health Inc,Healthcare,EMEA,Starter,3,80.25,2024-09-16,2026-08-15,1,5,0,,SSO setup with Okta took three support tickets to get working.
C01255,Ironclad Digital Inc,SaaS,EMEA,Growth,12,749.96,2023-11-01,2026-06-23,0,8,1,Missing features,Covers our core needs; advanced reporting is limited. Some room for improvement.
C01256,Cascade Studio Co,Media,NA,Starter,4,106.93,2024-08-03,2026-08-18,1,9,0,,"Support is outstanding, replies within the hour. Highly recommended."
C01257,Vertex Studio,Manufacturing,NA,Growth,49,2751.66,2026-03-20,2026-08-25,3,6,0,,Onboarding was confusing and we never really got set up properly.
C01258,Evergreen Health,Manufacturing,APAC,Growth,18,1151.64,2023-05-11,2026-08-28,1,7,0,,"The annual discount helped, monthly pricing feels steep. Happy enough to stay for now."
C01259,Harbor Health LLC,Healthcare,EMEA,Starter,5,145.87,2023-02-24,2026-08-29,2,5,0,,The forecasting module is too simplistic for our use case. Renewal is unlikely.
C01260,Solstice Works GmbH,Logistics,NA,Enterprise,98,9127.97,2024-01-06,2026-08-21,2,7,0,,We are still ramping up usage across the team. Happy enough to stay for now.
C01261,Atlas Foods Inc,SaaS,APAC,Starter,3,88.32,2024-07-10,2026-02-16,6,3,1,Onboarding too complex,It took weeks to import our data and the docs were out of date. It has been a disappointing year.
C01262,Copperfield Partners Co,Retail,APAC,Starter,5,146.15,2023-06-14,2026-08-23,0,7,0,,We are still ramping up usage across the team.
C01263,Evergreen Logistics,Fintech,EMEA,Starter,12,380.72,2025-06-06,2026-06-11,4,5,1,Poor support experience,The Salesforce integration breaks every other week. Would not recommend at this point.
C01264,Juniper Digital,Logistics,NA,Starter,4,112.09,2025-02-07,2026-08-11,3,5,0,,The price per seat is hard to justify for a team our size. It has been a disappointing year.
C01265,Foxglove Partners,Healthcare,EMEA,Starter,4,111.51,2025-06-14,2026-08-30,0,8,0,,Covers our core needs; advanced reporting is limited.
C01266,Brightline Labs,Manufacturing,NA,Growth,36,1949.44,2024-06-23,2026-08-11,0,7,0,,Good enough integration options for our stack.
C01267,Crescent Health,SaaS,NA,Growth,27,1703.93,2026-04-02,2026-08-15,2,6,0,,We opened four tickets for the same bug and got four different answers. Frustrating overall.
C01268,Riverbend Dynamics Co,Logistics,EMEA,Starter,8,226.65,2025-05-07,2026-08-19,2,3,0,,Zapier is the only integration path and it is flaky.
C01269,Evergreen Software GmbH,Retail,APAC,Starter,6,176.99,2026-03-20,2026-08-27,5,4,0,,Reporting is too rigid; we ended up exporting to spreadsheets anyway. Frustrating overall.
C01270,Stellar Robotics GmbH,Retail,NA,Growth,48,2746.59,2023-04-22,2026-08-23,2,8,0,,"Support is okay, sometimes quick, sometimes slow."
C01271,Bluepeak Health,Logistics,APAC,Starter,2,59.81,2025-05-01,2026-07-12,0,8,1,Poor support experience,Tickets get resolved eventually but it takes follow-ups.
C01272,Juniper Partners Ltd,Retail,APAC,Growth,55,3140.75,2024-03-16,2026-07-31,2,5,1,Company downsized,Our budget was cut and the platform was the first thing to go. Would not recommend at this point.
C01273,Tidewater Retail LLC,Retail,NA,Enterprise,95,9242.76,2023-09-04,2026-08-12,1,9,0,,Dashboards load instantly even on huge datasets.
C01274,Harbor Logistics,Healthcare,NA,Starter,9,264.22,2023-08-19,2026-06-17,2,7,1,Low usage / no longer needed,The tutorials are helpful; the data import could be smoother. We will see how the next release goes.
C01275,Frontier Software,SaaS,EMEA,Growth,33,1777.61,2023-09-08,2026-08-25,1,8,0,,"Most of the team uses it weekly, a few power users daily. Happy enough to stay for now."
C01276,Lumen Media LLC,Fintech,APAC,Enterprise,86,7964.65,2023-04-28,2026-07-01,4,4,1,Poor support experience,The support team is friendly but never actually fixes anything. We are evaluating alternatives.
C01277,Beacon Supply,SaaS,NA,Growth,48,2598.04,2024-08-02,2026-08-29,4,4,0,,Performance degraded badly as our dataset grew.
C01278,Atlas Foods,SaaS,EMEA,Enterprise,159,14729.37,2025-09-13,2026-08-21,2,6,0,,Response times got noticeably worse over the last quarter.
C01279,Crescent Works GmbH,Media,EMEA,Starter,8,227.06,2024-08-14,2026-03-20,4,6,1,Poor support experience,Chat support only sends links to docs we have already read. It has been a disappointing year.
C01280,Northwind Systems,Healthcare,EMEA,Growth,61,3411.75,2023-06-17,2026-08-20,2,10,0,,Budget approval was easy because the ROI is obvious.
C01281,Meridian Learning,Fintech,EMEA,Starter,13,354.37,2025-06-21,2026-08-28,3,6,0,,The support team is friendly but never actually fixes anything.
C01282,Mosaic Logistics GmbH,Retail,NA,Starter,12,349.85,2023-08-12,2026-01-10,5,5,1,Reliability issues,Pricing jumped at renewal and nobody warned us.
C01283,Sable Foods Inc,Retail,NA,Enterprise,165,13725.3,2026-01-13,2026-08-15,1,9,0,,Performance is excellent even at month-end peaks. Would buy again without hesitation.
C01284,Orbit Studio GmbH,Healthcare,NA,Starter,7,208.49,2024-04-13,2026-08-30,1,9,0,,Custom roles and audit logs made our compliance team happy. Highly recommended.
C01285,Riverbend Studio,Logistics,LATAM,Enterprise,270,23358.27,2023-01-02,2026-08-23,1,8,0,,We sync with our warehouse nightly and it mostly works.
C01286,Cascade Group,Logistics,APAC,Growth,44,2551.12,2024-01-09,2026-05-27,0,9,1,Poor support experience,"Fine for simple questions, weaker on technical issues. We will see how the next release goes."
C01287,Frontier Foods,Retail,APAC,Enterprise,158,14007.06,2025-11-28,2026-07-30,1,6,0,,No phone support and email replies take forever.
C01288,Halcyon Analytics,Fintech,NA,Enterprise,112,9399.8,2026-03-19,2026-08-22,0,7,0,,"The annual discount helped, monthly pricing feels steep."
C01289,Harbor Learning,Retail,EMEA,Growth,27,1532.82,2024-06-22,2026-08-11,0,9,0,,Onboarding was smooth and the whole team was productive in a week.
C01290,Northwind Software GmbH,Healthcare,NA,Enterprise,404,32871.85,2026-06-15,2026-08-22,0,9,0,,Webhooks are reliable and easy to configure.
C01291,Solstice Analytics LLC,Retail,NA,Growth,33,1832.64,2023-10-23,2026-04-21,7,3,1,Integration gaps,The Salesforce integration breaks every other week. It has been a disappointing year.
C01292,Zenith Networks Co,Education,NA,Growth,23,1365.56,2024-06-22,2026-02-02,1,8,1,Low usage / no longer needed,Onboarding was fine but could use more templates. Happy enough to stay for now.
C01293,Falcon Health,Healthcare,APAC,Growth,32,1773.96,2024-08-07,2026-08-14,2,7,0,,We like the dashboards but want more automation. We will see how the next release goes.
C01294,Lumen Foods,Fintech,NA,Starter,8,227.03,2023-09-14,2026-08-15,1,6,0,,Frequent logouts and stale sessions made it unusable for the field team. Would not recommend at this point.
C01295,Frontier Dynamics,Fintech,EMEA,Starter,5,153.34,2024-05-03,2026-08-22,3,7,0,,Would like more flexible billing for seasonal staff. We will see how the next release goes.
C01296,Juniper Digital Inc,Retail,LATAM,Starter,11,300.21,2024-09-27,2026-07-13,5,5,1,Company downsized,Our budget was cut and the platform was the first thing to go.
C01297,Stellar Works LLC,SaaS,EMEA,Starter,7,198.21,2025-06-11,2026-08-26,1,7,0,,Useful tool; the roadmap looks promising.
C01298,Cascade Health,SaaS,NA,Starter,5,138.75,2024-09-24,2026-06-09,3,6,0,,Dashboards time out constantly when we filter more than a few weeks. Frustrating overall.
C01299,Evergreen Learning GmbH,Education,APAC,Growth,24,1404.16,2023-05-12,2026-08-30,0,8,0,,Setup for SSO was fiddly but works now. Happy enough to stay for now.
C01300,Quantum Dynamics,Retail,EMEA,Growth,52,2995.51,2024-08-17,2026-08-20,1,8,0,,"Fine for simple questions, weaker on technical issues."
C01301,Bluepeak Studio GmbH,SaaS,EMEA,Growth,40,2169.54,2025-12-18,2026-08-27,6,4,0,,We pay for features we never use; the plan tiers make no sense. Frustrating overall.
C01302,Quantum Learning,Healthcare,EMEA,Enterprise,352,29741.03,2023-01-26,2026-08-11,2,8,0,,Uptime is fine; performance on large filters could improve.
C01303,Crescent Software Ltd,Manufacturing,APAC,Enterprise,108,9329.67,2026-06-27,2026-08-30,2,9,0,,Best customer success team we have worked with.
C01304,Zenith Retail Inc,Fintech,EMEA,Enterprise,166,13781.54,2023-06-13,2026-08-21,0,9,0,,Great templates got us started immediately.
C01305,Foxglove Robotics Ltd,Manufacturing,EMEA,Growth,41,2284.1,2023-01-12,2026-08-20,0,9,0,,"Support is outstanding, replies within the hour."
C01306,Sable Capital,Logistics,EMEA,Starter,2,58.58,2023-06-29,2026-08-20,1,8,0,,We are still ramping up usage across the team.
C01307,Oakridge Robotics,Healthcare,NA,Enterprise,119,9560.9,2023-11-16,2026-08-21,0,10,0,,The support team clearly knows the product inside out. Highly recommended.
C01308,Foxglove Learning,Education,APAC,Starter,7,199.23,2024-03-24,2026-08-31,1,9,0,,The reporting and forecasting features are exactly what we needed. We plan to add more seats next quarter.
C01309,Aurora Analytics GmbH,SaaS,NA,Starter,6,176.47,2025-11-24,2026-08-18,4,8,0,,Reports are a bit slow at month end.
C01310,Harbor Capital LLC,Logistics,NA,Starter,10,304.87,2025-01-11,2026-08-26,4,7,0,,"One outage this quarter, communicated well."
C01311,Solstice Robotics,Retail,NA,Growth,19,1178.45,2025-03-25,2026-06-23,2,6,0,,We could not connect it to our data warehouse without a consultant. Would not recommend at this point.
C01312,Tidewater Studio Co,Logistics,NA,Growth,9,575.51,2026-01-25,2026-07-29,1,7,0,,"Setup took longer than expected, mostly on our side."
C01313,Sable Dynamics,Healthcare,NA,Starter,4,118.25,2023-06-17,2026-08-15,1,9,0,,The platform is fast and stable; no complaints.
C01314,Pioneer Software Inc,SaaS,EMEA,Growth,50,2698.14,2023-10-13,2026-07-27,1,7,0,,Would prefer usage-based pricing over per-seat.
C01315,Tidewater Networks,SaaS,NA,Starter,10,289.26,2026-05-20,2026-07-18,6,4,1,Company downsized,Our budget was cut and the platform was the first thing to go.
C01316,Riverbend Analytics Ltd,Education,NA,Starter,2,57.74,2025-09-11,2026-07-07,1,10,1,Budget cuts,Pricing is fair but the Growth tier is a big jump from Starter.
C01317,Frontier Digital Inc,Healthcare,APAC,Starter,7,199.69,2023-03-17,2026-08-22,0,8,0,,Covers our core needs; advanced reporting is limited.
C01318,Nimbus Capital Ltd,SaaS,LATAM,Starter,5,147.22,2023-10-16,2026-08-14,3,8,0,,Tickets get resolved eventually but it takes follow-ups.
C01319,Keystone Works,Manufacturing,EMEA,Growth,36,2009.26,2024-04-21,2026-08-12,4,6,0,,The mobile app crashes whenever we open a large report. Frustrating overall.
C01320,Windmill Robotics Inc,Media,NA,Starter,5,138.19,2023-02-11,2026-08-15,0,8,0,,We like the dashboards but want more automation.
C01321,Solstice Systems Ltd,Retail,NA,Starter,6,181.57,2025-01-13,2026-08-31,1,6,0,,Our budget was cut and the platform was the first thing to go. We are evaluating alternatives.
C01322,Harbor Capital Inc,Retail,NA,Starter,4,107.48,2025-04-09,2026-08-18,11,0,0,,We opened four tickets for the same bug and got four different answers.
C01323,Quantum Studio,SaaS,NA,Growth,63,3426.05,2024-03-04,2026-08-12,2,8,0,,"The Slack integration is handy, the HubSpot one is limited."
C01324,Beacon Dynamics,Manufacturing,LATAM,Enterprise,415,36527.72,2023-10-01,2026-08-20,0,10,0,,Connected to Snowflake in an afternoon.
C01325,Harbor Studio Inc,Fintech,EMEA,Growth,36,2023.31,2024-06-26,2026-06-27,0,10,0,,Excellent documentation and training videos.
C01326,Quantum Networks Co,Media,NA,Growth,23,1337.62,2026-03-19,2026-04-10,3,5,1,Too expensive,We pay for features we never use; the plan tiers make no sense. Renewal is unlikely.
C01327,Solstice Health LLC,Retail,LATAM,Enterprise,164,14887.44,2025-07-05,2026-08-17,1,7,0,,Onboarding was fine but could use more templates.
C01328,Northwind Dynamics,Healthcare,NA,Starter,4,113.96,2026-04-06,2026-04-08,1,7,1,Low usage / no longer needed,The tutorials are helpful; the data import could be smoother. We will see how the next release goes.
C01329,Windmill Networks,Fintech,NA,Starter,10,266.78,2024-12-06,2026-08-19,0,7,0,,"The annual discount helped, monthly pricing feels steep. Happy enough to stay for now."
C01330,Aurora Robotics,SaaS,NA,Growth,45,2513.87,2023-05-15,2026-02-06,2,7,1,Low usage / no longer needed,Setup for SSO was fiddly but works now. Overall it is fine.
C01331,Orbit Robotics,Manufacturing,NA,Starter,4,107.75,2023-03-18,2026-08-21,2,7,0,,"Solid basics, some rough edges in the admin console."
C01332,Brightline Systems Inc,Retail,APAC,Starter,9,252.32,2023-09-06,2026-08-20,1,7,0,,Would like more flexible billing for seasonal staff.
C01333,Ember Retail Co,Healthcare,NA,Starter,8,237.78,2024-10-26,2026-08-11,0,10,0,,Webhooks are reliable and easy to configure. Would buy again without hesitation.
C01334,Vertex Partners GmbH,Logistics,EMEA,Starter,2,56.93,2023-09-26,2026-03-03,1,7,1,Switched to competitor,"The Slack integration is handy, the HubSpot one is limited. Some room for improvement."
C01335,Frontier Group Ltd,Logistics,NA,Growth,45,2526.49,2024-02-09,2026-08-22,0,8,0,,Feature set is competitive but not best in class. Happy enough to stay for now.
C01336,Granite Learning Inc,Media,APAC,Starter,11,304.22,2026-03-08,2026-08-26,1,8,0,,"Mostly stable, with the occasional slow dashboard."
C01337,Evergreen Logistics,SaaS,EMEA,Starter,9,269.96,2023-02-25,2026-08-27,4,6,0,,"No native Slack or HubSpot connector, so we had to build our own. Renewal is unlikely."
C01338,Quantum Studio,Healthcare,EMEA,Enterprise,100,8584.26,2023-04-10,2026-08-23,0,6,0,,Onboarding was confusing and we never really got set up properly.
C01339,Aurora Capital GmbH,Media,NA,Growth,16,993.79,2024-05-12,2026-08-28,0,10,0,,Webhooks are reliable and easy to configure.
C01340,Nimbus Learning Inc,Retail,APAC,Starter,9,256.04,2025-08-16,2026-03-23,1,6,1,Budget cuts,Our budget was cut and the platform was the first thing to go. It has been a disappointing year.
C01341,Brightline Studio,SaaS,EMEA,Starter,10,307.76,2025-11-17,2026-08-25,2,3,0,,Zapier is the only integration path and it is flaky. It has been a disappointing year.
C01342,Oakridge Health Ltd,Manufacturing,NA,Starter,7,196.18,2024-01-03,2026-08-24,1,9,0,,Performance is excellent even at month-end peaks.
C01343,Ember Labs Inc,Retail,APAC,Starter,14,437.26,2024-01-06,2026-07-08,6,6,1,Reliability issues,Our budget was cut and the platform was the first thing to go. We are evaluating alternatives.
C01344,Crescent Dynamics Inc,Healthcare,NA,Starter,4,111.56,2025-01-13,2026-08-13,0,7,0,,"Solid basics, some rough edges in the admin console. Overall it is fine."
C01345,Brightline Capital,Logistics,NA,Starter,3,80.76,2026-01-10,2026-08-25,1,8,0,,"Reliable overall, exports could be faster. Some room for improvement."
C01346,Foxglove Partners Ltd,Healthcare,EMEA,Enterprise,281,23686.92,2023-08-15,2026-08-26,0,9,0,,The guided setup made data import painless.
C01347,Quantum Supply,Retail,NA,Enterprise,276,24371.8,2026-02-12,2026-08-23,2,7,0,,The tutorials are helpful; the data import could be smoother.
C01348,Copperfield Dynamics,Retail,EMEA,Growth,44,2490.65,2025-10-26,2026-06-10,1,9,0,,Every ticket we raised was resolved the same day.
C01349,Quantum Media LLC,Retail,NA,Growth,23,1420.13,2023-12-08,2026-08-25,3,8,0,,"Support is okay, sometimes quick, sometimes slow."
C01350,Keystone Software,SaaS,NA,Growth,24,1461.91,2025-05-05,2026-08-20,0,8,0,,We are still ramping up usage across the team. We will see how the next release goes.
C01351,Zenith Analytics Ltd,Manufacturing,NA,Growth,14,798.9,2025-03-13,2026-08-22,3,5,0,,Chat support only sends links to docs we have already read.
C01352,Halcyon Digital,Media,NA,Enterprise,136,11795.25,2023-01-27,2026-01-30,4,3,1,Onboarding too complex,Escalations go nowhere; we had to chase our account manager repeatedly. We are evaluating alternatives.
C01353,Beacon Capital Inc,Fintech,LATAM,Growth,41,2258.02,2024-05-27,2026-08-21,0,8,0,,"Good product, waiting on the custom fields feature."
C01354,Sable Foods,Fintech,EMEA,Growth,47,2505.68,2023-10-30,2026-08-11,2,8,0,,"Reliable overall, exports could be faster. Some room for improvement."
C01355,Ironclad Retail,Media,EMEA,Growth,23,1366.74,2023-03-28,2026-08-29,2,8,0,,"Reliable overall, exports could be faster. Some room for improvement."
C01356,Copperfield Retail Inc,SaaS,NA,Growth,51,2792.07,2024-08-18,2026-08-22,1,7,0,,The tutorials are helpful; the data import could be smoother. We will see how the next release goes.
C01357,Tidewater Foods Ltd,Healthcare,EMEA,Starter,8,245.14,2025-06-15,2026-08-02,2,6,0,,The per-seat model punishes us every time we onboard a contractor. Would not recommend at this point.
C01358,Cascade Health LLC,Retail,NA,Starter,5,142.01,2024-11-08,2026-07-03,0,10,0,,"Great value for the price, especially on the annual plan. Would buy again without hesitation."
C01359,Brightline Media,Education,NA,Starter,7,198.44,2023-04-24,2026-08-21,3,6,0,,Half the team stopped logging in after the first month. Frustrating overall.
C01360,Bluepeak Partners Ltd,SaaS,EMEA,Starter,5,140.95,2025-11-21,2026-08-18,3,7,0,,Would prefer usage-based pricing over per-seat.
C01361,Windmill Health Ltd,Education,EMEA,Starter,5,156.0,2023-03-31,2026-08-15,2,6,0,,"No audit log, which our compliance team requires."
C01362,Vertex Logistics Co,Retail,APAC,Starter,11,310.8,2024-05-08,2026-08-21,3,6,0,,Onboarding was confusing and we never really got set up properly. It has been a disappointing year.
C01363,Brightline Group Ltd,Healthcare,APAC,Starter,3,91.51,2024-12-26,2026-08-17,0,10,0,,Pricing is transparent and scales sensibly with our team.
C01364,Pioneer Networks Inc,SaaS,APAC,Enterprise,156,12585.82,2026-03-28,2026-08-22,2,5,0,,Pricing jumped at renewal and nobody warned us.
C01365,Silverlake Learning Inc,Retail,NA,Starter,4,118.35,2025-08-20,2026-04-17,2,5,1,Budget cuts,The per-seat model punishes us every time we onboard a contractor.
C01366,Pioneer Group GmbH,Healthcare,NA,Starter,8,234.44,2023-09-05,2026-08-13,0,8,0,,"One outage this quarter, communicated well. We will see how the next release goes."
C01367,Zenith Works Co,SaaS,NA,Starter,9,273.88,2024-06-29,2026-01-10,2,9,1,Onboarding too complex,"Fine for simple questions, weaker on technical issues. Some room for improvement."
C01368,Vertex Capital Inc,SaaS,APAC,Starter,10,302.63,2025-12-30,2026-08-16,2,9,0,,Feature releases ship every month and they listen to feedback.
C01369,Solstice Supply,SaaS,APAC,Growth,48,2642.39,2023-11-13,2026-08-27,3,8,0,,Support quality varies a lot depending on who picks up the ticket. We will see how the next release goes.
C01370,Ironclad Supply,Fintech,LATAM,Growth,30,1731.98,2026-02-27,2026-08-23,5,6,0,,Escalations go nowhere; we had to chase our account manager repeatedly. We are evaluating alternatives.
C01371,Riverbend Media Inc,SaaS,NA,Starter,4,123.54,2024-11-11,2026-08-28,3,7,0,,Support quality varies a lot depending on who picks up the ticket.
C01372,Vertex Systems,Logistics,APAC,Growth,16,919.95,2025-03-10,2026-08-08,2,6,0,,"No audit log, which our compliance team requires."
C01373,Halcyon Networks Inc,Retail,EMEA,Starter,11,290.06,2025-04-25,2026-08-25,1,8,0,,Would prefer usage-based pricing over per-seat. We will see how the next release goes.
C01374,Ironclad Capital GmbH,Manufacturing,APAC,Growth,25,1365.34,2026-05-19,2026-08-30,0,10,0,,Cheaper than what we replaced and far more capable.
C01375,Nimbus Capital,Logistics,EMEA,Enterprise,180,14168.47,2025-05-27,2026-08-18,0,8,0,,Documentation is solid but a guided setup call would have helped.
C01376,Solstice Analytics,SaaS,NA,Enterprise,142,12234.03,2024-06-07,2026-08-26,1,7,0,,It does the job; adoption is growing slowly. We will see how the next release goes.
C01377,Atlas Analytics GmbH,Education,NA,Starter,7,220.98,2025-01-22,2026-01-20,2,2,1,Company downsized,Pricing jumped at renewal and nobody warned us.
C01378,Foxglove Dynamics,Media,LATAM,Growth,21,1137.9,2025-06-11,2026-08-11,1,10,0,,Performance is excellent even at month-end peaks. We plan to add more seats next quarter.
C01379,Frontier Robotics Co,Healthcare,NA,Growth,67,3561.21,2025-02-02,2026-08-12,0,8,0,,"Good product, waiting on the custom fields feature. We will see how the next release goes."
C01380,Redwood Robotics,Retail,NA,Enterprise,147,12414.1,2023-01-13,2026-08-29,3,5,0,,Webhook payloads changed without notice and broke our pipeline.
C01381,Oakridge Partners,Retail,NA,Starter,10,307.93,2026-02-24,2026-08-19,1,9,0,,We expanded to two more teams because it works so well. Keep up the great work.
C01382,Evergreen Software,SaaS,NA,Starter,3,84.26,2023-12-17,2026-08-11,2,5,0,,Half the team stopped logging in after the first month.
C01383,Pioneer Health Co,Healthcare,LATAM,Starter,5,148.43,2025-04-10,2026-08-17,1,9,0,,Plays nicely with every tool in our stack.
C01384,Keystone Robotics GmbH,Logistics,NA,Starter,6,172.26,2024-12-23,2026-08-18,2,5,0,,"No native Slack or HubSpot connector, so we had to build our own."
C01385,Ironclad Analytics LLC,Logistics,NA,Growth,52,3150.79,2023-06-03,2026-08-15,1,8,0,,Would like faster responses on weekends.
C01386,Quantum Health,SaaS,APAC,Starter,7,204.17,2026-01-22,2026-08-21,2,6,0,,We were never shown how to use the reporting module.
C01387,Quantum Capital Co,Education,EMEA,Starter,3,88.24,2023-04-17,2026-08-17,1,6,0,,Reporting is too rigid; we ended up exporting to spreadsheets anyway. Renewal is unlikely.
C01388,Quantum Logistics,Fintech,NA,Enterprise,314,26512.15,2026-04-30,2026-08-14,1,6,0,,Honestly we barely used it; it never became part of our workflow.
C01389,Copperfield Works,Media,NA,Growth,17,986.36,2026-03-22,2026-08-19,0,6,0,,SSO setup with Okta took three support tickets to get working.
C01390,Mosaic Works Inc,SaaS,NA,Enterprise,292,25505.4,2025-01-09,2026-08-25,1,6,0,,Half the team stopped logging in after the first month.
C01391,Atlas Group,Logistics,NA,Growth,35,1831.42,2026-05-02,2026-08-15,1,9,0,,The platform is fast and stable; no complaints.
C01392,Tidewater Analytics LLC,Media,NA,Enterprise,268,20746.25,2025-12-28,2026-08-30,2,5,0,,We pay for features we never use; the plan tiers make no sense.
C01393,Redwood Studio,SaaS,NA,Growth,25,1466.14,2026-02-22,2026-04-03,0,5,1,Onboarding too complex,Adoption stalled because the learning curve is steep. Renewal is unlikely.
C01394,Atlas Retail Co,SaaS,EMEA,Starter,7,209.62,2025-10-16,2026-08-28,2,4,0,,Our budget was cut and the platform was the first thing to go.
C01395,Silverlake Studio,Media,APAC,Starter,8,226.61,2026-03-31,2026-07-12,0,8,1,Too expensive,Would like more flexible billing for seasonal staff.
C01396,Copperfield Software,SaaS,APAC,Enterprise,266,22550.88,2025-09-14,2026-08-15,2,5,0,,The Salesforce integration breaks every other week. Frustrating overall.
C01397,Granite Software,Healthcare,NA,Starter,5,137.92,2026-01-28,2026-08-15,1,8,0,,"Most of the team uses it weekly, a few power users daily. Overall it is fine."
C01398,Crescent Media LLC,Logistics,NA,Starter,6,181.4,2023-05-23,2026-08-19,3,9,0,,Onboarding was smooth and the whole team was productive in a week.
C01399,Windmill Capital,Healthcare,LATAM,Growth,14,847.54,2024-06-28,2026-08-31,1,7,0,,Would like faster responses on weekends. Overall it is fine.
C01400,Keystone Works LLC,Retail,APAC,Starter,5,145.11,2024-09-02,2026-08-22,2,8,0,,Useful tool; the roadmap looks promising. Overall it is fine.
C01401,Sable Analytics Inc,Retail,EMEA,Starter,11,321.15,2026-03-06,2026-08-22,2,6,0,,Honestly we barely used it; it never became part of our workflow. Would not recommend at this point.
C01402,Northwind Media Inc,SaaS,NA,Growth,27,1504.2,2024-09-12,2026-08-16,3,6,0,,Half the team stopped logging in after the first month. Would not recommend at this point.
C01403,Mosaic Media Inc,Logistics,NA,Starter,7,192.05,2024-07-15,2026-07-11,7,3,1,Too expensive,Our budget was cut and the platform was the first thing to go.
C01404,Meridian Works LLC,Fintech,EMEA,Growth,19,1115.53,2025-10-01,2026-08-21,3,6,0,,Support tickets sit for days before anyone replies.
C01405,Windmill Logistics Co,SaaS,EMEA,Starter,7,207.17,2025-04-09,2026-08-17,2,8,0,,"The annual discount helped, monthly pricing feels steep. Some room for improvement."
C01406,Mosaic Networks,Fintech,NA,Growth,23,1387.63,2025-01-17,2026-08-22,1,6,0,,Half the team stopped logging in after the first month. Renewal is unlikely.
C01407,Foxglove Capital GmbH,Logistics,LATAM,Starter,12,342.95,2026-03-11,2026-08-12,3,6,0,,Missing basic features like bulk edit and custom roles. It has been a disappointing year.
C01408,Juniper Dynamics,SaaS,EMEA,Growth,27,1640.5,2025-11-12,2026-06-24,3,5,0,,Chat support only sends links to docs we have already read.
C01409,Nimbus Learning,Media,EMEA,Starter,8,245.18,2025-06-26,2026-08-16,2,8,0,,We are on the fence at renewal because of the price increase. Overall it is fine.
C01410,Bluepeak Networks Inc,Education,NA,Starter,4,115.59,2026-05-05,2026-06-16,2,6,1,Company downsized,Pricing jumped at renewal and nobody warned us.
C01411,Bluepeak Supply,Media,APAC,Growth,30,1791.92,2023-03-03,2026-08-21,0,9,0,,It became part of our daily workflow almost immediately. We plan to add more seats next quarter.
C01412,Tidewater Retail Ltd,Logistics,EMEA,Starter,8,230.07,2024-12-08,2026-08-18,1,8,0,,Support quality varies a lot depending on who picks up the ticket. Some room for improvement.
C01413,Cascade Learning,Media,NA,Growth,33,1801.56,2023-02-09,2026-08-24,0,10,0,,We expanded to two more teams because it works so well. Would buy again without hesitation.
C01414,Copperfield Health,Logistics,EMEA,Starter,13,379.56,2025-10-07,2026-08-18,0,9,0,,Adoption was instant; people actually enjoy using it.
C01415,Vertex Health,SaaS,EMEA,Starter,2,61.95,2023-06-12,2026-08-31,1,7,0,,We sync with our warehouse nightly and it mostly works. Happy enough to stay for now.
C01416,Brightline Capital GmbH,Manufacturing,APAC,Starter,7,210.43,2024-12-16,2026-08-26,0,5,0,,Performance degraded badly as our dataset grew.
C01417,Solstice Systems,Healthcare,NA,Enterprise,211,18341.72,2025-09-25,2026-08-16,2,8,0,,Feature set is competitive but not best in class. Overall it is fine.
C01418,Riverbend Foods Ltd,Healthcare,APAC,Starter,4,113.89,2025-03-09,2026-02-14,8,3,1,Low usage / no longer needed,Honestly we barely used it; it never became part of our workflow.
C01419,Brightline Learning,Media,EMEA,Starter,10,279.58,2023-03-16,2026-08-27,2,6,0,,Adoption stalled because the learning curve is steep. Renewal is unlikely.
C01420,Cobalt Works Ltd,Logistics,NA,Growth,35,1950.37,2024-08-30,2026-08-31,5,3,0,,Escalations go nowhere; we had to chase our account manager repeatedly. Renewal is unlikely.
C01421,Evergreen Group Co,Education,NA,Starter,8,243.54,2025-09-21,2026-06-18,6,3,1,Poor support experience,Support tickets sit for days before anyone replies.
C01422,Crescent Dynamics,Retail,NA,Growth,29,1828.95,2026-05-09,2026-08-25,2,6,0,,Pricing jumped at renewal and nobody warned us. Would not recommend at this point.
C01423,Copperfield Media Inc,Retail,NA,Enterprise,163,12370.79,2026-02-20,2026-08-11,3,5,0,,Support tickets sit for days before anyone replies. Would not recommend at this point.
C01424,Beacon Capital GmbH,Retail,EMEA,Growth,34,2048.14,2025-11-09,2026-07-12,4,5,0,,We had three outages in one month during peak hours. It has been a disappointing year.
C01425,Summit Studio Co,Retail,EMEA,Starter,12,353.8,2024-01-27,2026-08-12,3,6,0,,Response times got noticeably worse over the last quarter. Frustrating overall.
C01426,Cascade Foods Co,Retail,NA,Starter,8,240.43,2025-08-17,2026-08-11,2,8,0,,Support quality varies a lot depending on who picks up the ticket.
C01427,Windmill Partners Co,SaaS,LATAM,Enterprise,279,21843.84,2023-08-01,2026-08-31,0,7,0,,Reports are a bit slow at month end. Happy enough to stay for now.
C01428,Quantum Systems Inc,SaaS,NA,Growth,31,1684.85,2024-02-25,2026-04-18,10,0,1,Onboarding too complex,Adoption stalled because the learning curve is steep.
C01429,Ironclad Labs Inc,Manufacturing,EMEA,Starter,2,59.91,2023-12-28,2026-08-26,4,5,0,,No phone support and email replies take forever.
C01430,Atlas Analytics,Retail,LATAM,Enterprise,105,8420.56,2024-09-11,2026-08-24,1,6,0,,Performance degraded badly as our dataset grew.
C01431,Cobalt Foods Inc,Logistics,APAC,Enterprise,112,8335.93,2026-01-21,2026-02-24,1,8,1,Low usage / no longer needed,We sync with our warehouse nightly and it mostly works.
C01432,Ember Supply,Healthcare,EMEA,Starter,6,176.34,2026-01-06,2026-08-25,2,9,0,,"Fast, friendly and technically sharp support. Keep up the great work."
C01433,Falcon Health LLC,SaaS,EMEA,Starter,11,318.36,2026-02-13,2026-08-28,3,8,0,,Documentation is solid but a guided setup call would have helped.
C01434,Quantum Works,SaaS,NA,Growth,68,3946.27,2026-04-09,2026-08-30,3,3,0,,No phone support and email replies take forever. Renewal is unlikely.
C01435,Nimbus Studio Co,SaaS,NA,Enterprise,108,9030.07,2023-02-05,2026-08-28,1,6,0,,The setup wizard failed twice and we gave up on the advanced features. We are evaluating alternatives.
C01436,Cobalt Retail,Logistics,NA,Growth,16,940.73,2026-06-26,2026-06-27,3,8,1,Switched to competitor,"Does what it says, nothing spectacular."
C01437,Frontier Partners Inc,SaaS,NA,Starter,4,119.24,2026-01-24,2026-08-23,2,5,0,,The price per seat is hard to justify for a team our size.
C01438,Cascade Group Co,Retail,NA,Starter,3,90.6,2025-07-26,2026-08-28,3,5,0,,Adoption stalled because the learning curve is steep. Would not recommend at this point.
C01439,Windmill Systems Ltd,Logistics,NA,Starter,8,225.42,2023-04-13,2026-04-16,5,4,1,Poor support experience,The support team is friendly but never actually fixes anything. We are evaluating alternatives.
C01440,Solstice Software,Logistics,APAC,Starter,6,180.57,2025-07-21,2026-08-22,4,5,0,,Zapier is the only integration path and it is flaky.
C01441,Orbit Retail,Fintech,APAC,Growth,38,2041.55,2025-05-12,2026-06-20,1,5,0,,Data was missing for two days and nobody told us why.
C01442,Solstice Capital Inc,SaaS,APAC,Starter,2,58.04,2023-04-30,2026-08-25,0,5,0,,Half the team stopped logging in after the first month.
C01443,Pioneer Software GmbH,SaaS,EMEA,Starter,4,119.11,2023-09-15,2026-07-24,1,9,0,,Powerful yet simple; it grows with us.
C01444,Riverbend Works GmbH,SaaS,NA,Enterprise,284,24706.5,2025-08-16,2026-08-11,0,9,0,,Cheaper than what we replaced and far more capable.
C01445,Oakridge Capital,SaaS,NA,Starter,5,146.85,2023-08-02,2026-08-13,1,6,0,,Honestly we barely used it; it never became part of our workflow. Frustrating overall.
C01446,Summit Supply GmbH,Healthcare,EMEA,Starter,8,221.97,2024-03-18,2026-01-04,6,5,1,Onboarding too complex,It took weeks to import our data and the docs were out of date.
C01447,Falcon Partners,Logistics,EMEA,Enterprise,233,18140.15,2025-02-14,2026-06-09,1,7,0,,Would prefer usage-based pricing over per-seat. Some room for improvement.
C01448,Riverbend Robotics,Healthcare,NA,Starter,6,172.69,2026-01-08,2026-08-14,1,8,0,,Useful tool; the roadmap looks promising.
C01449,Atlas Capital Ltd,Healthcare,EMEA,Enterprise,190,16609.68,2023-12-29,2026-08-20,1,8,0,,"Most of the team uses it weekly, a few power users daily. Some room for improvement."
C01450,Cobalt Networks,SaaS,EMEA,Starter,6,177.13,2023-01-15,2026-08-14,1,7,0,,Documentation is solid but a guided setup call would have helped.
C01451,Quantum Media,Manufacturing,NA,Starter,10,292.81,2025-12-22,2026-08-25,0,9,0,,Plays nicely with every tool in our stack.
C01452,Bluepeak Software Inc,Healthcare,NA,Growth,22,1297.64,2026-04-07,2026-07-18,0,8,0,,Tickets get resolved eventually but it takes follow-ups. Overall it is fine.
C01453,Tidewater Foods,Media,NA,Starter,4,117.43,2025-12-26,2026-08-23,1,9,0,,The HubSpot sync saved us hours every week.
C01454,Oakridge Retail Ltd,Logistics,EMEA,Growth,29,1642.96,2024-09-09,2026-08-27,4,6,0,,Adoption stalled because the learning curve is steep.
C01455,Pioneer Supply,Fintech,LATAM,Starter,8,239.24,2025-07-07,2026-08-19,1,10,0,,Plays nicely with every tool in our stack.
C01456,Juniper Group Ltd,SaaS,EMEA,Growth,36,2042.19,2023-06-13,2026-08-17,4,7,0,,The API works but the docs could be clearer. Some room for improvement.
C01457,Pioneer Foods,Fintech,EMEA,Starter,5,142.94,2025-03-24,2026-06-08,0,7,0,,Costs are acceptable for what we use today. Some room for improvement.
C01458,Windmill Group,Retail,APAC,Growth,48,2679.8,2025-02-05,2026-08-11,2,7,0,,Support quality varies a lot depending on who picks up the ticket. Overall it is fine.
C01459,Bluepeak Labs,Logistics,NA,Growth,70,3577.18,2025-03-21,2026-08-21,2,4,0,,We outgrew the product; it is fine for small teams but not for us. We are evaluating alternatives.
C01460,Quantum Learning Co,Retail,EMEA,Growth,34,1879.02,2025-06-02,2026-08-20,0,10,0,,"Rock solid, we have never seen an outage."
C01461,Keystone Partners Inc,Manufacturing,EMEA,Starter,6,173.07,2026-02-08,2026-08-31,3,5,0,,We opened four tickets for the same bug and got four different answers. Renewal is unlikely.
C01462,Meridian Networks,Healthcare,EMEA,Growth,24,1487.32,2025-09-22,2026-08-24,0,10,0,,It became part of our daily workflow almost immediately.
C01463,Cascade Works,SaaS,NA,Growth,50,2721.7,2023-02-16,2026-08-25,2,5,0,,Onboarding was confusing and we never really got set up properly. Would not recommend at this point.
C01464,Lumen Supply,Fintech,APAC,Starter,7,210.05,2025-06-14,2026-08-31,2,7,0,,"Decent value, though we keep an eye on seat costs."
C01465,Summit Health LLC,Education,LATAM,Growth,23,1335.77,2025-07-19,2026-08-30,0,8,0,,"Our account manager is responsive, tier-1 support less so."
C01466,Evergreen Systems Inc,Education,NA,Starter,8,210.78,2024-12-07,2026-08-09,3,7,0,,We are still ramping up usage across the team.
C01467,Ironclad Logistics,Retail,NA,Starter,12,344.86,2025-03-06,2026-03-16,5,4,1,Reliability issues,Frequent logouts and stale sessions made it unusable for the field team. Would not recommend at this point.
C01468,Cascade Systems Inc,Fintech,NA,Growth,35,1935.56,2023-04-15,2026-08-26,1,9,0,,Feature releases ship every month and they listen to feedback.
C01469,Atlas Supply Ltd,Education,APAC,Starter,4,116.7,2023-11-30,2026-08-18,0,7,0,,The API works but the docs could be clearer. We will see how the next release goes.
C01470,Lumen Systems GmbH,SaaS,EMEA,Starter,3,87.58,2026-01-06,2026-08-27,2,7,0,,"Solid basics, some rough edges in the admin console."
C01471,Juniper Retail Inc,Logistics,NA,Growth,55,2956.71,2023-01-03,2026-07-05,0,8,0,,Feature set is competitive but not best in class.
C01472,Halcyon Logistics GmbH,SaaS,APAC,Growth,30,1747.08,2026-06-08,2026-06-09,0,8,1,Budget cuts,"The annual discount helped, monthly pricing feels steep. We will see how the next release goes."
C01473,Falcon Studio,SaaS,NA,Starter,6,166.16,2023-10-12,2026-08-24,2,8,0,,We sync with our warehouse nightly and it mostly works.
C01474,Vertex Learning LLC,Retail,EMEA,Starter,7,186.79,2025-09-19,2026-08-17,2,9,0,,Great templates got us started immediately. Keep up the great work.
C01475,Copperfield Capital Ltd,Retail,NA,Starter,4,115.51,2023-10-08,2026-08-14,4,5,0,,Too expensive compared with the alternatives we evaluated.
C01476,Aurora Systems LLC,Retail,EMEA,Growth,37,1969.67,2023-02-14,2026-08-23,1,7,0,,We like the dashboards but want more automation.
C01477,Brightline Foods Inc,Retail,EMEA,Starter,11,332.78,2025-02-10,2026-02-25,4,4,1,Company downsized,Pricing jumped at renewal and nobody warned us. We are evaluating alternatives.
C01478,Mosaic Health GmbH,Logistics,NA,Growth,19,1023.16,2025-08-22,2026-08-15,2,7,0,,Useful tool; the roadmap looks promising.
C01479,Northwind Supply,Retail,NA,Growth,16,954.99,2023-04-19,2026-08-15,5,5,0,,The per-seat model punishes us every time we onboard a contractor.
C01480,Harbor Works GmbH,Retail,APAC,Enterprise,197,17984.31,2023-12-11,2026-03-19,2,6,1,Company downsized,The price per seat is hard to justify for a team our size. It has been a disappointing year.
C01481,Keystone Analytics GmbH,Retail,EMEA,Starter,9,259.09,2024-01-24,2026-07-04,1,6,0,,Chat support only sends links to docs we have already read. We are evaluating alternatives.
C01482,Copperfield Retail,SaaS,APAC,Starter,6,173.98,2026-05-12,2026-08-17,2,8,0,,"No major issues, some minor bugs here and there. Happy enough to stay for now."
C01483,Riverbend Works Co,Healthcare,EMEA,Starter,6,176.97,2024-01-31,2026-08-21,1,7,0,,"Our account manager is responsive, tier-1 support less so."
C01484,Ironclad Retail Co,Fintech,APAC,Starter,2,59.17,2023-03-23,2026-08-13,2,8,0,,We sync with our warehouse nightly and it mostly works.
C01485,Granite Systems,Healthcare,NA,Starter,7,199.68,2026-06-11,2026-08-19,5,3,0,,Chat support only sends links to docs we have already read.
C01486,Harbor Dynamics,SaaS,APAC,Enterprise,326,26326.48,2023-04-28,2026-08-14,1,9,0,,Support even helped us design our dashboards. Would buy again without hesitation.
C01487,Juniper Labs LLC,Logistics,NA,Starter,7,208.3,2024-09-13,2026-08-15,1,7,0,,"Does what it says, nothing spectacular."
C01488,Ember Works Co,Retail,NA,Starter,11,294.65,2023-08-20,2026-08-28,1,6,0,,We had three outages in one month during peak hours. We are evaluating alternatives.
C01489,Mosaic Foods Ltd,Media,NA,Growth,72,4082.15,2023-11-19,2026-08-13,4,6,0,,Response times got noticeably worse over the last quarter.
C01490,Tidewater Logistics,Retail,NA,Enterprise,107,8862.94,2025-08-19,2026-08-19,2,8,0,,Pricing is fair but the Growth tier is a big jump from Starter.
C01491,Aurora Software,SaaS,LATAM,Starter,6,174.02,2023-06-23,2026-08-30,2,6,0,,The Salesforce integration breaks every other week. It has been a disappointing year.
C01492,Riverbend Dynamics,Manufacturing,LATAM,Growth,21,1212.95,2025-04-11,2026-06-30,3,4,0,,Response times got noticeably worse over the last quarter.
C01493,Zenith Foods GmbH,Education,APAC,Enterprise,172,15302.21,2024-12-23,2026-08-27,0,10,0,,Connected to Snowflake in an afternoon. Highly recommended.
C01494,Windmill Analytics Co,Manufacturing,NA,Starter,4,117.16,2025-07-16,2026-08-15,5,5,0,,No phone support and email replies take forever.
C01495,Foxglove Retail GmbH,Retail,APAC,Growth,27,1572.5,2023-07-24,2026-08-24,2,10,0,,Onboarding was smooth and the whole team was productive in a week.
C01496,Frontier Logistics GmbH,Healthcare,EMEA,Starter,4,114.38,2024-03-27,2026-08-13,7,2,0,,We had three outages in one month during peak hours. Would not recommend at this point.
C01497,Frontier Group Inc,Media,NA,Starter,4,115.31,2023-01-05,2026-08-29,4,5,0,,The mobile app crashes whenever we open a large report.
C01498,Northwind Retail,Healthcare,EMEA,Starter,12,381.37,2026-01-27,2026-08-12,1,9,0,,The HubSpot sync saved us hours every week.
C01499,Keystone Media,Fintech,EMEA,Starter,9,247.25,2026-06-16,2026-07-01,0,7,0,,Covers our core needs; advanced reporting is limited.
C01500,Harbor Works,Education,NA,Growth,35,2003.63,2024-07-23,2026-08-29,0,8,0,,"Does what it says, nothing spectacular."
C01501,Harbor Studio,Education,EMEA,Enterprise,295,25388.36,2024-11-07,2026-08-22,0,9,0,,"Best-in-class dashboards, our execs love them."
C01502,Stellar Retail Inc,Logistics,EMEA,Starter,10,307.86,2023-06-21,2026-08-28,1,7,0,,Onboarding was fine but could use more templates.
C01503,Ember Retail Inc,Retail,NA,Growth,29,1754.05,2026-01-22,2026-08-21,1,5,0,,Zapier is the only integration path and it is flaky.
C01504,Halcyon Capital,Retail,NA,Starter,10,290.04,2025-09-06,2026-08-15,6,4,0,,We opened four tickets for the same bug and got four different answers. Renewal is unlikely.
C01505,Bluepeak Analytics,Manufacturing,EMEA,Starter,3,90.55,2023-05-27,2026-08-29,1,7,0,,Would prefer usage-based pricing over per-seat.
C01506,Redwood Dynamics Ltd,Retail,EMEA,Growth,18,1071.76,2024-11-06,2026-08-15,4,7,0,,"Our account manager is responsive, tier-1 support less so."
C01507,Redwood Health LLC,Manufacturing,LATAM,Starter,8,239.01,2023-08-08,2026-08-14,3,7,0,,"Reliable overall, exports could be faster. Overall it is fine."
C01508,Pioneer Retail Co,Retail,APAC,Growth,22,1372.15,2025-01-27,2026-06-27,6,3,0,,Dashboards time out constantly when we filter more than a few weeks. Frustrating overall.
C01509,Stellar Logistics Inc,SaaS,EMEA,Starter,8,232.86,2025-04-18,2026-06-18,1,9,0,,"Fast, friendly and technically sharp support."
C01510,Oakridge Robotics Inc,Manufacturing,EMEA,Growth,34,1833.91,2024-05-06,2026-08-13,4,5,0,,No phone support and email replies take forever.
C01511,Meridian Logistics,SaaS,EMEA,Starter,4,113.01,2024-07-17,2026-02-16,3,4,1,Integration gaps,The API is rate limited so aggressively that our sync jobs fail nightly. Frustrating overall.
C01512,Atlas Analytics Ltd,SaaS,EMEA,Starter,6,177.14,2025-06-25,2026-08-25,2,6,0,,Response times got noticeably worse over the last quarter. We are evaluating alternatives.
C01513,Sable Systems,Healthcare,NA,Growth,32,1694.16,2023-07-18,2026-08-28,1,8,0,,"Solid basics, some rough edges in the admin console."
C01514,Juniper Media Co,Manufacturing,EMEA,Growth,51,2759.21,2023-02-15,2026-08-12,3,5,0,,Frequent logouts and stale sessions made it unusable for the field team.
C01515,Meridian Networks GmbH,Media,EMEA,Starter,8,223.02,2024-06-15,2026-08-15,1,7,0,,It does the job; adoption is growing slowly.
C01516,Windmill Dynamics GmbH,Fintech,EMEA,Enterprise,255,21894.57,2024-09-18,2026-08-30,1,7,0,,Onboarding was fine but could use more templates.
C01517,Copperfield Robotics,SaaS,APAC,Starter,11,309.4,2024-01-01,2026-08-26,3,5,0,,We pay for features we never use; the plan tiers make no sense. Would not recommend at this point.
C01518,Zenith Retail GmbH,Logistics,EMEA,Starter,3,82.52,2024-06-29,2026-04-20,4,4,1,Too expensive,Overage charges were a nasty surprise on the invoice. It has been a disappointing year.
C01519,Falcon Software,SaaS,NA,Starter,11,304.83,2023-05-11,2026-08-19,0,8,0,,Covers our core needs; advanced reporting is limited.
C01520,Granite Software Inc,SaaS,NA,Growth,26,1498.96,2025-08-10,2026-08-11,0,9,0,,"Great value for the price, especially on the annual plan."
C01521,Oakridge Media,Fintech,NA,Growth,64,3444.21,2025-09-04,2026-08-17,0,6,0,,The forecasting module is too simplistic for our use case.
C01522,Aurora Supply GmbH,Healthcare,NA,Enterprise,186,15809.33,2023-12-06,2026-08-19,4,7,0,,Onboarding was fine but could use more templates. Overall it is fine.
C01523,Keystone Health,Media,EMEA,Growth,25,1465.46,2025-04-11,2026-01-28,1,8,1,Budget cuts,"Setup took longer than expected, mostly on our side."
C01524,Falcon Group Ltd,Manufacturing,NA,Starter,12,353.15,2023-10-26,2026-08-29,2,8,0,,"Solid basics, some rough edges in the admin console. Overall it is fine."
C01525,Pioneer Analytics Inc,Education,NA,Starter,12,354.27,2024-05-19,2026-08-26,6,3,0,,Response times got noticeably worse over the last quarter.
C01526,Falcon Analytics GmbH,SaaS,NA,Starter,1,29.86,2024-02-13,2026-08-30,0,9,0,,Cheaper than what we replaced and far more capable.
C01527,Stellar Retail LLC,Fintech,APAC,Growth,27,1471.43,2026-05-23,2026-06-30,1,8,0,,Setup for SSO was fiddly but works now.
C01528,Orbit Software,Retail,APAC,Starter,4,110.77,2024-09-05,2026-08-19,4,6,0,,Half the team stopped logging in after the first month. Would not recommend at this point.
C01529,Nimbus Robotics,SaaS,NA,Growth,65,3645.71,2025-03-18,2026-02-23,5,3,1,Budget cuts,Pricing jumped at renewal and nobody warned us. Would not recommend at this point.
C01530,Vertex Group,Fintech,NA,Growth,54,2988.04,2023-09-25,2026-07-09,1,9,1,Switched to competitor,Pricing is fair but the Growth tier is a big jump from Starter.
C01531,Quantum Labs LLC,Fintech,NA,Growth,27,1655.25,2026-03-29,2026-08-18,1,6,0,,Honestly we barely used it; it never became part of our workflow.
C01532,Riverbend Retail LLC,SaaS,NA,Starter,8,217.67,2025-05-23,2026-07-27,4,2,0,,Frequent logouts and stale sessions made it unusable for the field team. Frustrating overall.
C01533,Mosaic Systems,Healthcare,NA,Starter,5,142.24,2023-05-15,2026-08-31,3,6,0,,Dashboards time out constantly when we filter more than a few weeks.
C01534,Solstice Capital GmbH,Education,NA,Enterprise,132,10976.11,2024-02-28,2026-03-14,3,5,1,Integration gaps,The API is rate limited so aggressively that our sync jobs fail nightly.
C01535,Cobalt Learning Inc,SaaS,NA,Growth,30,1781.79,2024-10-07,2026-08-31,1,8,0,,"Good product, waiting on the custom fields feature. Some room for improvement."
C01536,Summit Capital GmbH,Retail,LATAM,Starter,3,87.12,2024-06-21,2026-08-25,0,9,0,,Our account manager proactively checks in every month.
C01537,Tidewater Digital,Manufacturing,EMEA,Growth,54,3018.57,2025-10-18,2026-08-24,3,5,0,,Escalations go nowhere; we had to chase our account manager repeatedly. We are evaluating alternatives.
C01538,Halcyon Foods Inc,Manufacturing,APAC,Enterprise,403,33756.92,2024-12-12,2026-08-29,1,8,0,,Integrations cover the basics; we still miss a native Jira connector.
C01539,Stellar Dynamics Ltd,Manufacturing,NA,Starter,9,275.33,2024-12-11,2026-08-12,1,6,0,,Too expensive compared with the alternatives we evaluated.
C01540,Northwind Works Ltd,Retail,NA,Enterprise,178,15991.98,2024-04-25,2026-08-18,0,8,0,,The tutorials are helpful; the data import could be smoother.
C01541,Harbor Analytics,Manufacturing,LATAM,Starter,2,55.41,2025-12-13,2026-07-05,5,4,1,Poor support experience,Response times got noticeably worse over the last quarter. Frustrating overall.
C01542,Keystone Group GmbH,Fintech,NA,Enterprise,354,29842.85,2025-06-13,2026-06-17,2,7,0,,"Support is okay, sometimes quick, sometimes slow. Some room for improvement."
C01543,Juniper Partners,Retail,EMEA,Starter,6,179.55,2025-06-19,2026-08-21,0,7,0,,We sync with our warehouse nightly and it mostly works.
C01544,Ember Analytics,SaaS,LATAM,Starter,12,356.15,2025-04-17,2026-08-10,2,7,0,,"Support is okay, sometimes quick, sometimes slow."
C01545,Orbit Media,Retail,EMEA,Starter,6,171.16,2025-04-28,2026-08-27,4,6,0,,Escalations go nowhere; we had to chase our account manager repeatedly. Would not recommend at this point.
C01546,Aurora Capital Co,Retail,NA,Growth,17,1013.23,2025-08-23,2026-08-12,1,7,0,,Costs are acceptable for what we use today.
C01547,Oakridge Studio GmbH,Fintech,EMEA,Enterprise,303,23882.48,2023-10-26,2026-08-12,0,7,0,,Onboarding was fine but could use more templates.
C01548,Ember Labs LLC,Manufacturing,NA,Starter,11,318.76,2024-10-29,2026-08-20,1,9,0,,The mobile app is snappy and dependable. Highly recommended.
C01549,Northwind Works,Fintech,NA,Starter,5,136.53,2023-06-17,2026-06-28,6,4,1,Integration gaps,Zapier is the only integration path and it is flaky.
C01550,Aurora Retail,Fintech,NA,Starter,5,147.95,2024-04-13,2026-05-12,5,5,1,Poor support experience,Chat support only sends links to docs we have already read.
C01551,Windmill Foods,SaaS,APAC,Starter,3,83.12,2024-01-07,2026-08-16,2,7,0,,Onboarding was fine but could use more templates. Some room for improvement.
C01552,Orbit Works LLC,Retail,EMEA,Growth,26,1544.0,2023-09-14,2026-08-19,0,9,0,,Automation rules removed a ton of manual work.
C01553,Stellar Dynamics Inc,Fintech,NA,Starter,5,146.85,2024-11-29,2026-08-24,2,6,0,,"No audit log, which our compliance team requires. We are evaluating alternatives."
C01554,Silverlake Logistics Co,Retail,NA,Enterprise,344,29035.44,2024-07-11,2026-08-28,2,9,0,,Excellent documentation and training videos. Would buy again without hesitation.
C01555,Falcon Studio Inc,Fintech,EMEA,Enterprise,65,5833.27,2024-08-02,2026-08-22,2,8,0,,Would like faster responses on weekends.
C01556,Quantum Analytics,Manufacturing,APAC,Starter,5,143.78,2026-01-18,2026-08-12,1,9,0,,Adoption was instant; people actually enjoy using it. Would buy again without hesitation.
C01557,Silverlake Software GmbH,Logistics,NA,Growth,36,2068.64,2024-04-06,2026-08-29,1,8,0,,"The annual discount helped, monthly pricing feels steep."
C01558,Crescent Foods Ltd,Retail,NA,Enterprise,198,16378.71,2023-06-04,2026-08-19,0,8,0,,"The annual discount helped, monthly pricing feels steep. Happy enough to stay for now."
C01559,Mosaic Software Inc,Education,APAC,Enterprise,140,11791.1,2025-10-06,2026-08-21,0,6,0,,Adoption stalled because the learning curve is steep.
C01560,Crescent Group,Media,APAC,Growth,53,2843.34,2023-10-02,2026-08-18,2,9,0,,Excellent documentation and training videos. Highly recommended.
C01561,Tidewater Partners Ltd,Logistics,APAC,Starter,10,301.84,2026-05-27,2026-07-31,7,4,1,Company downsized,The per-seat model punishes us every time we onboard a contractor. Renewal is unlikely.
C01562,Granite Labs Ltd,Healthcare,NA,Starter,11,319.99,2025-04-28,2026-02-07,7,2,1,Reliability issues,Exports randomly fail with no error message.
C01563,Keystone Systems,Media,NA,Growth,37,1968.15,2023-11-23,2026-08-19,3,7,0,,"Reliable overall, exports could be faster."
C01564,Aurora Analytics Co,Media,NA,Starter,2,58.02,2025-01-03,2026-08-15,1,9,0,,"Great value for the price, especially on the annual plan."
C01565,Copperfield Networks,Manufacturing,NA,Growth,34,1847.59,2026-04-04,2026-08-27,2,5,0,,We opened four tickets for the same bug and got four different answers. Renewal is unlikely.
C01566,Juniper Capital,Retail,APAC,Growth,67,3881.07,2026-03-15,2026-08-12,0,10,0,,Adoption was instant; people actually enjoy using it.
C01567,Orbit Analytics Co,SaaS,NA,Starter,3,86.84,2024-05-21,2026-08-21,1,9,0,,The Enterprise plan pays for itself in saved hours. Highly recommended.
C01568,Atlas Partners Ltd,SaaS,EMEA,Starter,8,219.17,2023-02-07,2026-08-25,0,7,0,,Setup for SSO was fiddly but works now. Overall it is fine.
C01569,Solstice Works,Retail,APAC,Starter,6,177.47,2023-04-12,2026-08-13,2,8,0,,Feature set is competitive but not best in class. We will see how the next release goes.
C01570,Zenith Software Ltd,Retail,LATAM,Enterprise,144,12983.32,2026-01-25,2026-08-14,2,8,0,,"Does what it says, nothing spectacular. Some room for improvement."
C01571,Stellar Supply,Retail,EMEA,Starter,5,151.94,2025-04-23,2026-08-28,2,8,0,,The mobile app lags behind the web app.
C01572,Tidewater Analytics,Healthcare,LATAM,Starter,4,110.88,2025-07-14,2026-08-29,2,9,0,,Pricing is transparent and scales sensibly with our team. We plan to add more seats next quarter.
C01573,Mosaic Group,Healthcare,NA,Enterprise,143,11904.1,2025-07-09,2026-08-14,1,5,0,,Zapier is the only integration path and it is flaky.
C01574,Cobalt Health,Media,NA,Growth,19,1119.62,2025-09-16,2026-08-23,1,8,0,,The help center is good; live support is average.
C01575,Granite Digital,SaaS,NA,Growth,50,2741.46,2024-10-11,2026-06-24,0,7,0,,"Our account manager is responsive, tier-1 support less so. Some room for improvement."
C01576,Redwood Studio Inc,Fintech,LATAM,Enterprise,173,14779.79,2024-04-28,2026-08-13,0,9,0,,The HubSpot sync saved us hours every week.
C01577,Quantum Systems Co,Manufacturing,APAC,Starter,4,114.4,2023-10-28,2026-08-29,2,6,0,,Webhook payloads changed without notice and broke our pipeline.
C01578,Vertex Analytics LLC,Media,NA,Enterprise,179,14511.17,2024-01-28,2026-06-06,1,8,0,,The API works but the docs could be clearer.
C01579,Orbit Studio Inc,Logistics,NA,Enterprise,247,21576.38,2025-08-15,2026-04-23,2,7,1,Integration gaps,"The Slack integration is handy, the HubSpot one is limited."
C01580,Zenith Partners Inc,Media,NA,Starter,6,166.18,2023-01-19,2026-08-31,2,8,0,,"No major issues, some minor bugs here and there. We will see how the next release goes."
C01581,Stellar Supply GmbH,Media,NA,Starter,2,56.14,2023-07-05,2026-08-25,0,7,0,,We are on the fence at renewal because of the price increase.
C01582,Orbit Analytics,Fintech,APAC,Starter,9,249.21,2025-10-01,2026-08-24,3,7,0,,We sync with our warehouse nightly and it mostly works. Overall it is fine.
C01583,Granite Works Inc,Retail,NA,Growth,19,1148.45,2025-04-07,2026-08-19,0,7,0,,Good enough integration options for our stack.
C01584,Orbit Digital,Fintech,APAC,Growth,47,2589.87,2023-07-26,2026-08-16,1,7,0,,Setup for SSO was fiddly but works now. Some room for improvement.
C01585,Evergreen Labs Inc,Healthcare,EMEA,Growth,36,2045.13,2023-02-16,2026-08-28,1,6,0,,"No native Slack or HubSpot connector, so we had to build our own."
C01586,Atlas Studio Inc,Logistics,NA,Enterprise,150,12226.06,2023-10-16,2026-08-25,0,6,0,,Our budget was cut and the platform was the first thing to go.
C01587,Silverlake Works LLC,Fintech,NA,Growth,25,1401.07,2023-06-01,2026-08-23,2,9,0,,"Fast, friendly and technically sharp support. We plan to add more seats next quarter."
C01588,Evergreen Works,Healthcare,LATAM,Growth,36,1940.25,2023-12-19,2026-08-26,2,7,0,,Covers our core needs; advanced reporting is limited.
C01589,Halcyon Software GmbH,Fintech,EMEA,Growth,58,3159.23,2025-11-28,2026-01-20,3,6,1,Too expensive,"No native Slack or HubSpot connector, so we had to build our own. It has been a disappointing year."
C01590,Bluepeak Dynamics,SaaS,NA,Growth,33,1825.85,2026-01-14,2026-08-15,1,6,0,,Onboarding was confusing and we never really got set up properly. Would not recommend at this point.
C01591,Solstice Dynamics Inc,SaaS,NA,Starter,5,135.24,2024-01-01,2026-05-09,1,6,1,Too expensive,Overage charges were a nasty surprise on the invoice. Would not recommend at this point.
C01592,Aurora Learning LLC,SaaS,APAC,Growth,11,661.43,2024-01-03,2026-06-09,4,6,0,,Onboarding was confusing and we never really got set up properly. Renewal is unlikely.
C01593,Halcyon Health Ltd,Logistics,APAC,Growth,16,910.23,2025-11-20,2026-08-26,1,8,0,,Documentation is solid but a guided setup call would have helped.
C01594,Mosaic Retail,Retail,APAC,Starter,6,169.49,2024-06-27,2026-08-27,2,6,0,,We pay for features we never use; the plan tiers make no sense.
C01595,Lumen Partners Co,Media,EMEA,Growth,41,2355.29,2023-09-30,2026-08-28,0,9,0,,Adoption was instant; people actually enjoy using it.
C01596,Cobalt Studio,Education,APAC,Growth,43,2153.37,2025-08-11,2026-08-17,0,8,0,,Integrations cover the basics; we still miss a native Jira connector.
C01597,Evergreen Capital,SaaS,NA,Starter,6,176.24,2024-09-18,2026-08-14,2,5,0,,"No audit log, which our compliance team requires. Renewal is unlikely."
C01598,Windmill Foods Co,SaaS,EMEA,Enterprise,143,12186.87,2026-02-12,2026-08-17,2,6,0,,Onboarding was confusing and we never really got set up properly.
C01599,Falcon Media,Manufacturing,NA,Starter,4,112.2,2026-01-24,2026-03-10,0,8,1,Low usage / no longer needed,We are still ramping up usage across the team. Some room for improvement.
C01600,Tidewater Systems,Fintech,EMEA,Growth,30,1738.35,2025-10-06,2026-08-31,1,10,0,,It became part of our daily workflow almost immediately.
C01601,Redwood Analytics GmbH,Logistics,LATAM,Growth,24,1485.16,2026-05-25,2026-08-30,2,7,0,,"No major issues, some minor bugs here and there."
C01602,Brightline Supply,SaaS,LATAM,Starter,11,344.05,2024-11-14,2026-01-08,1,7,1,Company downsized,The help center is good; live support is average. Happy enough to stay for now.
C01603,Crescent Dynamics GmbH,Education,EMEA,Starter,8,241.88,2024-11-29,2026-08-18,0,10,0,,Pricing is transparent and scales sensibly with our team. Highly recommended.
C01604,Riverbend Logistics,Manufacturing,EMEA,Starter,11,343.06,2023-01-03,2026-08-30,2,8,0,,"Setup took longer than expected, mostly on our side."
C01605,Falcon Studio,Fintech,APAC,Starter,6,169.19,2023-08-03,2026-05-19,3,4,1,Too expensive,Pricing jumped at renewal and nobody warned us.
C01606,Oakridge Retail,Fintech,LATAM,Growth,46,2364.49,2023-07-21,2026-08-12,0,7,0,,"The Slack integration is handy, the HubSpot one is limited. We will see how the next release goes."
C01607,Bluepeak Labs Inc,Logistics,APAC,Starter,6,173.63,2026-03-21,2026-03-22,2,8,1,Switched to competitor,The help center is good; live support is average.
C01608,Summit Learning,Fintech,NA,Enterprise,166,14418.62,2023-11-20,2026-08-16,1,8,0,,"No major issues, some minor bugs here and there."
C01609,Ember Analytics LLC,Retail,NA,Starter,4,107.39,2025-03-04,2026-08-16,3,8,0,,"Fine for simple questions, weaker on technical issues. Happy enough to stay for now."
C01610,Stellar Health Inc,Retail,APAC,Starter,7,195.48,2024-06-11,2026-06-17,8,3,1,Low usage / no longer needed,We were never shown how to use the reporting module. Would not recommend at this point.
C01611,Atlas Group,Fintech,APAC,Enterprise,266,21653.83,2025-09-03,2026-08-20,0,9,0,,It became part of our daily workflow almost immediately. Highly recommended.
C01612,Cobalt Software Co,Manufacturing,EMEA,Growth,26,1555.88,2024-04-07,2026-08-16,1,7,0,,Integrations cover the basics; we still miss a native Jira connector.
C01613,Orbit Software GmbH,Manufacturing,EMEA,Growth,17,1012.13,2026-04-11,2026-07-29,1,6,0,,Chat support only sends links to docs we have already read.
C01614,Evergreen Foods,Retail,NA,Growth,30,1715.12,2024-10-18,2026-08-28,2,5,0,,The forecasting module is too simplistic for our use case. Renewal is unlikely.
C01615,Zenith Labs,Media,NA,Enterprise,43,3987.48,2023-11-08,2026-01-14,0,8,1,Company downsized,Would prefer usage-based pricing over per-seat. Overall it is fine.
C01616,Frontier Studio,SaaS,APAC,Starter,7,193.7,2024-06-09,2026-08-29,2,7,0,,Would prefer usage-based pricing over per-seat.
C01617,Lumen Group,SaaS,NA,Starter,6,171.03,2024-04-10,2026-07-10,5,3,1,Company downsized,Frequent logouts and stale sessions made it unusable for the field team.
C01618,Harbor Logistics Ltd,Healthcare,EMEA,Enterprise,290,23168.89,2025-07-15,2026-08-22,4,8,0,,Would like more flexible billing for seasonal staff.
C01619,Copperfield Software,Logistics,EMEA,Starter,3,86.48,2024-02-18,2026-08-21,6,5,0,,The forecasting module is too simplistic for our use case. Frustrating overall.
C01620,Crescent Analytics,SaaS,APAC,Growth,36,1912.07,2023-03-08,2026-08-17,1,9,0,,Adoption was instant; people actually enjoy using it.
C01621,Evergreen Digital Co,SaaS,NA,Growth,68,3834.2,2025-09-27,2026-08-24,2,7,0,,Costs are acceptable for what we use today. Overall it is fine.
C01622,Keystone Labs Co,Retail,EMEA,Growth,39,2137.69,2026-06-23,2026-08-11,3,7,0,,Uptime is fine; performance on large filters could improve. We will see how the next release goes.
C01623,Brightline Software GmbH,Manufacturing,NA,Growth,23,1344.69,2023-11-17,2026-08-31,0,6,0,,Zapier is the only integration path and it is flaky. It has been a disappointing year.
C01624,Pioneer Health,SaaS,NA,Enterprise,160,14416.24,2025-12-11,2026-08-26,2,7,0,,Would prefer usage-based pricing over per-seat. We will see how the next release goes.
C01625,Granite Software GmbH,Retail,NA,Starter,4,117.78,2023-02-20,2026-08-13,1,10,0,,"Rock solid, we have never seen an outage. We plan to add more seats next quarter."
C01626,Ironclad Logistics Ltd,Manufacturing,NA,Growth,54,2919.35,2024-03-03,2026-08-12,0,7,0,,We are on the fence at renewal because of the price increase. We will see how the next release goes.
C01627,Crescent Logistics GmbH,Retail,LATAM,Growth,26,1498.18,2023-01-15,2026-08-13,1,8,0,,It does the job; adoption is growing slowly.
C01628,Northwind Health Co,SaaS,APAC,Starter,2,55.26,2024-05-21,2026-08-30,4,8,0,,"Most of the team uses it weekly, a few power users daily. Happy enough to stay for now."
C01629,Summit Analytics GmbH,SaaS,NA,Enterprise,228,19135.64,2025-02-16,2026-08-22,1,7,0,,Support quality varies a lot depending on who picks up the ticket.
C01630,Evergreen Media,Retail,APAC,Starter,5,146.78,2026-05-14,2026-05-15,6,3,1,Budget cuts,The per-seat model punishes us every time we onboard a contractor. Would not recommend at this point.
C01631,Granite Foods GmbH,Retail,EMEA,Starter,7,187.46,2025-12-08,2026-07-27,8,3,0,,The support team is friendly but never actually fixes anything.
C01632,Tidewater Works GmbH,Media,EMEA,Enterprise,296,23549.41,2026-04-09,2026-06-14,1,6,0,,We had three outages in one month during peak hours. Would not recommend at this point.
C01633,Oakridge Networks Co,Education,APAC,Enterprise,208,17141.86,2025-04-12,2026-08-31,0,9,0,,Great templates got us started immediately.
C01634,Nimbus Logistics LLC,Education,EMEA,Starter,12,332.71,2024-05-16,2026-05-26,4,5,1,Low usage / no longer needed,We were never shown how to use the reporting module. Frustrating overall.
C01635,Foxglove Group,Logistics,NA,Growth,67,3682.65,2026-03-02,2026-08-19,2,9,0,,"We were live in two days, which is unheard of for us. Keep up the great work."
C01636,Evergreen Group,Retail,NA,Starter,4,116.85,2023-03-18,2026-08-14,2,6,0,,"No audit log, which our compliance team requires."
C01637,Falcon Robotics,Retail,EMEA,Starter,3,86.57,2025-11-05,2026-07-20,11,1,1,Budget cuts,We pay for features we never use; the plan tiers make no sense. Would not recommend at this point.
C01638,Tidewater Foods GmbH,Logistics,LATAM,Starter,5,148.19,2026-06-14,2026-08-22,1,8,0,,Good enough integration options for our stack. Overall it is fine.
C01639,Ironclad Analytics,Fintech,EMEA,Enterprise,252,20709.66,2023-01-29,2026-08-23,0,8,0,,"Solid basics, some rough edges in the admin console."
C01640,Silverlake Software Ltd,Education,NA,Starter,4,115.79,2025-04-14,2026-08-15,3,4,0,,Escalations go nowhere; we had to chase our account manager repeatedly. We are evaluating alternatives.
C01641,Harbor Networks,Manufacturing,NA,Starter,8,222.69,2026-01-22,2026-08-26,1,7,0,,"Mostly stable, with the occasional slow dashboard."
C01642,Stellar Labs,SaaS,APAC,Growth,27,1611.14,2025-06-03,2026-08-13,0,10,0,,Budget approval was easy because the ROI is obvious.
C01643,Orbit Media Inc,Retail,NA,Starter,1,29.09,2026-05-30,2026-08-26,1,9,0,,Excellent documentation and training videos.
C01644,Aurora Digital,SaaS,EMEA,Starter,13,358.93,2023-12-17,2026-08-21,5,6,0,,Escalations go nowhere; we had to chase our account manager repeatedly.
C01645,Atlas Media Inc,SaaS,EMEA,Starter,10,288.2,2025-03-25,2026-08-14,2,7,0,,Integrations cover the basics; we still miss a native Jira connector.
C01646,Oakridge Labs GmbH,Retail,NA,Growth,61,3342.01,2025-11-10,2026-08-23,1,9,0,,The Salesforce and Slack integrations work flawlessly.
C01647,Zenith Capital Ltd,Fintech,NA,Growth,58,3218.23,2023-03-30,2026-08-16,0,7,0,,Pricing is fair but the Growth tier is a big jump from Starter. Overall it is fine.
C01648,Pioneer Logistics,Manufacturing,NA,Growth,56,3111.82,2024-12-12,2026-08-31,0,9,0,,Custom roles and audit logs made our compliance team happy.
C01649,Cascade Retail,Media,NA,Starter,6,168.98,2026-05-10,2026-08-11,6,4,0,,Data was missing for two days and nobody told us why.
C01650,Ember Health LLC,Manufacturing,EMEA,Starter,12,358.63,2024-08-23,2026-06-30,3,6,0,,Support tickets sit for days before anyone replies. Frustrating overall.
C01651,Meridian Networks,Fintech,APAC,Growth,14,843.28,2025-11-07,2026-08-28,3,5,0,,Support tickets sit for days before anyone replies. Would not recommend at this point.
C01652,Windmill Capital Inc,Fintech,NA,Starter,7,197.12,2025-08-03,2026-06-25,0,7,0,,Onboarding was fine but could use more templates. Happy enough to stay for now.
C01653,Aurora Health Inc,Fintech,EMEA,Starter,14,387.44,2023-12-11,2026-02-21,1,8,1,Budget cuts,"Decent value, though we keep an eye on seat costs. Happy enough to stay for now."
C01654,Crescent Labs Ltd,SaaS,NA,Starter,4,112.99,2024-04-19,2026-08-26,0,7,0,,Feature set is competitive but not best in class. Overall it is fine.
C01655,Copperfield Dynamics Ltd,Logistics,NA,Starter,14,382.1,2024-09-18,2026-08-24,3,3,0,,Webhook payloads changed without notice and broke our pipeline. Would not recommend at this point.
C01656,Redwood Labs Co,Retail,APAC,Starter,4,116.97,2024-07-01,2026-02-15,2,7,1,Budget cuts,We are on the fence at renewal because of the price increase.
C01657,Orbit Labs GmbH,Fintech,APAC,Enterprise,382,33667.14,2025-01-29,2026-07-12,1,7,0,,"One outage this quarter, communicated well. Overall it is fine."
C01658,Copperfield Logistics LLC,Media,APAC,Growth,55,3189.45,2025-04-12,2026-08-11,2,6,0,,"No native Slack or HubSpot connector, so we had to build our own. Frustrating overall."
C01659,Windmill Software Ltd,Retail,NA,Growth,46,2414.04,2024-06-11,2026-08-26,1,7,0,,The help center is good; live support is average.
C01660,Nimbus Works Co,SaaS,EMEA,Starter,5,149.56,2025-03-27,2026-08-18,3,8,0,,"No major issues, some minor bugs here and there. Some room for improvement."
C01661,Mosaic Supply GmbH,SaaS,NA,Growth,27,1598.38,2025-04-21,2026-08-27,1,8,0,,Would like faster responses on weekends.
C01662,Nimbus Dynamics,Healthcare,LATAM,Growth,34,1686.79,2026-05-24,2026-08-18,1,9,0,,Connected to Snowflake in an afternoon.
C01663,Meridian Labs Ltd,Manufacturing,EMEA,Enterprise,73,6631.75,2025-11-07,2026-08-14,3,7,0,,Would like faster responses on weekends.
C01664,Vertex Digital,SaaS,LATAM,Starter,12,341.82,2024-12-19,2026-07-18,2,6,0,,We outgrew the product; it is fine for small teams but not for us. Frustrating overall.
C01665,Redwood Works,Logistics,NA,Growth,41,2358.63,2023-08-14,2026-08-23,2,4,0,,Zapier is the only integration path and it is flaky.
C01666,Cascade Health Ltd,Media,EMEA,Starter,5,139.95,2024-02-14,2026-08-11,3,9,0,,Our account manager proactively checks in every month.
C01667,Atlas Networks Inc,Media,APAC,Growth,65,3646.88,2024-02-27,2026-07-12,3,3,0,,Dashboards time out constantly when we filter more than a few weeks.
C01668,Lumen Labs Inc,Fintech,NA,Enterprise,163,13657.7,2024-01-02,2026-08-18,0,8,0,,Tickets get resolved eventually but it takes follow-ups. Some room for improvement.
C01669,Windmill Works Co,SaaS,EMEA,Growth,50,2584.84,2026-04-22,2026-08-13,0,9,0,,Our account manager proactively checks in every month. Highly recommended.
C01670,Ember Systems GmbH,Media,EMEA,Growth,31,1663.4,2024-11-12,2026-08-31,1,7,0,,Would like faster responses on weekends. Some room for improvement.
C01671,Vertex Retail Ltd,Fintech,LATAM,Enterprise,387,34561.22,2026-06-16,2026-08-17,0,6,0,,The setup wizard failed twice and we gave up on the advanced features. It has been a disappointing year.
C01672,Ironclad Labs GmbH,Healthcare,NA,Enterprise,331,27660.49,2023-06-02,2026-08-16,1,7,0,,Good enough integration options for our stack.
C01673,Solstice Labs Inc,Manufacturing,LATAM,Starter,4,120.2,2025-06-28,2026-08-23,0,7,0,,"Support is okay, sometimes quick, sometimes slow. We will see how the next release goes."
C01674,Windmill Capital GmbH,SaaS,NA,Starter,3,89.96,2025-01-20,2026-08-25,2,5,0,,Performance degraded badly as our dataset grew.
C01675,Crescent Retail,Manufacturing,EMEA,Growth,42,2263.22,2025-08-31,2026-08-16,1,6,0,,Exports randomly fail with no error message.
C01676,Halcyon Systems Inc,Logistics,EMEA,Enterprise,241,19239.03,2024-05-12,2026-08-21,4,7,0,,Useful tool; the roadmap looks promising.
C01677,Sable Studio GmbH,Education,NA,Growth,22,1238.2,2024-10-24,2026-08-29,0,7,0,,"Support is okay, sometimes quick, sometimes slow."
C01678,Vertex Foods Co,Retail,LATAM,Starter,4,122.74,2024-03-25,2026-08-18,4,7,0,,"Most of the team uses it weekly, a few power users daily."
C01679,Ironclad Capital,Media,APAC,Growth,31,1711.29,2025-06-08,2026-02-17,5,4,1,Low usage / no longer needed,Onboarding was confusing and we never really got set up properly. Would not recommend at this point.
C01680,Ironclad Learning GmbH,Healthcare,LATAM,Starter,5,134.94,2023-09-03,2026-02-10,3,7,1,Missing features,We are on the fence at renewal because of the price increase.
C01681,Atlas Works Inc,Manufacturing,LATAM,Starter,6,179.8,2025-04-22,2026-08-15,1,8,0,,"Reliable overall, exports could be faster. Some room for improvement."
C01682,Aurora Labs Co,Manufacturing,EMEA,Starter,7,188.49,2024-09-24,2026-08-29,1,7,0,,Would prefer usage-based pricing over per-seat.
C01683,Silverlake Capital LLC,Manufacturing,EMEA,Starter,10,280.42,2025-10-14,2026-04-17,3,7,1,Integration gaps,We sync with our warehouse nightly and it mostly works. Happy enough to stay for now.
C01684,Copperfield Group,Fintech,APAC,Growth,50,2752.42,2023-02-18,2026-08-20,2,9,0,,Best customer success team we have worked with.
C01685,Cobalt Digital,SaaS,NA,Starter,2,63.85,2023-08-21,2026-08-26,0,7,0,,Would love a two-way calendar sync. Happy enough to stay for now.
C01686,Lumen Foods Co,Fintech,APAC,Starter,10,299.47,2025-02-13,2026-06-05,1,7,0,,"Most of the team uses it weekly, a few power users daily."
C01687,Bluepeak Group Co,Retail,EMEA,Growth,39,2098.64,2024-04-21,2026-08-23,4,5,0,,The API is rate limited so aggressively that our sync jobs fail nightly. Frustrating overall.
C01688,Northwind Retail Inc,Retail,EMEA,Starter,7,203.23,2023-12-31,2026-01-14,8,1,1,Poor support experience,The support team is friendly but never actually fixes anything.
C01689,Redwood Studio,Healthcare,NA,Starter,9,270.6,2026-04-05,2026-08-24,2,5,0,,The roadmap items we were promised never shipped. Frustrating overall.
C01690,Stellar Works Inc,Retail,NA,Starter,9,275.84,2026-02-28,2026-06-08,5,3,1,Poor support experience,The support team is friendly but never actually fixes anything.
C01691,Harbor Partners,Manufacturing,NA,Starter,11,315.84,2023-04-28,2026-07-05,7,3,1,Poor support experience,Support tickets sit for days before anyone replies. We are evaluating alternatives.
C01692,Redwood Learning LLC,Logistics,NA,Growth,50,2719.51,2024-11-02,2026-08-13,2,5,0,,Too expensive compared with the alternatives we evaluated. It has been a disappointing year.
C01693,Summit Labs,Fintech,NA,Starter,3,84.11,2025-04-30,2026-08-21,0,9,0,,Support even helped us design our dashboards. Would buy again without hesitation.
C01694,Ember Analytics Ltd,Manufacturing,NA,Starter,7,208.4,2025-09-23,2026-06-23,3,1,1,Company downsized,Escalations go nowhere; we had to chase our account manager repeatedly.
C01695,Nimbus Capital Co,Education,NA,Starter,11,332.09,2023-09-16,2026-08-14,3,7,0,,Pricing is fair but the Growth tier is a big jump from Starter. We will see how the next release goes.
C01696,Frontier Logistics,Healthcare,EMEA,Starter,8,214.01,2025-12-22,2026-02-01,2,8,1,Low usage / no longer needed,Would like faster responses on weekends.
C01697,Copperfield Learning,SaaS,NA,Starter,3,85.62,2025-04-16,2026-08-14,0,7,0,,"Our account manager is responsive, tier-1 support less so."
C01698,Juniper Foods,Manufacturing,APAC,Starter,7,193.15,2026-01-26,2026-07-11,2,8,0,,Useful tool; the roadmap looks promising. Some room for improvement.
C01699,Riverbend Labs,Logistics,NA,Starter,9,262.58,2025-05-18,2026-01-06,8,2,1,Too expensive,The per-seat model punishes us every time we onboard a contractor. Frustrating overall.
C01700,Redwood Software GmbH,Education,EMEA,Starter,4,110.26,2026-01-15,2026-08-31,2,6,0,,Too expensive compared with the alternatives we evaluated.
C01701,Meridian Foods,Logistics,NA,Enterprise,133,10600.95,2023-02-07,2026-08-23,1,6,0,,"No audit log, which our compliance team requires."
C01702,Copperfield Studio GmbH,Logistics,EMEA,Starter,7,212.12,2023-10-15,2026-08-20,3,6,0,,The price per seat is hard to justify for a team our size. Renewal is unlikely.
C01703,Aurora Studio GmbH,Fintech,EMEA,Starter,10,288.08,2024-11-10,2026-08-21,1,7,0,,Setup for SSO was fiddly but works now. We will see how the next release goes.
C01704,Falcon Systems Co,Healthcare,EMEA,Growth,35,1915.85,2024-01-23,2026-08-12,3,5,0,,Half the team stopped logging in after the first month. We are evaluating alternatives.
C01705,Riverbend Retail Ltd,Retail,NA,Starter,6,177.0,2023-09-10,2026-08-24,1,5,0,,Missing basic features like bulk edit and custom roles. Frustrating overall.
C01706,Ember Labs Ltd,Logistics,EMEA,Growth,29,1777.44,2025-06-22,2026-08-10,2,8,0,,"The annual discount helped, monthly pricing feels steep. Some room for improvement."
C01707,Meridian Labs,SaaS,NA,Starter,4,114.06,2026-06-20,2026-08-13,2,9,0,,The API is clean and well documented; we automated everything.
C01708,Lumen Partners GmbH,Retail,EMEA,Growth,47,2538.01,2024-11-17,2026-08-25,0,8,0,,"One outage this quarter, communicated well."
C01709,Crescent Labs,Media,NA,Enterprise,158,13087.19,2025-02-15,2026-01-18,0,4,1,Onboarding too complex,Onboarding was confusing and we never really got set up properly.
C01710,Nimbus Software Inc,Fintech,EMEA,Starter,7,211.78,2025-02-16,2026-08-24,1,7,0,,Integrations cover the basics; we still miss a native Jira connector.
C01711,Ember Foods,Manufacturing,NA,Starter,7,202.45,2024-06-16,2026-05-18,5,4,1,Too expensive,Too expensive compared with the alternatives we evaluated.
C01712,Oakridge Labs Co,Retail,APAC,Growth,18,1049.63,2025-05-14,2026-08-25,1,6,0,,Honestly we barely used it; it never became part of our workflow. Frustrating overall.
C01713,Crescent Retail LLC,Logistics,NA,Enterprise,342,29229.29,2025-10-26,2026-08-24,3,4,0,,Support tickets sit for days before anyone replies. It has been a disappointing year.
C01714,Redwood Logistics Inc,Media,NA,Starter,5,155.62,2023-05-26,2026-07-11,0,8,1,Switched to competitor,Useful tool; the roadmap looks promising.
C01715,Aurora Dynamics,Fintech,NA,Growth,71,3907.35,2023-12-18,2026-08-15,2,6,0,,The API is rate limited so aggressively that our sync jobs fail nightly. Frustrating overall.
C01716,Summit Retail,Manufacturing,NA,Starter,8,229.5,2023-08-03,2026-08-28,2,6,0,,Zapier is the only integration path and it is flaky. It has been a disappointing year.
C01717,Mosaic Capital Co,Fintech,EMEA,Growth,65,3843.74,2025-10-08,2026-06-07,3,6,0,,Support tickets sit for days before anyone replies. Would not recommend at this point.
C01718,Ember Dynamics Co,Healthcare,APAC,Starter,6,183.26,2025-03-24,2026-08-16,2,5,0,,We opened four tickets for the same bug and got four different answers.
C01719,Falcon Analytics Co,Education,APAC,Growth,58,3333.29,2025-05-07,2026-06-17,3,5,0,,The roadmap items we were promised never shipped.
C01720,Beacon Studio GmbH,Manufacturing,NA,Starter,11,312.61,2025-03-08,2026-08-19,0,10,0,,The support team clearly knows the product inside out.
C01721,Frontier Software,SaaS,NA,Growth,58,3106.1,2024-11-10,2026-08-28,2,5,0,,Missing basic features like bulk edit and custom roles.
C01722,Oakridge Works,Fintech,APAC,Starter,9,241.85,2025-11-09,2026-03-13,4,8,1,Switched to competitor,"No major issues, some minor bugs here and there."
C01723,Frontier Health Inc,Education,NA,Growth,35,1994.57,2023-07-20,2026-08-15,4,6,0,,The support team is friendly but never actually fixes anything. It has been a disappointing year.
C01724,Stellar Capital,Healthcare,NA,Growth,34,1871.33,2025-06-04,2026-08-26,2,5,0,,SSO setup with Okta took three support tickets to get working.
C01725,Redwood Software,Retail,APAC,Enterprise,270,21083.82,2025-11-30,2026-08-15,1,5,0,,We pay for features we never use; the plan tiers make no sense.
C01726,Summit Studio,SaaS,NA,Enterprise,147,12964.73,2023-09-22,2026-08-16,3,6,0,,Support tickets sit for days before anyone replies. It has been a disappointing year.
C01727,Stellar Digital,Fintech,NA,Starter,10,286.09,2025-06-24,2026-06-24,1,7,0,,"Fine for simple questions, weaker on technical issues."
C01728,Quantum Logistics Co,Media,NA,Growth,53,2883.21,2023-03-31,2026-08-29,4,6,0,,Escalations go nowhere; we had to chase our account manager repeatedly. It has been a disappointing year.
C01729,Copperfield Foods Ltd,SaaS,EMEA,Starter,6,163.47,2023-07-28,2026-08-04,0,8,0,,We sync with our warehouse nightly and it mostly works.
C01730,Aurora Software GmbH,Retail,NA,Enterprise,110,9438.74,2024-05-13,2026-08-27,3,6,0,,Response times got noticeably worse over the last quarter. Frustrating overall.
C01731,Solstice Analytics Co,Logistics,EMEA,Growth,25,1504.6,2026-06-29,2026-08-11,0,7,0,,Would like faster responses on weekends. Happy enough to stay for now.
C01732,Vertex Dynamics Co,SaaS,NA,Starter,4,115.78,2024-04-18,2026-08-24,1,8,0,,Feature set is competitive but not best in class. Happy enough to stay for now.
C01733,Brightline Robotics Ltd,Manufacturing,NA,Starter,8,228.12,2024-07-01,2026-06-07,3,7,0,,"Fine for simple questions, weaker on technical issues. We will see how the next release goes."
C01734,Stellar Health LLC,Fintech,NA,Growth,55,3334.9,2025-09-06,2026-08-13,1,8,0,,Integrations cover the basics; we still miss a native Jira connector. Happy enough to stay for now.
C01735,Summit Partners GmbH,Media,APAC,Enterprise,304,24350.24,2025-10-15,2026-08-31,2,8,0,,"Fine for simple questions, weaker on technical issues. Some room for improvement."
C01736,Orbit Labs,Manufacturing,NA,Growth,22,1260.54,2025-05-06,2026-08-14,2,4,0,,"A competitor offered everything we needed at a lower price, so we switched. We are evaluating alternatives."
C01737,Harbor Group Inc,Media,EMEA,Growth,58,3272.62,2023-02-08,2026-07-15,1,7,0,,"Solid basics, some rough edges in the admin console."
C01738,Mosaic Supply Inc,SaaS,NA,Starter,3,83.47,2026-01-17,2026-08-30,1,9,0,,It became part of our daily workflow almost immediately.
C01739,Keystone Dynamics Co,Healthcare,NA,Enterprise,228,18351.06,2023-11-29,2026-08-28,0,7,0,,We like the dashboards but want more automation. We will see how the next release goes.
C01740,Ember Software Ltd,Manufacturing,NA,Growth,36,2064.72,2024-10-05,2026-08-20,0,5,0,,We pay for features we never use; the plan tiers make no sense. It has been a disappointing year.
C01741,Brightline Partners Ltd,Fintech,EMEA,Growth,54,3034.71,2025-07-22,2026-08-27,1,6,0,,We opened four tickets for the same bug and got four different answers. It has been a disappointing year.
C01742,Sable Group Co,Fintech,EMEA,Growth,34,1901.71,2024-01-04,2026-08-14,0,9,0,,Our account manager proactively checks in every month. Would buy again without hesitation.
C01743,Quantum Group Co,SaaS,APAC,Growth,40,2210.76,2025-05-24,2026-08-09,0,8,0,,Useful tool; the roadmap looks promising.
C01744,Quantum Labs GmbH,Logistics,APAC,Growth,63,3361.1,2024-10-05,2026-08-20,1,8,0,,Would prefer usage-based pricing over per-seat. Overall it is fine.
C01745,Riverbend Dynamics,Education,APAC,Growth,31,1683.78,2023-07-19,2026-08-31,1,6,0,,Missing basic features like bulk edit and custom roles.
C01746,Beacon Health,Healthcare,EMEA,Enterprise,420,35231.21,2023-10-02,2026-08-22,0,8,0,,Would like more flexible billing for seasonal staff. Overall it is fine.
C01747,Pioneer Learning,Manufacturing,EMEA,Enterprise,178,15485.71,2025-08-31,2026-08-16,0,7,0,,"Support is okay, sometimes quick, sometimes slow. Overall it is fine."
C01748,Ironclad Networks,Healthcare,EMEA,Starter,6,176.96,2023-03-19,2026-08-13,0,6,0,,Performance degraded badly as our dataset grew. It has been a disappointing year.
C01749,Aurora Learning GmbH,Retail,NA,Starter,2,55.85,2024-05-02,2026-08-14,6,5,0,,We opened four tickets for the same bug and got four different answers.
C01750,Cascade Robotics,Retail,APAC,Growth,23,1399.86,2024-09-29,2026-08-16,6,6,0,,Escalations go nowhere; we had to chase our account manager repeatedly. Renewal is unlikely.
C01751,Mosaic Labs,Education,APAC,Growth,18,990.7,2024-05-04,2026-06-04,2,6,1,Onboarding too complex,Honestly we barely used it; it never became part of our workflow.
C01752,Redwood Health,SaaS,NA,Growth,39,2112.5,2024-06-11,2026-08-21,1,7,0,,We sync with our warehouse nightly and it mostly works. Some room for improvement.
C01753,Nimbus Studio Ltd,Media,APAC,Enterprise,163,13089.86,2026-05-25,2026-08-13,1,8,0,,"Mostly stable, with the occasional slow dashboard. Some room for improvement."
C01754,Nimbus Logistics,Manufacturing,APAC,Starter,6,168.03,2023-02-11,2026-08-28,2,7,0,,"Reliable overall, exports could be faster."
C01755,Cascade Networks Ltd,Fintech,NA,Starter,8,249.88,2026-06-06,2026-06-29,1,5,1,Missing features,"No audit log, which our compliance team requires. Would not recommend at this point."
C01756,Ember Retail,Healthcare,APAC,Enterprise,148,11721.56,2025-07-09,2026-08-28,2,7,0,,Would like more flexible billing for seasonal staff.
C01757,Atlas Digital,SaaS,NA,Enterprise,199,16197.13,2026-03-17,2026-08-28,0,9,0,,Onboarding was smooth and the whole team was productive in a week. We plan to add more seats next quarter.
C01758,Stellar Foods Inc,Logistics,NA,Starter,6,177.55,2025-04-02,2026-08-27,2,6,0,,The forecasting module is too simplistic for our use case.
C01759,Cobalt Robotics,Media,NA,Starter,6,170.73,2026-04-19,2026-04-20,4,7,1,Onboarding too complex,The tutorials are helpful; the data import could be smoother.
C01760,Aurora Health,Logistics,EMEA,Starter,3,87.54,2023-04-05,2026-07-06,2,7,1,Integration gaps,Would love a two-way calendar sync. Overall it is fine.
C01761,Harbor Retail Co,Fintech,NA,Starter,5,153.29,2025-07-05,2026-08-20,2,9,0,,Performance is excellent even at month-end peaks. Would buy again without hesitation.
C01762,Frontier Studio,SaaS,LATAM,Growth,40,2252.27,2025-06-24,2026-08-20,0,8,0,,"Solid basics, some rough edges in the admin console."
C01763,Keystone Supply,SaaS,NA,Starter,6,170.74,2026-04-03,2026-08-23,2,7,0,,"Most of the team uses it weekly, a few power users daily."
C01764,Harbor Robotics GmbH,SaaS,NA,Starter,10,288.45,2023-04-16,2026-08-18,3,7,0,,"Our account manager is responsive, tier-1 support less so. We will see how the next release goes."
C01765,Cascade Dynamics,SaaS,EMEA,Growth,40,2241.38,2024-10-10,2026-08-28,4,7,0,,We like the dashboards but want more automation.
C01766,Falcon Studio Ltd,SaaS,NA,Growth,14,846.98,2024-10-22,2026-08-27,0,7,0,,Would prefer usage-based pricing over per-seat. Overall it is fine.
C01767,Redwood Logistics,Logistics,EMEA,Growth,13,767.64,2023-05-01,2026-08-25,2,4,0,,Missing basic features like bulk edit and custom roles. We are evaluating alternatives.
C01768,Stellar Systems LLC,SaaS,NA,Starter,11,323.6,2025-03-04,2026-08-21,4,6,0,,"No native Slack or HubSpot connector, so we had to build our own. Renewal is unlikely."
C01769,Harbor Media Ltd,SaaS,LATAM,Starter,12,353.03,2024-09-05,2026-08-18,4,4,0,,We opened four tickets for the same bug and got four different answers. We are evaluating alternatives.
C01770,Summit Labs Ltd,Manufacturing,EMEA,Starter,3,86.68,2024-09-28,2026-08-19,4,6,0,,Response times got noticeably worse over the last quarter. Renewal is unlikely.
C01771,Pioneer Works Inc,Healthcare,NA,Enterprise,156,12809.59,2025-05-20,2026-08-29,1,7,0,,Good enough integration options for our stack.
C01772,Pioneer Learning LLC,Manufacturing,NA,Starter,5,149.31,2025-08-11,2026-08-13,0,7,0,,Feature set is competitive but not best in class. Some room for improvement.
C01773,Lumen Systems,Healthcare,NA,Growth,59,3275.12,2025-04-25,2026-08-16,0,10,0,,Budget approval was easy because the ROI is obvious.
C01774,Juniper Studio Inc,Media,LATAM,Growth,44,2213.32,2024-05-06,2026-07-14,0,5,0,,Response times got noticeably worse over the last quarter.
C01775,Frontier Health,Healthcare,EMEA,Enterprise,92,8190.63,2026-05-14,2026-08-28,0,7,0,,"Most of the team uses it weekly, a few power users daily."
C01776,Zenith Digital Ltd,Healthcare,NA,Starter,6,170.65,2023-09-29,2026-05-03,3,8,1,Poor support experience,"Fine for simple questions, weaker on technical issues. Some room for improvement."
C01777,Juniper Foods,Education,NA,Starter,8,230.13,2024-03-09,2026-08-11,3,3,0,,We opened four tickets for the same bug and got four different answers. Frustrating overall.
C01778,Cobalt Partners Co,Retail,APAC,Enterprise,153,13494.98,2024-09-12,2026-08-11,0,10,0,,Pricing is transparent and scales sensibly with our team.
C01779,Oakridge Dynamics Co,Fintech,NA,Starter,8,261.72,2024-02-03,2026-08-23,2,9,0,,The mobile app is snappy and dependable.
C01780,Beacon Health GmbH,Retail,EMEA,Growth,19,1010.75,2024-03-12,2026-08-30,0,9,0,,Reliable exports and fast reports every time.
C01781,Harbor Foods Ltd,SaaS,APAC,Starter,9,264.18,2026-03-28,2026-03-29,5,3,1,Too expensive,Pricing jumped at renewal and nobody warned us. Renewal is unlikely.
C01782,Cascade Health,Manufacturing,NA,Enterprise,130,10969.95,2023-07-13,2026-07-27,1,6,0,,Frequent logouts and stale sessions made it unusable for the field team. Would not recommend at this point.
C01783,Bluepeak Retail,Fintech,EMEA,Growth,17,995.76,2024-10-14,2026-08-11,4,5,0,,Response times got noticeably worse over the last quarter. Renewal is unlikely.
C01784,Windmill Media Co,SaaS,NA,Starter,6,177.78,2024-08-24,2026-03-09,2,7,1,Too expensive,We are still ramping up usage across the team.
C01785,Stellar Media LLC,Fintech,NA,Enterprise,320,27089.34,2023-04-21,2026-08-17,3,9,0,,Powerful yet simple; it grows with us.
C01786,Sable Dynamics Co,Media,LATAM,Growth,21,1221.09,2023-09-15,2026-08-20,1,10,0,,Powerful yet simple; it grows with us.
C01787,Sable Media Inc,Fintech,EMEA,Growth,52,2856.58,2023-12-14,2026-08-21,0,8,0,,The tutorials are helpful; the data import could be smoother. We will see how the next release goes.
C01788,Atlas Networks Ltd,Education,APAC,Starter,7,207.52,2024-08-23,2026-02-08,8,2,1,Low usage / no longer needed,Honestly we barely used it; it never became part of our workflow. We are evaluating alternatives.
C01789,Oakridge Capital Inc,Media,EMEA,Starter,13,383.96,2024-06-15,2026-07-31,2,6,1,Missing features,The roadmap items we were promised never shipped.
C01790,Crescent Health Inc,SaaS,NA,Growth,46,2543.06,2025-01-26,2026-08-26,1,8,0,,Pricing is fair but the Growth tier is a big jump from Starter.
C01791,Summit Works Inc,Manufacturing,EMEA,Starter,4,113.29,2024-04-25,2026-08-19,5,5,0,,Frequent logouts and stale sessions made it unusable for the field team. Frustrating overall.
C01792,Bluepeak Learning Ltd,Fintech,EMEA,Enterprise,134,12547.66,2025-09-25,2026-07-10,1,7,0,,Feature set is competitive but not best in class.
C01793,Silverlake Robotics,SaaS,NA,Starter,10,294.17,2024-04-12,2026-08-23,2,7,0,,It does the job; adoption is growing slowly.
C01794,Stellar Health GmbH,Education,NA,Growth,41,2318.28,2025-12-24,2026-08-11,2,9,0,,Our account manager proactively checks in every month. We plan to add more seats next quarter.
C01795,Evergreen Analytics,Media,EMEA,Starter,8,227.29,2026-06-29,2026-08-16,2,8,0,,Would like faster responses on weekends.
C01796,Pioneer Works Ltd,Fintech,EMEA,Growth,41,2266.73,2025-05-02,2026-05-20,1,4,1,Low usage / no longer needed,It took weeks to import our data and the docs were out of date.
C01797,Meridian Foods Ltd,Healthcare,NA,Starter,3,87.63,2023-05-10,2026-06-29,3,6,0,,Data was missing for two days and nobody told us why. Frustrating overall.
C01798,Summit Media LLC,Fintech,APAC,Starter,12,321.39,2026-02-14,2026-08-13,3,7,0,,We are on the fence at renewal because of the price increase.
C01799,Cobalt Foods Co,Healthcare,NA,Starter,10,281.69,2025-11-08,2026-08-21,1,7,0,,Reports are a bit slow at month end.
C01800,Foxglove Systems,Healthcare,NA,Growth,56,2982.36,2024-12-12,2026-08-31,3,6,0,,Chat support only sends links to docs we have already read.
C01801,Granite Studio Inc,Healthcare,NA,Starter,9,254.73,2024-03-09,2026-08-19,1,7,0,,"The Slack integration is handy, the HubSpot one is limited."
C01802,Tidewater Capital,Healthcare,APAC,Growth,27,1524.83,2025-06-25,2026-08-14,1,5,0,,No phone support and email replies take forever. Frustrating overall.
C01803,Ember Group GmbH,SaaS,NA,Starter,3,87.15,2025-02-24,2026-08-13,0,7,0,,Reports are a bit slow at month end.
C01804,Ember Digital,Education,EMEA,Growth,27,1682.04,2025-09-09,2026-07-29,4,5,0,,The per-seat model punishes us every time we onboard a contractor.
C01805,Nimbus Software GmbH,Education,NA,Growth,31,1709.85,2025-04-03,2026-06-04,1,6,0,,Reporting is too rigid; we ended up exporting to spreadsheets anyway.
C01806,Lumen Capital LLC,Education,EMEA,Starter,3,82.89,2025-11-18,2026-08-14,3,6,0,,Data was missing for two days and nobody told us why. Would not recommend at this point.
C01807,Foxglove Health Ltd,SaaS,APAC,Starter,8,222.43,2026-05-19,2026-08-23,3,6,0,,We could not connect it to our data warehouse without a consultant. We are evaluating alternatives.
C01808,Mosaic Group Co,Retail,NA,Starter,3,85.69,2025-08-17,2026-03-06,13,0,1,Onboarding too complex,It took weeks to import our data and the docs were out of date.
C01809,Aurora Works,Retail,LATAM,Growth,73,3778.7,2024-02-10,2026-07-29,2,5,1,Integration gaps,The API is rate limited so aggressively that our sync jobs fail nightly. Frustrating overall.
C01810,Silverlake Capital Ltd,SaaS,NA,Enterprise,192,16353.56,2026-02-25,2026-08-18,0,7,0,,Good enough integration options for our stack.
C01811,Copperfield Learning Ltd,Fintech,NA,Starter,3,91.71,2025-11-20,2026-08-19,1,6,0,,"No native Slack or HubSpot connector, so we had to build our own."
C01812,Quantum Analytics Co,Retail,EMEA,Growth,37,1983.42,2024-08-26,2026-08-30,0,7,0,,"Mostly stable, with the occasional slow dashboard. Overall it is fine."
C01813,Beacon Robotics,Manufacturing,EMEA,Growth,37,2036.37,2023-03-18,2026-08-29,3,7,0,,Covers our core needs; advanced reporting is limited.
C01814,Crescent Robotics Ltd,Fintech,NA,Growth,52,2804.28,2026-05-01,2026-08-30,2,5,0,,Dashboards time out constantly when we filter more than a few weeks. It has been a disappointing year.
C01815,Aurora Analytics,Manufacturing,EMEA,Growth,21,1207.8,2024-11-20,2026-08-30,4,6,0,,Half the team stopped logging in after the first month.
C01816,Bluepeak Health,Healthcare,NA,Enterprise,261,22129.7,2024-05-25,2026-08-30,2,9,0,,Budget approval was easy because the ROI is obvious. Highly recommended.
C01817,Crescent Group Inc,Manufacturing,EMEA,Growth,30,1723.04,2025-02-13,2026-06-19,2,9,0,,Powerful yet simple; it grows with us.
C01818,Granite Partners,Retail,EMEA,Enterprise,114,9282.9,2023-03-31,2026-04-13,3,7,1,Onboarding too complex,The tutorials are helpful; the data import could be smoother.
C01819,Copperfield Supply Co,Retail,LATAM,Starter,5,135.61,2025-11-19,2026-08-16,1,7,0,,Useful tool; the roadmap looks promising.
C01820,Granite Partners,Healthcare,EMEA,Growth,41,2255.48,2023-08-21,2026-08-20,1,7,0,,Good enough integration options for our stack.
C01821,Evergreen Robotics Ltd,Logistics,EMEA,Enterprise,214,18776.69,2023-11-25,2026-08-20,1,8,0,,Setup for SSO was fiddly but works now. Happy enough to stay for now.
C01822,Evergreen Networks Ltd,Retail,EMEA,Enterprise,337,29160.88,2024-12-13,2026-06-11,1,5,0,,We had three outages in one month during peak hours. Renewal is unlikely.
C01823,Halcyon Logistics Co,Healthcare,NA,Starter,1,30.73,2025-04-27,2026-07-31,2,8,0,,"Fine for simple questions, weaker on technical issues."
C01824,Atlas Digital Inc,Healthcare,NA,Enterprise,230,18832.3,2023-01-19,2026-08-28,0,6,0,,It took weeks to import our data and the docs were out of date. We are evaluating alternatives.
C01825,Atlas Retail,Manufacturing,LATAM,Starter,8,239.9,2025-01-11,2026-08-13,0,7,0,,"Our account manager is responsive, tier-1 support less so."
C01826,Frontier Supply Inc,SaaS,NA,Growth,73,3828.85,2023-07-20,2026-06-14,3,7,0,,We like the dashboards but want more automation.
C01827,Frontier Logistics Ltd,Retail,APAC,Starter,7,208.76,2026-05-02,2026-05-03,3,8,1,Budget cuts,"Does what it says, nothing spectacular."
C01828,Quantum Foods,Retail,NA,Growth,20,1257.61,2024-04-22,2026-08-04,0,10,0,,The Salesforce and Slack integrations work flawlessly.
C01829,Copperfield Group Ltd,Logistics,APAC,Starter,3,88.73,2024-09-17,2026-08-27,7,3,0,,We could not connect it to our data warehouse without a consultant. Would not recommend at this point.
C01830,Zenith Foods Inc,Retail,NA,Starter,7,216.49,2025-03-07,2026-04-20,3,7,1,Reliability issues,"No major issues, some minor bugs here and there. Overall it is fine."
C01831,Cascade Capital Inc,Retail,LATAM,Starter,3,84.92,2023-07-19,2026-06-05,1,8,1,Switched to competitor,Covers our core needs; advanced reporting is limited.
C01832,Juniper Learning,Logistics,EMEA,Starter,3,86.53,2023-07-31,2026-08-22,0,8,0,,"Reliable overall, exports could be faster."
C01833,Evergreen Studio,Retail,NA,Starter,6,167.63,2026-05-08,2026-06-06,3,6,1,Missing features,Support tickets sit for days before anyone replies. It has been a disappointing year.
C01834,Mosaic Digital Ltd,SaaS,EMEA,Enterprise,199,16769.15,2025-01-03,2026-07-05,1,8,0,,"Setup took longer than expected, mostly on our side."
C01835,Summit Software Inc,SaaS,EMEA,Growth,32,1774.78,2023-10-17,2026-08-20,0,7,0,,Feature set is competitive but not best in class.
C01836,Brightline Works Inc,SaaS,NA,Growth,60,3295.63,2025-04-26,2026-08-11,0,10,0,,Support even helped us design our dashboards. Keep up the great work.
C01837,Harbor Partners Inc,SaaS,NA,Growth,46,2476.15,2026-02-13,2026-08-28,1,4,0,,We were never shown how to use the reporting module.
C01838,Ironclad Group Inc,Retail,EMEA,Starter,6,170.58,2025-09-01,2026-04-16,1,8,1,Budget cuts,We sync with our warehouse nightly and it mostly works. Happy enough to stay for now.
C01839,Silverlake Learning,Manufacturing,EMEA,Growth,40,2225.1,2024-05-25,2026-06-23,1,10,1,Budget cuts,"Great value for the price, especially on the annual plan."
C01840,Orbit Foods Ltd,Manufacturing,NA,Growth,24,1406.98,2025-04-22,2026-08-20,2,6,0,,We had three outages in one month during peak hours.
C01841,Atlas Studio,SaaS,APAC,Starter,5,138.32,2026-02-16,2026-02-20,5,3,1,Poor support experience,No phone support and email replies take forever.
C01842,Aurora Software Co,Healthcare,NA,Growth,22,1199.49,2023-11-16,2026-03-02,6,2,1,Reliability issues,Frequent logouts and stale sessions made it unusable for the field team.
C01843,Copperfield Software Ltd,SaaS,NA,Growth,29,1670.24,2025-10-05,2026-08-21,0,9,0,,Excellent documentation and training videos.
C01844,Cobalt Group,Logistics,EMEA,Growth,24,1337.71,2026-06-26,2026-08-22,2,9,0,,"Rock solid, we have never seen an outage."
C01845,Northwind Networks,SaaS,NA,Growth,52,2757.88,2024-03-16,2026-04-26,5,4,1,Onboarding too complex,Half the team stopped logging in after the first month. Would not recommend at this point.
C01846,Nimbus Digital Ltd,Healthcare,NA,Starter,7,199.56,2026-02-07,2026-06-07,2,7,1,Too expensive,We are on the fence at renewal because of the price increase. Happy enough to stay for now.
C01847,Cascade Robotics Inc,Fintech,EMEA,Growth,46,2509.27,2023-01-29,2026-08-23,1,9,0,,The platform is fast and stable; no complaints.
C01848,Stellar Supply Ltd,Education,NA,Starter,5,141.14,2024-04-21,2026-08-24,4,5,0,,Chat support only sends links to docs we have already read. Frustrating overall.
C01849,Northwind Supply GmbH,Retail,NA,Enterprise,332,30386.49,2023-12-19,2026-08-16,1,8,0,,Onboarding was fine but could use more templates.
C01850,Falcon Health GmbH,Manufacturing,EMEA,Starter,7,192.76,2023-02-07,2026-08-17,0,8,0,,Would prefer usage-based pricing over per-seat. Overall it is fine.
C01851,Silverlake Retail,Fintech,EMEA,Growth,54,3106.29,2025-02-08,2026-08-26,2,8,0,,Onboarding was fine but could use more templates.
C01852,Stellar Learning,Media,APAC,Growth,21,1230.94,2024-11-05,2026-08-28,0,7,0,,The API works but the docs could be clearer. Happy enough to stay for now.
C01853,Pioneer Studio Ltd,Retail,EMEA,Starter,5,141.19,2024-04-28,2026-08-17,8,4,0,,Pricing jumped at renewal and nobody warned us. Frustrating overall.
C01854,Stellar Dynamics,Manufacturing,EMEA,Starter,8,237.45,2026-01-08,2026-08-18,4,6,0,,Response times got noticeably worse over the last quarter. Would not recommend at this point.
C01855,Meridian Group,Media,NA,Starter,7,199.32,2023-11-13,2026-01-31,3,3,1,Integration gaps,We could not connect it to our data warehouse without a consultant.
C01856,Ember Software Co,Logistics,APAC,Growth,26,1484.48,2025-11-14,2026-08-30,0,10,0,,The Salesforce and Slack integrations work flawlessly.
C01857,Sable Health LLC,Fintech,NA,Enterprise,404,36430.5,2025-03-22,2026-08-21,2,7,0,,The tutorials are helpful; the data import could be smoother. Happy enough to stay for now.
C01858,Evergreen Works Ltd,Fintech,NA,Starter,4,105.82,2026-02-19,2026-06-01,5,4,1,Poor support experience,No phone support and email replies take forever.
C01859,Frontier Retail,Fintech,APAC,Growth,49,2662.29,2023-01-09,2026-08-27,0,8,0,,Tickets get resolved eventually but it takes follow-ups.
C01860,Atlas Logistics Inc,Fintech,EMEA,Enterprise,323,27387.1,2026-05-22,2026-08-21,4,7,0,,Support quality varies a lot depending on who picks up the ticket.
C01861,Ironclad Supply,Healthcare,EMEA,Starter,8,245.07,2023-01-03,2026-07-15,2,5,1,Onboarding too complex,The setup wizard failed twice and we gave up on the advanced features.
C01862,Bluepeak Media,Logistics,NA,Enterprise,178,14739.98,2025-06-28,2026-08-17,0,8,0,,It does the job; adoption is growing slowly.
C01863,Copperfield Health LLC,Logistics,NA,Starter,9,288.78,2025-08-18,2026-08-14,5,6,0,,We pay for features we never use; the plan tiers make no sense. Renewal is unlikely.
C01864,Bluepeak Robotics Ltd,Healthcare,EMEA,Starter,3,89.64,2023-07-27,2026-08-31,1,9,0,,Support even helped us design our dashboards. Highly recommended.
C01865,Halcyon Health GmbH,Healthcare,EMEA,Starter,7,183.78,2023-02-14,2026-08-12,1,5,0,,"A competitor offered everything we needed at a lower price, so we switched."
C01866,Orbit Group Co,Media,EMEA,Starter,9,245.82,2023-02-16,2026-06-29,0,8,0,,"One outage this quarter, communicated well. Overall it is fine."
C01867,Pioneer Partners,Logistics,NA,Growth,21,1250.74,2023-06-15,2026-08-18,2,7,0,,Would like faster responses on weekends.
C01868,Lumen Digital Co,SaaS,NA,Enterprise,239,19191.64,2023-07-13,2026-08-19,1,5,0,,Frequent logouts and stale sessions made it unusable for the field team.
C01869,Riverbend Analytics Co,Healthcare,EMEA,Starter,3,88.91,2026-05-19,2026-08-28,2,6,0,,Support tickets sit for days before anyone replies.
C01870,Orbit Foods Co,Media,EMEA,Enterprise,212,17516.02,2023-09-14,2026-08-17,2,10,0,,"Support is outstanding, replies within the hour. Would buy again without hesitation."
C01871,Mosaic Systems,Fintech,NA,Starter,11,303.74,2025-10-24,2026-06-30,3,7,0,,Tickets get resolved eventually but it takes follow-ups.
C01872,Summit Software,Retail,NA,Starter,6,167.29,2023-03-20,2026-08-14,2,8,0,,"Decent value, though we keep an eye on seat costs."
C01873,Zenith Supply Co,Logistics,NA,Enterprise,151,13139.65,2025-04-14,2026-08-27,2,6,0,,We outgrew the product; it is fine for small teams but not for us. We are evaluating alternatives.
C01874,Bluepeak Analytics GmbH,Logistics,NA,Enterprise,186,14385.38,2024-08-01,2026-08-30,0,7,0,,Onboarding was fine but could use more templates.
C01875,Orbit Capital Inc,Media,EMEA,Growth,20,1229.34,2024-11-20,2026-08-22,2,7,0,,"Reliable overall, exports could be faster. We will see how the next release goes."
C01876,Silverlake Learning,Manufacturing,NA,Starter,9,272.22,2025-09-27,2026-04-11,3,3,1,Company downsized,Overage charges were a nasty surprise on the invoice. We are evaluating alternatives.
C01877,Halcyon Robotics Inc,Fintech,EMEA,Starter,11,314.77,2023-09-25,2026-07-26,4,7,0,,Integrations cover the basics; we still miss a native Jira connector. Happy enough to stay for now.
C01878,Mosaic Studio,Fintech,APAC,Starter,14,383.19,2023-01-06,2026-08-28,0,10,0,,Onboarding was smooth and the whole team was productive in a week. Keep up the great work.
C01879,Silverlake Logistics Inc,Healthcare,LATAM,Growth,29,1749.04,2023-10-09,2026-08-28,2,7,0,,Uptime is fine; performance on large filters could improve.
C01880,Orbit Foods Inc,Healthcare,LATAM,Starter,7,199.05,2025-10-22,2026-08-28,2,6,0,,Our budget was cut and the platform was the first thing to go.
C01881,Tidewater Partners Inc,Retail,NA,Growth,22,1219.34,2025-01-24,2026-03-27,0,6,1,Onboarding too complex,It took weeks to import our data and the docs were out of date.
C01882,Keystone Software Ltd,Healthcare,NA,Starter,8,249.72,2026-03-26,2026-07-16,3,5,1,Onboarding too complex,The setup wizard failed twice and we gave up on the advanced features.
C01883,Northwind Systems LLC,Retail,NA,Growth,17,967.52,2025-11-30,2026-06-14,1,9,0,,"Support is outstanding, replies within the hour. Highly recommended."
C01884,Ironclad Foods,Manufacturing,EMEA,Starter,4,109.17,2023-07-13,2026-08-12,4,7,0,,"Our account manager is responsive, tier-1 support less so."
C01885,Atlas Networks,Fintech,NA,Growth,26,1551.49,2023-03-15,2026-08-25,2,4,0,,The per-seat model punishes us every time we onboard a contractor. Would not recommend at this point.
C01886,Brightline Supply,Fintech,NA,Growth,57,3119.1,2023-01-28,2026-08-24,0,8,0,,Covers our core needs; advanced reporting is limited.
C01887,Northwind Supply,SaaS,NA,Enterprise,327,29152.87,2023-08-30,2026-08-17,2,4,0,,No phone support and email replies take forever.
C01888,Silverlake Supply GmbH,SaaS,NA,Enterprise,150,12430.38,2024-09-03,2026-08-29,0,7,0,,Good enough integration options for our stack.
C01889,Evergreen Robotics GmbH,Media,EMEA,Growth,16,930.03,2023-01-22,2026-06-03,1,10,0,,"Great value for the price, especially on the annual plan."
C01890,Silverlake Labs,Retail,EMEA,Starter,5,146.94,2026-01-13,2026-02-10,6,4,1,Company downsized,Our budget was cut and the platform was the first thing to go. Would not recommend at this point.
C01891,Evergreen Works,Fintech,EMEA,Enterprise,361,30620.59,2024-09-02,2026-08-23,4,2,0,,Overage charges were a nasty surprise on the invoice. Would not recommend at this point.
C01892,Nimbus Logistics,Manufacturing,APAC,Enterprise,461,39150.11,2025-07-29,2026-08-24,1,7,0,,We are still ramping up usage across the team. We will see how the next release goes.
C01893,Brightline Dynamics Co,Healthcare,NA,Enterprise,152,12929.94,2026-01-18,2026-07-17,1,10,0,,Great templates got us started immediately.
C01894,Redwood Group,SaaS,NA,Growth,37,2043.56,2023-02-14,2026-08-27,0,7,0,,"Does what it says, nothing spectacular."
C01895,Cobalt Learning LLC,Fintech,NA,Starter,10,285.17,2024-07-07,2026-08-25,0,7,0,,Integrations cover the basics; we still miss a native Jira connector. Overall it is fine.
C01896,Windmill Capital LLC,SaaS,EMEA,Growth,37,2097.81,2025-05-09,2026-08-12,0,8,0,,Costs are acceptable for what we use today. We will see how the next release goes.
C01897,Keystone Systems LLC,Education,EMEA,Starter,5,142.91,2026-06-25,2026-08-28,4,6,0,,We had three outages in one month during peak hours.
C01898,Redwood Partners Ltd,Fintech,NA,Starter,10,299.33,2025-11-09,2026-03-07,7,4,1,Reliability issues,Reporting is too rigid; we ended up exporting to spreadsheets anyway. Renewal is unlikely.
C01899,Stellar Dynamics,SaaS,LATAM,Starter,2,61.22,2023-10-04,2026-08-25,1,7,0,,"The annual discount helped, monthly pricing feels steep."
C01900,Atlas Robotics Inc,SaaS,NA,Growth,36,1921.79,2023-12-12,2026-08-19,4,5,0,,Exports randomly fail with no error message.
C01901,Lumen Group Co,Healthcare,NA,Starter,4,127.16,2025-10-17,2026-08-15,3,4,0,,Support tickets sit for days before anyone replies. Would not recommend at this point.
C01902,Granite Learning,SaaS,EMEA,Growth,35,1865.71,2025-04-13,2026-08-21,2,4,0,,Missing basic features like bulk edit and custom roles.
C01903,Cascade Logistics,Media,LATAM,Growth,12,688.02,2023-11-15,2026-06-25,4,4,1,Integration gaps,"No native Slack or HubSpot connector, so we had to build our own."
C01904,Zenith Robotics GmbH,SaaS,EMEA,Growth,15,904.12,2024-09-22,2026-08-29,2,5,0,,"No native Slack or HubSpot connector, so we had to build our own. We are evaluating alternatives."
C01905,Ironclad Robotics Co,Healthcare,LATAM,Starter,4,118.05,2026-03-31,2026-08-18,2,6,0,,The per-seat model punishes us every time we onboard a contractor. It has been a disappointing year.
C01906,Quantum Learning Ltd,Retail,NA,Enterprise,107,9029.92,2023-09-20,2026-08-21,4,5,0,,We opened four tickets for the same bug and got four different answers.
C01907,Ironclad Logistics Inc,Retail,EMEA,Starter,6,179.7,2024-02-25,2026-01-29,7,3,1,Too expensive,We pay for features we never use; the plan tiers make no sense. We are evaluating alternatives.
C01908,Riverbend Partners Ltd,SaaS,APAC,Starter,3,87.88,2026-02-24,2026-05-14,10,1,1,Reliability issues,Performance degraded badly as our dataset grew.
C01909,Lumen Retail,Manufacturing,EMEA,Starter,5,156.98,2025-05-08,2026-08-14,1,10,0,,The Salesforce and Slack integrations work flawlessly. We plan to add more seats next quarter.
C01910,Pioneer Analytics,Media,NA,Starter,14,405.14,2023-10-12,2026-08-21,3,7,0,,"Fine for simple questions, weaker on technical issues."
C01911,Harbor Robotics Inc,SaaS,LATAM,Growth,35,1854.81,2024-01-02,2026-08-14,1,9,0,,"Rock solid, we have never seen an outage. We plan to add more seats next quarter."
C01912,Foxglove Capital LLC,SaaS,NA,Starter,9,255.24,2025-12-08,2026-08-23,2,6,0,,Overage charges were a nasty surprise on the invoice. It has been a disappointing year.
C01913,Vertex Retail GmbH,Media,NA,Enterprise,413,35409.17,2023-12-24,2026-08-31,2,6,0,,The roadmap items we were promised never shipped. Would not recommend at this point.
C01914,Riverbend Group Ltd,Healthcare,APAC,Starter,9,266.07,2025-06-14,2026-08-20,2,6,0,,Pricing jumped at renewal and nobody warned us. Would not recommend at this point.
C01915,Lumen Works Co,SaaS,APAC,Enterprise,119,10096.55,2024-09-24,2026-08-11,0,10,0,,Pricing is transparent and scales sensibly with our team.
C01916,Ironclad Labs,SaaS,LATAM,Growth,68,3604.37,2023-10-09,2026-08-20,3,6,0,,Escalations go nowhere; we had to chase our account manager repeatedly. Would not recommend at this point.
C01917,Solstice Media Inc,Education,APAC,Starter,3,90.86,2024-04-14,2026-08-12,3,6,0,,Too expensive compared with the alternatives we evaluated.
C01918,Quantum Group,Education,NA,Growth,30,1907.14,2025-06-26,2026-08-30,1,7,0,,We sync with our warehouse nightly and it mostly works.
C01919,Vertex Works,Healthcare,LATAM,Starter,5,145.17,2025-10-20,2026-08-17,1,8,0,,"Mostly stable, with the occasional slow dashboard."
C01920,Evergreen Dynamics,Logistics,NA,Enterprise,300,27073.35,2023-02-03,2026-08-27,2,8,0,,We like the dashboards but want more automation.
C01921,Orbit Labs Ltd,Retail,EMEA,Growth,33,1873.45,2026-03-01,2026-06-11,1,7,0,,Would like faster responses on weekends.
C01922,Quantum Logistics GmbH,Fintech,NA,Growth,71,4241.51,2023-10-29,2026-07-22,1,10,0,,We expanded to two more teams because it works so well. We plan to add more seats next quarter.
C01923,Beacon Group Ltd,Retail,APAC,Starter,8,236.39,2025-04-07,2026-08-18,3,6,0,,Chat support only sends links to docs we have already read. It has been a disappointing year.
C01924,Evergreen Foods Inc,Fintech,EMEA,Enterprise,78,7220.7,2023-12-31,2026-08-13,1,7,0,,"Fine for simple questions, weaker on technical issues. Overall it is fine."
C01925,Meridian Retail Inc,Fintech,APAC,Growth,50,2835.95,2023-12-08,2026-08-20,0,10,0,,The mobile app is snappy and dependable. Highly recommended.
C01926,Quantum Logistics Inc,SaaS,NA,Growth,49,2642.0,2026-02-08,2026-08-12,2,6,0,,Our budget was cut and the platform was the first thing to go. It has been a disappointing year.
C01927,Lumen Analytics LLC,Fintech,NA,Starter,2,58.94,2025-06-13,2026-08-19,2,8,0,,The API works but the docs could be clearer. Some room for improvement.
C01928,Evergreen Group,Education,NA,Starter,6,183.26,2026-03-14,2026-05-19,6,1,1,Onboarding too complex,Adoption stalled because the learning curve is steep.
C01929,Windmill Works Ltd,SaaS,NA,Growth,35,1983.4,2023-01-27,2026-08-27,4,4,0,,Data was missing for two days and nobody told us why.
C01930,Cascade Group,Retail,EMEA,Growth,59,3233.32,2023-12-12,2026-08-19,0,6,0,,Adoption stalled because the learning curve is steep.
C01931,Copperfield Analytics LLC,Education,NA,Enterprise,134,11366.5,2023-03-04,2026-08-11,2,4,0,,We opened four tickets for the same bug and got four different answers.
C01932,Meridian Logistics LLC,Healthcare,EMEA,Growth,38,2148.25,2024-08-28,2026-08-20,0,9,0,,Budget approval was easy because the ROI is obvious.
C01933,Silverlake Works Inc,Manufacturing,NA,Growth,42,2371.32,2024-08-12,2026-08-18,1,7,0,,"The Slack integration is handy, the HubSpot one is limited. Some room for improvement."
C01934,Solstice Dynamics,Manufacturing,NA,Growth,50,2825.81,2026-06-06,2026-08-25,2,5,0,,Webhook payloads changed without notice and broke our pipeline.
C01935,Cascade Analytics,Education,EMEA,Growth,30,1794.03,2023-10-22,2026-08-12,2,7,0,,We are still ramping up usage across the team. Overall it is fine.
C01936,Vertex Foods GmbH,SaaS,NA,Starter,12,336.52,2025-04-29,2026-08-22,6,5,0,,Too expensive compared with the alternatives we evaluated. Frustrating overall.
C01937,Juniper Robotics,Retail,NA,Enterprise,140,11467.55,2026-06-22,2026-08-23,1,6,0,,Overage charges were a nasty surprise on the invoice.
C01938,Zenith Networks Ltd,Healthcare,NA,Starter,3,88.6,2023-03-30,2026-08-20,5,3,0,,The support team is friendly but never actually fixes anything.
C01939,Juniper Capital LLC,Fintech,NA,Growth,66,3741.86,2024-07-22,2026-08-17,2,7,0,,"Setup took longer than expected, mostly on our side."
C01940,Silverlake Retail Co,SaaS,EMEA,Enterprise,150,12976.91,2024-05-14,2026-08-13,1,6,0,,SSO setup with Okta took three support tickets to get working.
C01941,Oakridge Analytics LLC,Fintech,NA,Growth,73,3897.33,2023-02-03,2026-08-02,1,8,0,,The help center is good; live support is average.
C01942,Stellar Logistics Co,Retail,NA,Starter,11,317.07,2024-06-21,2026-08-24,2,8,0,,Uptime is fine; performance on large filters could improve. We will see how the next release goes.
C01943,Summit Retail LLC,Retail,EMEA,Growth,38,1987.12,2023-11-20,2026-02-16,5,3,1,Onboarding too complex,Onboarding was confusing and we never really got set up properly.
C01944,Lumen Media,SaaS,EMEA,Starter,4,109.54,2024-01-26,2026-08-27,3,7,0,,It does the job; adoption is growing slowly.
C01945,Beacon Labs Ltd,Manufacturing,EMEA,Starter,4,116.38,2023-09-29,2026-08-26,8,2,0,,Dashboards time out constantly when we filter more than a few weeks. Would not recommend at this point.
C01946,Zenith Capital,Logistics,NA,Growth,23,1430.72,2024-10-25,2026-08-28,2,8,0,,"One outage this quarter, communicated well."
C01947,Silverlake Dynamics Inc,SaaS,LATAM,Growth,49,2699.36,2024-05-23,2026-08-15,0,9,0,,The HubSpot sync saved us hours every week.
C01948,Vertex Retail Inc,Logistics,NA,Starter,4,124.85,2025-07-28,2026-04-23,2,7,1,Reliability issues,"One outage this quarter, communicated well. Some room for improvement."
C01949,Redwood Capital Co,SaaS,NA,Enterprise,381,31850.7,2024-03-26,2026-08-11,2,8,0,,Would prefer usage-based pricing over per-seat. Some room for improvement.
C01950,Evergreen Supply Ltd,Logistics,APAC,Starter,12,348.43,2025-06-01,2026-08-21,1,6,0,,"No audit log, which our compliance team requires."
C01951,Quantum Dynamics,Logistics,EMEA,Enterprise,120,9697.71,2024-11-03,2026-08-10,1,5,0,,It took weeks to import our data and the docs were out of date.
C01952,Beacon Systems,SaaS,EMEA,Growth,27,1570.87,2024-03-24,2026-08-11,0,7,0,,"Support is okay, sometimes quick, sometimes slow. We will see how the next release goes."
C01953,Frontier Learning LLC,Manufacturing,APAC,Enterprise,120,9617.36,2025-11-16,2026-08-17,0,10,0,,"Best-in-class dashboards, our execs love them. We plan to add more seats next quarter."
C01954,Halcyon Group,Logistics,NA,Enterprise,268,21158.17,2025-07-28,2026-08-27,2,8,0,,We are still ramping up usage across the team.
C01955,Falcon Digital Inc,Media,APAC,Enterprise,409,32802.58,2024-11-02,2026-08-16,2,5,0,,The Salesforce integration breaks every other week.
C01956,Falcon Capital LLC,Logistics,EMEA,Growth,38,2092.17,2024-11-12,2026-08-30,3,6,0,,Support tickets sit for days before anyone replies. Frustrating overall.
C01957,Ironclad Learning,Healthcare,NA,Starter,7,197.02,2025-09-01,2026-08-30,0,9,0,,"Great value for the price, especially on the annual plan. Keep up the great work."
C01958,Atlas Learning LLC,SaaS,NA,Starter,9,255.78,2025-09-08,2026-08-26,2,7,0,,"Mostly stable, with the occasional slow dashboard."
C01959,Stellar Learning Co,Media,NA,Growth,17,1019.44,2025-06-27,2026-08-17,0,8,0,,We are still ramping up usage across the team. Overall it is fine.
C01960,Meridian Media LLC,Healthcare,LATAM,Starter,5,136.02,2023-05-26,2026-08-19,1,9,0,,The API is clean and well documented; we automated everything.
C01961,Quantum Group Ltd,Healthcare,NA,Enterprise,173,14605.14,2023-10-21,2026-08-25,3,7,0,,Useful tool; the roadmap looks promising. Overall it is fine.
C01962,Riverbend Logistics,Retail,NA,Starter,11,329.82,2024-05-31,2026-02-28,3,8,1,Low usage / no longer needed,"The Slack integration is handy, the HubSpot one is limited."
C01963,Falcon Partners,Healthcare,EMEA,Enterprise,301,26276.01,2025-01-04,2026-08-16,0,7,0,,Costs are acceptable for what we use today.
C01964,Granite Health,SaaS,EMEA,Growth,52,2912.2,2024-05-18,2026-07-13,1,7,1,Switched to competitor,"Good product, waiting on the custom fields feature."
C01965,Summit Labs,Manufacturing,NA,Enterprise,74,6798.96,2025-11-23,2026-08-31,2,6,0,,The API is rate limited so aggressively that our sync jobs fail nightly. We are evaluating alternatives.
C01966,Evergreen Supply,SaaS,APAC,Enterprise,325,26666.41,2024-03-24,2026-08-15,1,7,0,,"Solid basics, some rough edges in the admin console."
C01967,Vertex Supply Co,Education,EMEA,Starter,7,202.33,2024-11-25,2026-08-29,1,9,0,,Support even helped us design our dashboards. Highly recommended.
C01968,Windmill Retail Inc,Media,APAC,Growth,67,3919.43,2025-06-09,2026-03-19,3,7,1,Missing features,"Good product, waiting on the custom fields feature. Overall it is fine."
C01969,Pioneer Foods,Retail,NA,Starter,7,205.22,2024-04-26,2026-08-26,4,8,0,,Feature set is competitive but not best in class. Overall it is fine.
C01970,Lumen Works Inc,Retail,NA,Growth,18,1057.46,2024-12-11,2026-03-06,4,4,1,Budget cuts,Too expensive compared with the alternatives we evaluated. Would not recommend at this point.
C01971,Zenith Group,Fintech,EMEA,Growth,47,2637.04,2025-07-16,2026-08-11,1,7,0,,"Most of the team uses it weekly, a few power users daily. We will see how the next release goes."
C01972,Keystone Media LLC,Logistics,NA,Starter,9,261.52,2024-05-07,2026-08-19,0,5,0,,Dashboards time out constantly when we filter more than a few weeks.
C01973,Riverbend Supply,Manufacturing,EMEA,Starter,9,263.36,2026-05-23,2026-08-21,0,9,0,,Automation rules removed a ton of manual work. We plan to add more seats next quarter.
C01974,Evergreen Analytics Ltd,Retail,NA,Starter,8,229.71,2024-11-15,2026-01-28,5,9,1,Company downsized,Costs are acceptable for what we use today. Happy enough to stay for now.
C01975,Vertex Dynamics,SaaS,APAC,Starter,3,85.56,2025-09-30,2026-04-03,5,3,1,Low usage / no longer needed,Honestly we barely used it; it never became part of our workflow. Renewal is unlikely.
C01976,Cascade Partners,SaaS,APAC,Growth,56,3195.14,2025-06-17,2026-08-11,3,10,0,,Powerful yet simple; it grows with us.
C01977,Stellar Dynamics GmbH,Retail,APAC,Starter,10,267.38,2025-11-05,2026-08-12,1,7,0,,We like the dashboards but want more automation. Overall it is fine.
C01978,Tidewater Analytics Co,Logistics,LATAM,Enterprise,280,24013.07,2025-05-11,2026-04-16,1,7,1,Integration gaps,We sync with our warehouse nightly and it mostly works.
C01979,Silverlake Dynamics,Manufacturing,APAC,Enterprise,366,30211.56,2024-11-18,2026-08-29,5,3,0,,Zapier is the only integration path and it is flaky.
C01980,Zenith Studio Inc,SaaS,NA,Enterprise,248,19278.79,2025-08-28,2026-08-27,0,8,0,,"Does what it says, nothing spectacular. Some room for improvement."
C01981,Cobalt Networks Inc,Media,NA,Growth,19,1077.3,2024-08-18,2026-08-23,1,6,0,,Missing basic features like bulk edit and custom roles. Frustrating overall.
C01982,Crescent Retail,Retail,APAC,Starter,4,115.83,2025-12-22,2026-04-27,2,7,1,Budget cuts,"Fine for simple questions, weaker on technical issues. Some room for improvement."
C01983,Meridian Health Ltd,Media,LATAM,Growth,24,1421.75,2024-10-02,2026-08-24,1,6,0,,We pay for features we never use; the plan tiers make no sense. Would not recommend at this point.
C01984,Ironclad Supply GmbH,Fintech,LATAM,Growth,30,1822.39,2025-08-01,2026-08-20,0,6,0,,We opened four tickets for the same bug and got four different answers.
C01985,Meridian Partners Ltd,Healthcare,APAC,Enterprise,399,34661.05,2023-09-21,2026-08-16,1,10,0,,SSO and SCIM provisioning worked out of the box. Highly recommended.
C01986,Beacon Labs Inc,Logistics,NA,Starter,14,380.88,2023-08-18,2026-08-15,4,4,0,,We opened four tickets for the same bug and got four different answers.
C01987,Copperfield Partners,Fintech,LATAM,Starter,5,147.19,2024-12-21,2026-08-27,6,3,0,,Too expensive compared with the alternatives we evaluated. It has been a disappointing year.
C01988,Nimbus Supply GmbH,Education,LATAM,Enterprise,173,14982.19,2025-12-16,2026-05-22,2,8,1,Integration gaps,Good enough integration options for our stack. Overall it is fine.
C01989,Frontier Media LLC,Logistics,EMEA,Enterprise,284,24107.88,2025-07-25,2026-08-13,0,8,0,,Feature set is competitive but not best in class. Overall it is fine.
C01990,Ember Works Ltd,SaaS,APAC,Starter,3,88.75,2024-02-28,2026-07-16,8,1,1,Budget cuts,The price per seat is hard to justify for a team our size. It has been a disappointing year.
C01991,Cascade Digital Ltd,SaaS,EMEA,Growth,54,2733.94,2025-12-28,2026-06-08,1,8,0,,"No major issues, some minor bugs here and there."
C01992,Mosaic Systems Co,Education,LATAM,Starter,5,139.26,2025-04-29,2026-08-15,1,9,0,,The API is clean and well documented; we automated everything. Would buy again without hesitation.
C01993,Riverbend Works,Fintech,NA,Growth,34,1967.52,2024-12-10,2026-08-21,3,4,0,,Adoption stalled because the learning curve is steep. Renewal is unlikely.
C01994,Meridian Systems LLC,SaaS,APAC,Starter,7,200.73,2026-06-18,2026-08-18,1,8,0,,Feature set is competitive but not best in class. We will see how the next release goes.
C01995,Nimbus Supply,Retail,NA,Starter,5,157.89,2025-09-21,2026-03-15,3,7,1,Budget cuts,"The annual discount helped, monthly pricing feels steep. Happy enough to stay for now."
C01996,Zenith Retail Co,Manufacturing,NA,Starter,10,275.17,2024-01-11,2026-08-15,5,5,0,,Chat support only sends links to docs we have already read. It has been a disappointing year.
C01997,Tidewater Robotics,Fintech,NA,Starter,8,246.51,2023-03-24,2026-08-15,3,8,0,,The tutorials are helpful; the data import could be smoother. Overall it is fine.
C01998,Halcyon Works,Fintech,EMEA,Starter,4,113.17,2023-12-11,2026-08-14,2,9,0,,"Best-in-class dashboards, our execs love them."
C01999,Stellar Group,Media,NA,Starter,7,210.0,2023-08-14,2026-08-31,1,8,0,,Setup for SSO was fiddly but works now.
C02000,Ember Systems Ltd,Healthcare,LATAM,Growth,20,1166.06,2023-08-21,2026-08-14,5,4,0,,We outgrew the product; it is fine for small teams but not for us. Renewal is unlikely.
C02001,Bluepeak Works Co,Media,EMEA,Growth,24,1422.55,2024-10-28,2026-08-19,1,7,0,,"The Slack integration is handy, the HubSpot one is limited. We will see how the next release goes."
C02002,Halcyon Learning GmbH,Retail,APAC,Growth,33,1853.84,2026-06-09,2026-08-20,0,10,0,,"Best-in-class dashboards, our execs love them."
C02003,Granite Learning,Logistics,NA,Growth,14,805.73,2025-04-08,2026-08-12,1,5,0,,The per-seat model punishes us every time we onboard a contractor. Renewal is unlikely.
C02004,Evergreen Capital,Education,NA,Starter,9,269.36,2024-06-28,2026-08-17,2,4,0,,Escalations go nowhere; we had to chase our account manager repeatedly.
C02005,Pioneer Digital,SaaS,APAC,Starter,11,315.61,2023-11-13,2026-08-19,3,8,0,,The help center is good; live support is average.
C02006,Pioneer Learning Inc,Media,EMEA,Enterprise,281,23814.56,2025-09-27,2026-01-06,1,8,1,Low usage / no longer needed,Documentation is solid but a guided setup call would have helped.
C02007,Falcon Labs Inc,Retail,EMEA,Enterprise,142,10684.98,2024-12-01,2026-08-20,2,9,0,,Our account manager proactively checks in every month. Keep up the great work.
C02008,Aurora Health,SaaS,APAC,Enterprise,382,31711.55,2023-03-04,2026-08-19,0,9,0,,Easily worth the seat cost given the time saved.
C02009,Brightline Works Co,SaaS,APAC,Enterprise,304,26874.54,2024-08-17,2026-08-29,0,9,0,,The guided setup made data import painless.
C02010,Juniper Capital Ltd,Education,EMEA,Growth,41,2312.18,2023-08-19,2026-08-31,1,5,0,,Too expensive compared with the alternatives we evaluated. Frustrating overall.
C02011,Copperfield Media,SaaS,LATAM,Enterprise,347,30235.54,2024-09-27,2026-08-23,2,7,0,,We are still ramping up usage across the team.
C02012,Riverbend Labs,Fintech,EMEA,Starter,5,145.31,2023-03-22,2026-08-31,2,8,0,,"The annual discount helped, monthly pricing feels steep. Overall it is fine."
C02013,Riverbend Systems GmbH,SaaS,EMEA,Growth,13,818.43,2023-09-30,2026-08-20,2,8,0,,Uptime is fine; performance on large filters could improve.
C02014,Quantum Foods Ltd,Retail,NA,Enterprise,166,14130.07,2025-11-06,2026-08-15,0,9,0,,The support team clearly knows the product inside out.
C02015,Pioneer Learning Co,Retail,NA,Growth,50,2671.06,2023-08-04,2026-07-02,1,6,0,,Dashboards time out constantly when we filter more than a few weeks.
C02016,Keystone Group,Healthcare,NA,Starter,12,359.9,2023-05-16,2026-08-31,0,9,0,,Easily worth the seat cost given the time saved.
C02017,Orbit Supply,Fintech,APAC,Starter,2,60.14,2023-10-09,2026-07-23,2,7,0,,"Support is okay, sometimes quick, sometimes slow. Happy enough to stay for now."
C02018,Ironclad Capital Inc,SaaS,EMEA,Starter,8,237.84,2026-03-23,2026-08-17,5,4,0,,No phone support and email replies take forever.
C02019,Keystone Dynamics GmbH,Healthcare,NA,Starter,9,256.79,2026-04-24,2026-08-30,3,8,0,,"One outage this quarter, communicated well."
C02020,Meridian Networks Co,Retail,EMEA,Enterprise,333,28337.45,2025-04-26,2026-08-13,0,8,0,,"Mostly stable, with the occasional slow dashboard. Happy enough to stay for now."
C02021,Cascade Works,Education,NA,Growth,47,2722.62,2025-09-22,2026-08-22,1,8,0,,Good enough integration options for our stack. We will see how the next release goes.
C02022,Solstice Retail,SaaS,NA,Starter,6,177.32,2026-03-06,2026-08-20,1,7,0,,"Decent value, though we keep an eye on seat costs. Some room for improvement."
C02023,Windmill Group Ltd,SaaS,LATAM,Growth,56,2891.09,2024-01-13,2026-07-04,3,6,0,,Response times got noticeably worse over the last quarter. Would not recommend at this point.
C02024,Meridian Software Inc,Fintech,NA,Starter,2,56.54,2024-06-05,2026-08-27,2,7,0,,"Our account manager is responsive, tier-1 support less so. We will see how the next release goes."
C02025,Evergreen Health GmbH,Retail,NA,Growth,21,1205.53,2023-02-05,2026-08-27,4,7,0,,"Fine for simple questions, weaker on technical issues."
C02026,Granite Works Co,Retail,EMEA,Starter,8,225.0,2024-11-01,2026-08-12,2,8,0,,Would like faster responses on weekends. We will see how the next release goes.
C02027,Ironclad Capital Co,Manufacturing,NA,Growth,39,1959.21,2026-03-27,2026-08-29,1,5,0,,The support team is friendly but never actually fixes anything. Renewal is unlikely.
C02028,Stellar Analytics,Retail,EMEA,Growth,50,2950.97,2023-02-05,2026-08-21,6,4,0,,Frequent logouts and stale sessions made it unusable for the field team. Renewal is unlikely.
C02029,Oakridge Works GmbH,Healthcare,LATAM,Growth,35,1853.14,2025-06-26,2026-08-26,0,10,0,,Every ticket we raised was resolved the same day.
C02030,Solstice Networks GmbH,Healthcare,EMEA,Growth,19,1084.95,2024-08-17,2026-05-26,1,8,1,Integration gaps,Integrations cover the basics; we still miss a native Jira connector.
C02031,Northwind Analytics GmbH,SaaS,EMEA,Starter,5,133.74,2026-05-16,2026-08-13,2,7,0,,Documentation is solid but a guided setup call would have helped. Overall it is fine.
C02032,Lumen Retail LLC,Retail,NA,Growth,18,1098.81,2025-01-23,2026-08-23,3,7,0,,Useful tool; the roadmap looks promising. We will see how the next release goes.
C02033,Juniper Works GmbH,Fintech,EMEA,Starter,4,115.58,2024-06-01,2026-08-11,4,6,0,,No phone support and email replies take forever.
C02034,Zenith Works,Retail,NA,Growth,39,2109.89,2023-05-09,2026-03-17,0,4,1,Budget cuts,The per-seat model punishes us every time we onboard a contractor.
C02035,Redwood Labs GmbH,SaaS,NA,Growth,34,1843.34,2024-12-16,2026-08-18,4,4,0,,The forecasting module is too simplistic for our use case.
C02036,Pioneer Media LLC,Manufacturing,APAC,Growth,63,3538.09,2026-06-06,2026-08-19,0,8,0,,"Solid basics, some rough edges in the admin console."
C02037,Tidewater Logistics GmbH,Logistics,NA,Enterprise,154,12710.27,2023-01-17,2026-08-28,0,6,0,,Onboarding was confusing and we never really got set up properly. Frustrating overall.
C02038,Brightline Works GmbH,SaaS,EMEA,Starter,4,106.77,2023-01-06,2026-08-20,3,8,0,,"No major issues, some minor bugs here and there."
C02039,Nimbus Media,Healthcare,NA,Enterprise,421,33596.93,2026-02-10,2026-08-11,1,8,0,,The tutorials are helpful; the data import could be smoother.
C02040,Sable Analytics GmbH,Manufacturing,APAC,Starter,9,246.97,2023-12-08,2026-08-31,0,5,0,,Overage charges were a nasty surprise on the invoice.
C02041,Northwind Works Co,Fintech,NA,Growth,54,2995.61,2025-02-14,2026-08-14,2,5,0,,"A competitor offered everything we needed at a lower price, so we switched."
C02042,Beacon Studio Ltd,Manufacturing,NA,Enterprise,70,6684.66,2025-02-24,2026-08-23,0,9,0,,Best customer success team we have worked with.
C02043,Windmill Software,Healthcare,APAC,Growth,46,2672.01,2024-09-04,2026-08-22,4,5,0,,Frequent logouts and stale sessions made it unusable for the field team.
C02044,Foxglove Digital,Logistics,EMEA,Enterprise,242,19032.56,2024-09-26,2026-08-17,1,8,0,,Would like more flexible billing for seasonal staff.
C02045,Tidewater Robotics Co,Logistics,LATAM,Growth,71,3992.43,2025-05-27,2026-08-15,1,7,0,,The mobile app lags behind the web app.
C02046,Tidewater Retail,SaaS,NA,Starter,4,113.15,2023-11-02,2026-08-28,1,7,0,,Pricing is fair but the Growth tier is a big jump from Starter.
C02047,Bluepeak Robotics,Retail,EMEA,Enterprise,104,9775.0,2023-08-18,2026-08-17,2,5,0,,"A competitor offered everything we needed at a lower price, so we switched."
C02048,Pioneer Systems Ltd,Healthcare,LATAM,Enterprise,278,24688.36,2026-06-13,2026-08-11,1,7,0,,Would prefer usage-based pricing over per-seat.
C02049,Bluepeak Digital Ltd,SaaS,EMEA,Starter,6,185.85,2023-01-12,2026-04-24,1,10,1,Company downsized,"Fast, friendly and technically sharp support."
C02050,Quantum Learning GmbH,Fintech,EMEA,Starter,13,389.1,2023-08-30,2026-02-19,3,5,1,Low usage / no longer needed,Onboarding was confusing and we never really got set up properly.
C02051,Meridian Retail LLC,Logistics,NA,Starter,9,264.99,2025-07-19,2026-05-31,1,6,1,Missing features,Chat support only sends links to docs we have already read. Would not recommend at this point.
C02052,Meridian Software Co,SaaS,APAC,Enterprise,166,13743.95,2024-12-26,2026-08-26,2,4,0,,"No native Slack or HubSpot connector, so we had to build our own. We are evaluating alternatives."
C02053,Ember Health,Retail,APAC,Enterprise,350,28746.44,2024-02-16,2026-08-22,1,7,0,,"Reliable overall, exports could be faster."
C02054,Foxglove Studio Inc,Media,EMEA,Enterprise,351,28591.35,2023-05-28,2026-08-31,1,6,0,,The per-seat model punishes us every time we onboard a contractor. Renewal is unlikely.
C02055,Orbit Group Ltd,Fintech,LATAM,Starter,7,208.01,2024-04-13,2026-08-19,4,6,0,,Data was missing for two days and nobody told us why. Renewal is unlikely.
C02056,Lumen Studio Co,Retail,EMEA,Starter,6,184.86,2023-03-13,2026-06-09,7,3,1,Switched to competitor,The roadmap items we were promised never shipped. It has been a disappointing year.
C02057,Bluepeak Supply,Logistics,EMEA,Growth,44,2379.82,2024-12-07,2026-04-21,6,3,1,Missing features,The roadmap items we were promised never shipped. Would not recommend at this point.
C02058,Northwind Foods Co,Retail,NA,Starter,4,112.65,2024-09-14,2026-08-25,1,6,0,,Exports randomly fail with no error message.
C02059,Northwind Studio GmbH,SaaS,EMEA,Starter,6,163.67,2026-03-19,2026-08-12,1,6,0,,We pay for features we never use; the plan tiers make no sense. Renewal is unlikely.
C02060,Halcyon Group Ltd,SaaS,APAC,Starter,3,87.85,2025-10-23,2026-01-21,0,9,1,Too expensive,Fair pricing and no surprise fees.
C02061,Silverlake Labs Co,Logistics,EMEA,Starter,3,91.28,2024-08-22,2026-08-11,2,6,0,,The per-seat model punishes us every time we onboard a contractor. Frustrating overall.
C02062,Brightline Systems LLC,Fintech,NA,Starter,3,91.45,2024-11-08,2026-08-13,5,7,0,,"Fine for simple questions, weaker on technical issues."
C02063,Evergreen Media Ltd,Retail,EMEA,Growth,18,1120.56,2025-05-29,2026-08-16,2,6,0,,"No native Slack or HubSpot connector, so we had to build our own. We are evaluating alternatives."
C02064,Stellar Supply Co,SaaS,APAC,Starter,7,206.37,2024-01-10,2026-08-25,2,7,0,,"Most of the team uses it weekly, a few power users daily. Happy enough to stay for now."
C02065,Northwind Foods GmbH,Retail,LATAM,Starter,4,116.42,2025-02-05,2026-08-14,5,7,0,,"Our account manager is responsive, tier-1 support less so."
C02066,Brightline Software Co,Logistics,NA,Growth,17,1054.44,2023-01-22,2026-08-27,1,7,0,,The tutorials are helpful; the data import could be smoother.
C02067,Oakridge Studio,Retail,NA,Enterprise,168,13509.47,2026-04-12,2026-08-15,2,5,0,,No phone support and email replies take forever. Renewal is unlikely.
C02068,Tidewater Foods,Logistics,NA,Growth,52,2802.93,2026-04-15,2026-08-27,0,10,0,,"Fast, friendly and technically sharp support. Would buy again without hesitation."
C02069,Silverlake Health Ltd,Fintech,NA,Growth,28,1765.05,2026-02-09,2026-05-17,1,7,1,Reliability issues,Reports are a bit slow at month end.
C02070,Orbit Retail GmbH,Retail,LATAM,Growth,62,3255.71,2023-09-28,2026-08-30,2,10,0,,"We were live in two days, which is unheard of for us. Keep up the great work."
C02071,Ironclad Labs LLC,Media,NA,Growth,19,1119.45,2025-10-02,2026-08-20,1,7,0,,Good enough integration options for our stack. Happy enough to stay for now.
C02072,Granite Works Ltd,Retail,EMEA,Growth,22,1330.78,2025-01-03,2026-08-28,1,5,0,,Honestly we barely used it; it never became part of our workflow.
C02073,Foxglove Analytics,Fintech,NA,Growth,49,2697.52,2026-06-08,2026-07-28,3,5,0,,Escalations go nowhere; we had to chase our account manager repeatedly. It has been a disappointing year.
C02074,Sable Labs GmbH,Media,NA,Growth,55,3156.6,2023-01-20,2026-08-25,0,8,0,,Would prefer usage-based pricing over per-seat. Some room for improvement.
C02075,Solstice Retail LLC,Retail,LATAM,Growth,56,3260.24,2024-05-21,2026-07-17,1,7,0,,The API works but the docs could be clearer.
C02076,Brightline Studio GmbH,Healthcare,EMEA,Starter,4,118.23,2023-05-05,2026-08-27,5,4,0,,We outgrew the product; it is fine for small teams but not for us. Would not recommend at this point.
C02077,Keystone Labs Inc,Logistics,NA,Starter,10,306.12,2026-04-22,2026-08-16,2,8,0,,"Support is okay, sometimes quick, sometimes slow. Overall it is fine."
C02078,Mosaic Studio Co,SaaS,NA,Starter,3,83.77,2023-08-06,2026-08-30,2,7,0,,The tutorials are helpful; the data import could be smoother.
C02079,Stellar Works,Fintech,LATAM,Starter,8,230.54,2023-02-19,2026-08-20,1,8,0,,We are on the fence at renewal because of the price increase.
C02080,Brightline Systems GmbH,SaaS,LATAM,Growth,18,1164.17,2023-05-24,2026-08-11,0,7,0,,The API works but the docs could be clearer. Overall it is fine.
C02081,Copperfield Robotics,Retail,NA,Growth,29,1843.97,2026-05-16,2026-05-17,3,6,1,Reliability issues,Dashboards time out constantly when we filter more than a few weeks.
C02082,Orbit Health,SaaS,EMEA,Starter,6,165.11,2024-11-08,2026-07-09,6,4,0,,Reporting is too rigid; we ended up exporting to spreadsheets anyway.
C02083,Cascade Works LLC,Education,NA,Starter,7,202.9,2023-05-18,2026-08-19,1,5,0,,Pricing jumped at renewal and nobody warned us.
C02084,Crescent Labs,SaaS,EMEA,Starter,2,58.32,2024-05-21,2026-08-16,0,6,0,,Reporting is too rigid; we ended up exporting to spreadsheets anyway.
C02085,Redwood Digital,Education,NA,Growth,42,2342.94,2024-06-27,2026-03-03,4,8,1,Low usage / no longer needed,"Our account manager is responsive, tier-1 support less so. We will see how the next release goes."
C02086,Nimbus Retail,Fintech,APAC,Starter,1,30.48,2025-10-19,2026-07-30,2,7,0,,"Support is okay, sometimes quick, sometimes slow. Happy enough to stay for now."
C02087,Nimbus Robotics Inc,Fintech,LATAM,Starter,10,311.33,2023-10-08,2026-08-19,3,7,0,,We are on the fence at renewal because of the price increase.
C02088,Solstice Studio GmbH,Fintech,NA,Starter,6,174.26,2023-05-29,2026-08-20,2,8,0,,Feature set is competitive but not best in class.
C02089,Stellar Logistics,Education,EMEA,Growth,62,3554.62,2025-08-14,2026-07-18,1,4,0,,We opened four tickets for the same bug and got four different answers.
C02090,Northwind Media,Retail,NA,Starter,3,89.26,2024-07-04,2026-01-14,1,10,1,Too expensive,Costs are acceptable for what we use today.
C02091,Bluepeak Supply,Retail,NA,Growth,24,1414.8,2023-06-08,2026-06-03,2,5,0,,We pay for features we never use; the plan tiers make no sense. Frustrating overall.
C02092,Orbit Software Ltd,Media,NA,Growth,39,1994.57,2024-06-30,2026-08-31,0,6,0,,Frequent logouts and stale sessions made it unusable for the field team.
C02093,Orbit Robotics,Healthcare,NA,Enterprise,318,27849.86,2024-06-27,2026-08-15,1,6,0,,"No native Slack or HubSpot connector, so we had to build our own."
C02094,Cobalt Analytics,SaaS,LATAM,Growth,20,1208.57,2023-10-22,2026-08-24,3,6,0,,Pricing jumped at renewal and nobody warned us.
C02095,Aurora Systems,Media,NA,Starter,5,147.26,2023-09-13,2026-08-30,1,9,0,,Webhooks are reliable and easy to configure.
C02096,Silverlake Health LLC,Fintech,APAC,Starter,6,167.17,2023-05-03,2026-08-17,2,9,0,,"Fast, friendly and technically sharp support."
C02097,Ironclad Foods,SaaS,NA,Growth,48,2840.16,2025-12-08,2026-08-16,1,7,0,,We are still ramping up usage across the team.
C02098,Foxglove Software,Retail,EMEA,Starter,3,87.53,2023-01-14,2026-08-11,3,3,0,,We had three outages in one month during peak hours. It has been a disappointing year.
C02099,Bluepeak Dynamics Ltd,SaaS,EMEA,Enterprise,264,21201.35,2024-10-10,2026-08-16,3,5,0,,Support tickets sit for days before anyone replies.
C02100,Copperfield Group Inc,Fintech,LATAM,Growth,19,1062.6,2023-01-25,2026-02-23,1,6,1,Low usage / no longer needed,It took weeks to import our data and the docs were out of date.
C02101,Silverlake Networks GmbH,Manufacturing,NA,Starter,7,208.5,2025-10-23,2026-08-24,1,6,0,,The support team is friendly but never actually fixes anything. It has been a disappointing year.
C02102,Northwind Group,SaaS,NA,Starter,6,178.92,2024-05-23,2026-06-15,1,8,0,,"The Slack integration is handy, the HubSpot one is limited."
C02103,Lumen Retail Co,Manufacturing,EMEA,Enterprise,183,15114.25,2026-06-06,2026-08-28,0,7,0,,We sync with our warehouse nightly and it mostly works.
C02104,Sable Networks,Logistics,EMEA,Enterprise,161,13798.86,2023-03-11,2026-08-20,0,10,0,,"Fast, friendly and technically sharp support."
C02105,Oakridge Supply GmbH,Healthcare,EMEA,Enterprise,128,11058.84,2024-02-28,2026-08-25,0,10,0,,Connected to Snowflake in an afternoon.
C02106,Cascade Media Inc,Education,NA,Starter,7,204.14,2024-05-18,2026-08-12,3,6,0,,Escalations go nowhere; we had to chase our account manager repeatedly.
C02107,Tidewater Works Co,Education,NA,Growth,80,4266.46,2023-03-29,2026-08-28,1,8,0,,Pricing is fair but the Growth tier is a big jump from Starter.
C02108,Frontier Media GmbH,Logistics,APAC,Starter,10,301.15,2024-07-12,2026-03-24,7,6,1,Too expensive,Too expensive compared with the alternatives we evaluated. We are evaluating alternatives.
C02109,Northwind Logistics GmbH,Fintech,EMEA,Starter,5,149.86,2024-08-08,2026-08-26,4,4,0,,We could not connect it to our data warehouse without a consultant. Frustrating overall.
C02110,Riverbend Analytics,SaaS,EMEA,Growth,18,1086.12,2024-07-22,2026-06-20,0,8,0,,Would like more flexible billing for seasonal staff.
C02111,Oakridge Dynamics GmbH,Retail,NA,Enterprise,88,7831.96,2024-11-11,2026-08-17,0,9,0,,Performance is excellent even at month-end peaks.
C02112,Oakridge Networks,Healthcare,NA,Starter,11,302.02,2023-09-02,2026-08-17,2,8,0,,"The annual discount helped, monthly pricing feels steep."
C02113,Falcon Foods GmbH,SaaS,LATAM,Growth,44,2421.67,2023-11-01,2026-08-14,3,8,0,,The help center is good; live support is average. Some room for improvement.
C02114,Solstice Software,Healthcare,EMEA,Starter,6,180.47,2024-09-28,2026-08-13,5,5,0,,Support tickets sit for days before anyone replies. Frustrating overall.
C02115,Harbor Media Co,SaaS,NA,Starter,6,181.24,2025-04-01,2026-02-11,1,6,1,Onboarding too complex,Half the team stopped logging in after the first month.
C02116,Beacon Capital,Logistics,LATAM,Starter,8,237.42,2024-05-15,2026-08-14,2,8,0,,Would prefer usage-based pricing over per-seat. Happy enough to stay for now.
C02117,Juniper Retail Co,Fintech,EMEA,Enterprise,210,17353.09,2024-08-06,2026-08-29,1,6,0,,Zapier is the only integration path and it is flaky.
C02118,Vertex Digital GmbH,SaaS,NA,Starter,7,196.47,2026-06-16,2026-08-15,1,9,0,,Cheaper than what we replaced and far more capable.
C02119,Stellar Media,SaaS,NA,Growth,49,2686.82,2025-04-04,2026-04-15,3,5,1,Budget cuts,Overage charges were a nasty surprise on the invoice. It has been a disappointing year.
C02120,Foxglove Systems LLC,Fintech,EMEA,Starter,2,57.98,2023-02-27,2026-08-30,2,7,0,,"Reliable overall, exports could be faster. Some room for improvement."
C02121,Copperfield Supply,Fintech,NA,Growth,24,1478.72,2024-04-05,2026-08-14,0,7,0,,Useful tool; the roadmap looks promising.
C02122,Ember Retail Ltd,SaaS,EMEA,Starter,13,369.77,2023-03-10,2026-08-22,1,9,0,,Connected to Snowflake in an afternoon.
C02123,Northwind Works GmbH,Fintech,EMEA,Starter,12,342.48,2026-01-21,2026-08-24,5,4,0,,The Salesforce integration breaks every other week. Frustrating overall.
C02124,Windmill Partners,SaaS,NA,Growth,24,1532.39,2025-11-18,2026-08-22,0,8,0,,Feature set is competitive but not best in class.
C02125,Aurora Digital,Retail,LATAM,Growth,39,2272.71,2024-08-17,2026-08-22,2,7,0,,Tickets get resolved eventually but it takes follow-ups.
C02126,Northwind Supply Ltd,Retail,NA,Enterprise,216,17534.57,2023-12-06,2026-08-11,1,7,0,,"Mostly stable, with the occasional slow dashboard. Some room for improvement."
C02127,Falcon Studio GmbH,Fintech,NA,Starter,4,122.82,2025-07-06,2026-08-06,5,2,0,,Honestly we barely used it; it never became part of our workflow. It has been a disappointing year.
C02128,Nimbus Networks,Fintech,EMEA,Growth,41,2148.72,2023-08-23,2026-02-19,1,8,1,Company downsized,"Decent value, though we keep an eye on seat costs."
C02129,Brightline Analytics,SaaS,EMEA,Enterprise,188,15545.52,2025-09-09,2026-06-07,2,6,0,,SSO setup with Okta took three support tickets to get working.
C02130,Tidewater Systems GmbH,SaaS,NA,Starter,7,200.4,2026-01-20,2026-08-22,5,2,0,,The mobile app crashes whenever we open a large report. Frustrating overall.
C02131,Bluepeak Studio Co,SaaS,EMEA,Enterprise,407,34142.75,2023-08-18,2026-08-13,1,6,0,,The setup wizard failed twice and we gave up on the advanced features.
C02132,Falcon Foods Ltd,Manufacturing,APAC,Enterprise,62,5849.85,2024-11-10,2026-08-16,0,8,0,,"Mostly stable, with the occasional slow dashboard. Happy enough to stay for now."
C02133,Keystone Capital Inc,Logistics,APAC,Enterprise,338,28563.84,2023-07-17,2026-08-17,1,8,0,,"The annual discount helped, monthly pricing feels steep. We will see how the next release goes."
C02134,Solstice Digital Co,Logistics,APAC,Growth,46,2586.08,2025-02-24,2026-08-30,0,7,0,,"Support is okay, sometimes quick, sometimes slow."
C02135,Beacon Group,Retail,NA,Growth,38,2051.55,2025-05-11,2026-08-23,1,7,0,,We are on the fence at renewal because of the price increase. Some room for improvement.
C02136,Keystone Labs LLC,Healthcare,NA,Growth,21,1257.55,2023-01-11,2026-08-13,1,7,0,,The API works but the docs could be clearer.
C02137,Nimbus Dynamics Co,Fintech,EMEA,Growth,62,3412.69,2026-04-20,2026-04-21,0,9,1,Switched to competitor,We expanded to two more teams because it works so well.
C02138,Riverbend Health,Manufacturing,NA,Enterprise,313,24876.26,2023-11-29,2026-08-17,1,7,0,,Reports are a bit slow at month end.
C02139,Beacon Logistics,Manufacturing,APAC,Starter,9,266.04,2024-08-14,2026-07-08,8,5,1,Integration gaps,"No native Slack or HubSpot connector, so we had to build our own. We are evaluating alternatives."
C02140,Meridian Digital Ltd,Media,NA,Growth,21,1243.76,2023-11-27,2026-08-29,5,4,0,,Chat support only sends links to docs we have already read.
C02141,Pioneer Analytics GmbH,Media,NA,Growth,37,1972.22,2026-03-01,2026-04-20,3,3,1,Poor support experience,Chat support only sends links to docs we have already read. Would not recommend at this point.
C02142,Pioneer Supply GmbH,Retail,NA,Starter,12,342.09,2025-08-28,2026-08-17,0,9,0,,The reporting and forecasting features are exactly what we needed.
C02143,Stellar Foods Co,Manufacturing,NA,Growth,62,3347.47,2026-06-16,2026-08-12,0,7,0,,"Solid basics, some rough edges in the admin console. We will see how the next release goes."
C02144,Frontier Capital GmbH,Manufacturing,NA,Growth,61,3314.28,2024-05-06,2026-08-18,2,7,0,,"Mostly stable, with the occasional slow dashboard."
C02145,Silverlake Group Co,Fintech,EMEA,Growth,21,1326.17,2024-12-18,2026-08-22,1,9,0,,Easily worth the seat cost given the time saved.
C02146,Mosaic Foods Inc,Logistics,EMEA,Enterprise,295,26899.81,2025-01-06,2026-08-29,2,8,0,,Uptime is fine; performance on large filters could improve.
C02147,Ember Labs GmbH,SaaS,NA,Starter,7,180.86,2023-10-21,2026-08-13,2,6,0,,"A competitor offered everything we needed at a lower price, so we switched."
C02148,Stellar Analytics Co,Logistics,NA,Enterprise,212,18188.16,2026-04-04,2026-06-17,0,8,0,,Reports are a bit slow at month end. Overall it is fine.
C02149,Frontier Works,Manufacturing,APAC,Growth,24,1470.09,2026-01-07,2026-08-21,0,10,0,,Support even helped us design our dashboards.
C02150,Cobalt Learning Ltd,SaaS,NA,Growth,39,2121.43,2026-06-10,2026-06-26,1,8,0,,"Setup took longer than expected, mostly on our side. Happy enough to stay for now."
C02151,Stellar Networks Co,Education,EMEA,Starter,2,60.15,2024-08-06,2026-01-14,8,3,1,Low usage / no longer needed,The setup wizard failed twice and we gave up on the advanced features.
C02152,Juniper Works,SaaS,EMEA,Starter,8,247.35,2023-06-12,2026-06-19,1,8,1,Poor support experience,Tickets get resolved eventually but it takes follow-ups.
C02153,Atlas Partners,Manufacturing,EMEA,Enterprise,124,9862.02,2023-07-22,2026-06-27,0,7,0,,"The annual discount helped, monthly pricing feels steep. Some room for improvement."
C02154,Zenith Media Inc,Manufacturing,APAC,Starter,3,87.47,2024-12-10,2026-08-17,2,6,0,,The Salesforce integration breaks every other week. Renewal is unlikely.
C02155,Bluepeak Supply Co,Healthcare,EMEA,Starter,8,250.16,2025-11-10,2026-04-18,4,5,1,Poor support experience,We opened four tickets for the same bug and got four different answers.
C02156,Nimbus Systems LLC,Media,LATAM,Growth,27,1514.13,2025-06-11,2026-08-27,0,7,0,,Covers our core needs; advanced reporting is limited.
C02157,Ember Networks,SaaS,APAC,Growth,46,2512.39,2025-07-23,2026-06-28,0,8,0,,We are still ramping up usage across the team. Overall it is fine.
C02158,Vertex Capital,Fintech,NA,Enterprise,345,28511.04,2025-09-24,2026-08-19,0,9,0,,"We were live in two days, which is unheard of for us. Would buy again without hesitation."
C02159,Aurora Dynamics Co,Retail,NA,Growth,35,2001.25,2025-12-11,2026-08-28,2,7,0,,"Support is okay, sometimes quick, sometimes slow."
C02160,Beacon Analytics,SaaS,NA,Enterprise,289,25478.16,2026-03-20,2026-08-25,3,5,0,,Support tickets sit for days before anyone replies. Frustrating overall.
C02161,Vertex Studio Co,Retail,NA,Growth,25,1484.58,2024-04-08,2026-08-14,0,8,0,,"Support is okay, sometimes quick, sometimes slow. We will see how the next release goes."
C02162,Falcon Learning LLC,Fintech,EMEA,Growth,30,1772.28,2025-07-18,2026-08-13,0,8,0,,"Our account manager is responsive, tier-1 support less so."
C02163,Zenith Analytics Inc,Retail,NA,Enterprise,329,25781.54,2023-12-22,2026-08-25,0,10,0,,Custom roles and audit logs made our compliance team happy.
C02164,Nimbus Capital GmbH,Retail,NA,Growth,44,2551.7,2025-05-30,2026-03-12,2,10,1,Onboarding too complex,The tutorials are helpful; the data import could be smoother.
C02165,Mosaic Supply,Media,NA,Starter,7,200.13,2023-03-12,2026-08-25,2,7,0,,"Setup took longer than expected, mostly on our side. We will see how the next release goes."
C02166,Crescent Group GmbH,Fintech,EMEA,Starter,8,230.68,2023-03-11,2026-08-16,3,6,0,,We opened four tickets for the same bug and got four different answers.
C02167,Bluepeak Software,Media,EMEA,Growth,50,2850.12,2023-09-12,2026-08-31,0,8,0,,"Solid basics, some rough edges in the admin console. Happy enough to stay for now."
C02168,Tidewater Learning Inc,Retail,LATAM,Growth,29,1724.52,2024-11-26,2026-08-28,3,7,0,,Support quality varies a lot depending on who picks up the ticket.
C02169,Juniper Health GmbH,Fintech,NA,Growth,18,1104.64,2026-03-07,2026-08-25,2,4,0,,Honestly we barely used it; it never became part of our workflow. It has been a disappointing year.
C02170,Evergreen Analytics,Retail,NA,Growth,28,1691.87,2025-02-03,2026-08-22,4,6,0,,Escalations go nowhere; we had to chase our account manager repeatedly. Frustrating overall.
C02171,Vertex Retail,Retail,LATAM,Enterprise,135,11452.85,2024-12-17,2026-06-19,3,6,0,,The API is rate limited so aggressively that our sync jobs fail nightly.
C02172,Redwood Health Ltd,Fintech,EMEA,Starter,4,117.44,2025-06-07,2026-06-29,5,2,1,Integration gaps,"No native Slack or HubSpot connector, so we had to build our own."
C02173,Atlas Group Ltd,Retail,EMEA,Growth,41,2148.64,2026-02-04,2026-02-05,7,3,1,Reliability issues,It took weeks to import our data and the docs were out of date.
C02174,Ironclad Digital Ltd,SaaS,EMEA,Growth,48,2618.06,2025-01-14,2026-08-24,0,8,0,,Onboarding was fine but could use more templates.
C02175,Sable Systems,Fintech,NA,Starter,6,181.54,2025-07-30,2026-08-23,2,6,0,,Too expensive compared with the alternatives we evaluated. Renewal is unlikely.
C02176,Sable Foods,Healthcare,APAC,Growth,58,3068.06,2024-06-06,2026-08-25,3,7,0,,"One outage this quarter, communicated well."
C02177,Ember Foods Inc,Retail,EMEA,Growth,67,3571.11,2026-06-23,2026-06-29,2,7,0,,We are still ramping up usage across the team. Some room for improvement.
C02178,Aurora Software,Manufacturing,EMEA,Growth,36,1905.82,2024-09-13,2026-07-30,1,6,0,,Honestly we barely used it; it never became part of our workflow. It has been a disappointing year.
C02179,Cascade Labs LLC,Fintech,EMEA,Growth,58,3201.99,2026-02-13,2026-08-22,4,3,0,,Exports randomly fail with no error message.
C02180,Solstice Digital GmbH,Logistics,NA,Starter,7,214.39,2026-05-19,2026-08-30,1,8,0,,Pricing is fair but the Growth tier is a big jump from Starter.
C02181,Harbor Analytics Inc,Manufacturing,NA,Growth,24,1446.99,2026-01-31,2026-08-28,1,8,0,,We are on the fence at renewal because of the price increase.
C02182,Lumen Software GmbH,Logistics,APAC,Enterprise,221,16977.74,2024-02-24,2026-08-30,0,9,0,,"Best-in-class dashboards, our execs love them."
C02183,Crescent Media,Media,EMEA,Growth,37,2082.86,2024-04-21,2026-08-19,0,9,0,,Powerful yet simple; it grows with us.
C02184,Stellar Robotics Co,SaaS,NA,Starter,5,142.44,2025-09-27,2026-07-16,3,8,0,,"Mostly stable, with the occasional slow dashboard."
C02185,Keystone Logistics Ltd,Healthcare,NA,Enterprise,180,15455.62,2026-03-31,2026-08-13,3,8,0,,"No major issues, some minor bugs here and there."
C02186,Granite Capital GmbH,SaaS,LATAM,Starter,4,115.31,2025-02-14,2026-07-05,2,7,0,,Would like faster responses on weekends. We will see how the next release goes.
C02187,Northwind Learning,Manufacturing,NA,Starter,4,112.01,2025-09-18,2026-08-26,3,5,0,,Webhook payloads changed without notice and broke our pipeline.
C02188,Ironclad Foods,Healthcare,NA,Starter,10,289.17,2024-07-20,2026-08-20,1,4,0,,The forecasting module is too simplistic for our use case. Renewal is unlikely.
C02189,Sable Learning Inc,Fintech,EMEA,Growth,36,1940.44,2025-12-29,2026-02-08,5,5,1,Poor support experience,Escalations go nowhere; we had to chase our account manager repeatedly.
C02190,Ironclad Labs,Logistics,APAC,Enterprise,249,21211.26,2024-06-12,2026-08-04,3,8,0,,"Setup took longer than expected, mostly on our side. Happy enough to stay for now."
C02191,Riverbend Foods,SaaS,EMEA,Starter,6,167.83,2025-03-04,2026-08-20,1,8,0,,It does the job; adoption is growing slowly.
C02192,Vertex Logistics,Healthcare,APAC,Growth,49,2567.67,2024-11-16,2026-08-23,2,7,0,,The tutorials are helpful; the data import could be smoother. Overall it is fine.
C02193,Windmill Labs,Education,NA,Growth,49,2767.36,2025-12-03,2026-06-15,0,10,0,,"Rock solid, we have never seen an outage."
C02194,Oakridge Networks Inc,SaaS,LATAM,Enterprise,292,25661.65,2025-10-17,2026-06-29,0,8,0,,The help center is good; live support is average. Happy enough to stay for now.
C02195,Granite Labs LLC,Healthcare,APAC,Enterprise,120,10332.3,2025-12-06,2026-08-16,1,7,0,,Would prefer usage-based pricing over per-seat. Some room for improvement.
C02196,Falcon Networks Inc,Manufacturing,EMEA,Growth,25,1436.72,2023-06-05,2026-08-14,0,8,0,,"Good product, waiting on the custom fields feature."
C02197,Redwood Logistics LLC,SaaS,EMEA,Starter,8,225.13,2023-11-10,2026-08-23,1,10,0,,The Salesforce and Slack integrations work flawlessly.
C02198,Atlas Learning,Retail,NA,Starter,6,169.25,2026-03-07,2026-08-23,4,6,0,,Response times got noticeably worse over the last quarter. Renewal is unlikely.
C02199,Copperfield Retail,Fintech,NA,Enterprise,120,10457.65,2023-06-16,2026-08-30,0,8,0,,"Support is okay, sometimes quick, sometimes slow."
C02200,Cobalt Software,Education,NA,Growth,58,3077.43,2025-09-14,2026-03-06,3,5,1,Too expensive,We pay for features we never use; the plan tiers make no sense.
C02201,Meridian Health Inc,SaaS,NA,Growth,59,3351.81,2025-03-20,2026-08-12,2,6,0,,Performance degraded badly as our dataset grew.
C02202,Silverlake Group,Logistics,LATAM,Enterprise,80,7553.25,2024-03-21,2026-08-13,0,6,0,,Frequent logouts and stale sessions made it unusable for the field team.
C02203,Nimbus Health GmbH,Media,NA,Enterprise,116,10244.68,2023-02-18,2026-08-29,1,9,0,,The API is clean and well documented; we automated everything. Would buy again without hesitation.
C02204,Evergreen Software,SaaS,EMEA,Growth,65,3718.22,2023-01-13,2026-08-28,3,5,0,,Support tickets sit for days before anyone replies.
C02205,Falcon Retail LLC,Fintech,NA,Enterprise,136,11692.81,2026-02-12,2026-08-13,1,8,0,,"The Slack integration is handy, the HubSpot one is limited."
C02206,Summit Retail Inc,Healthcare,NA,Starter,10,272.96,2023-05-15,2026-08-24,2,5,0,,We were never shown how to use the reporting module. Frustrating overall.
C02207,Vertex Health Ltd,Education,NA,Growth,32,1798.69,2025-08-08,2026-05-17,3,4,1,Reliability issues,The mobile app crashes whenever we open a large report. Renewal is unlikely.
C02208,Evergreen Labs,Retail,NA,Enterprise,92,8509.56,2023-07-04,2026-08-19,3,5,0,,Support tickets sit for days before anyone replies. Frustrating overall.
C02209,Beacon Logistics Co,SaaS,EMEA,Starter,6,171.4,2024-05-21,2026-05-28,5,5,1,Integration gaps,"No native Slack or HubSpot connector, so we had to build our own. Frustrating overall."
C02210,Falcon Group Co,SaaS,LATAM,Starter,3,91.74,2023-05-13,2026-08-22,3,7,0,,"Setup took longer than expected, mostly on our side. Overall it is fine."
C02211,Atlas Supply,Logistics,NA,Growth,73,3981.26,2025-03-23,2026-08-14,2,9,0,,Excellent documentation and training videos. Highly recommended.
C02212,Frontier Supply,Retail,LATAM,Growth,50,2685.4,2023-05-12,2026-08-20,0,7,0,,"Support is okay, sometimes quick, sometimes slow."
C02213,Sable Robotics Inc,Media,EMEA,Starter,4,121.22,2025-03-10,2026-07-11,2,7,0,,The tutorials are helpful; the data import could be smoother.
C02214,Vertex Dynamics,Retail,EMEA,Starter,2,57.06,2026-05-10,2026-08-10,2,8,0,,"Solid basics, some rough edges in the admin console."
C02215,Windmill Media Inc,Logistics,NA,Starter,10,283.28,2025-08-04,2026-05-06,5,4,1,Poor support experience,Escalations go nowhere; we had to chase our account manager repeatedly. Renewal is unlikely.
C02216,Redwood Logistics GmbH,SaaS,NA,Starter,8,221.54,2025-04-20,2026-02-02,3,6,1,Onboarding too complex,Honestly we barely used it; it never became part of our workflow.
C02217,Quantum Networks Ltd,SaaS,APAC,Enterprise,164,13347.84,2026-03-02,2026-07-20,5,5,1,Reliability issues,The mobile app crashes whenever we open a large report.
C02218,Quantum Software GmbH,Logistics,EMEA,Growth,42,2236.84,2025-11-13,2026-08-11,2,6,0,,Response times got noticeably worse over the last quarter.
C02219,Meridian Logistics Co,Logistics,NA,Growth,31,1743.23,2025-07-24,2026-08-12,1,6,0,,We had three outages in one month during peak hours.
C02220,Solstice Supply GmbH,Fintech,APAC,Starter,9,250.36,2024-12-19,2026-08-12,0,7,0,,"Good product, waiting on the custom fields feature. Some room for improvement."
C02221,Keystone Studio Co,Fintech,NA,Starter,8,214.76,2024-05-12,2026-08-22,0,8,0,,"The annual discount helped, monthly pricing feels steep. We will see how the next release goes."
C02222,Riverbend Studio Inc,Retail,APAC,Starter,10,293.52,2025-03-01,2026-07-10,3,5,1,Onboarding too complex,Adoption stalled because the learning curve is steep.
C02223,Vertex Capital,Retail,NA,Enterprise,262,21488.22,2023-05-16,2026-08-26,0,10,0,,Cheaper than what we replaced and far more capable. Highly recommended.
C02224,Keystone Robotics,SaaS,LATAM,Enterprise,310,26069.53,2026-01-29,2026-06-19,1,7,0,,We are still ramping up usage across the team.
C02225,Atlas Media Ltd,Media,NA,Starter,14,426.83,2026-02-03,2026-08-14,1,7,0,,Setup for SSO was fiddly but works now.
C02226,Silverlake Health,Fintech,NA,Enterprise,162,13671.31,2023-12-01,2026-08-16,1,8,0,,"Mostly stable, with the occasional slow dashboard."
C02227,Northwind Media,Education,EMEA,Starter,8,246.01,2025-08-23,2026-08-17,3,5,0,,We had three outages in one month during peak hours.
C02228,Meridian Robotics Co,SaaS,NA,Starter,4,115.68,2025-06-05,2026-03-08,3,8,1,Low usage / no longer needed,It does the job; adoption is growing slowly. Overall it is fine.
C02229,Brightline Analytics GmbH,SaaS,LATAM,Growth,54,3082.32,2025-12-25,2026-08-17,3,6,0,,Response times got noticeably worse over the last quarter.
C02230,Orbit Robotics Co,Education,EMEA,Starter,3,85.09,2026-02-21,2026-08-17,0,8,0,,Would love a two-way calendar sync.
C02231,Atlas Software,Fintech,NA,Enterprise,96,8876.79,2025-08-06,2026-08-25,3,7,0,,The help center is good; live support is average.
C02232,Silverlake Partners,Education,NA,Starter,7,195.42,2026-04-09,2026-04-10,13,0,1,Low usage / no longer needed,Exports randomly fail with no error message.
C02233,Northwind Partners,SaaS,LATAM,Growth,49,2601.07,2024-02-19,2026-08-24,2,7,0,,The tutorials are helpful; the data import could be smoother.
C02234,Copperfield Logistics,Logistics,EMEA,Starter,9,258.65,2024-07-20,2026-08-18,0,8,0,,Support quality varies a lot depending on who picks up the ticket.
C02235,Falcon Supply,Manufacturing,APAC,Starter,7,192.21,2023-07-10,2026-05-02,5,3,1,Onboarding too complex,It took weeks to import our data and the docs were out of date. It has been a disappointing year.
C02236,Copperfield Software GmbH,Media,NA,Starter,5,145.92,2025-12-29,2026-05-01,3,5,1,Low usage / no longer needed,Honestly we barely used it; it never became part of our workflow. We are evaluating alternatives.
C02237,Granite Foods Inc,SaaS,LATAM,Enterprise,295,24523.62,2023-12-20,2026-08-15,0,8,0,,"Setup took longer than expected, mostly on our side."
C02238,Oakridge Systems Co,Fintech,EMEA,Growth,38,2104.62,2024-10-04,2026-08-17,1,6,0,,Frequent logouts and stale sessions made it unusable for the field team.
C02239,Orbit Media GmbH,Retail,EMEA,Growth,77,4003.06,2023-07-27,2026-08-30,0,6,0,,The setup wizard failed twice and we gave up on the advanced features. Frustrating overall.
C02240,Quantum Capital GmbH,Healthcare,NA,Starter,8,238.51,2023-11-26,2026-08-31,0,7,0,,The tutorials are helpful; the data import could be smoother.
C02241,Brightline Media,Fintech,NA,Starter,6,185.82,2025-05-11,2026-08-16,2,4,0,,The per-seat model punishes us every time we onboard a contractor. Frustrating overall.
C02242,Windmill Labs,SaaS,LATAM,Starter,5,153.62,2023-11-17,2026-08-31,1,8,0,,We sync with our warehouse nightly and it mostly works. Happy enough to stay for now.
C02243,Mosaic Robotics Co,Retail,LATAM,Growth,24,1523.84,2024-10-19,2026-08-17,1,7,0,,"Most of the team uses it weekly, a few power users daily. Some room for improvement."
C02244,Beacon Analytics Ltd,Fintech,NA,Starter,10,290.49,2024-07-30,2026-06-05,1,7,1,Integration gaps,We sync with our warehouse nightly and it mostly works. We will see how the next release goes.
C02245,Juniper Learning Inc,Retail,LATAM,Starter,7,200.14,2025-02-23,2026-05-29,6,5,1,Poor support experience,We opened four tickets for the same bug and got four different answers.
C02246,Riverbend Studio Ltd,SaaS,NA,Growth,41,2293.55,2023-11-26,2026-08-25,1,7,0,,Onboarding was fine but could use more templates. Some room for improvement.
C02247,Copperfield Health,Fintech,NA,Growth,27,1577.82,2024-09-10,2026-08-14,7,5,0,,The mobile app crashes whenever we open a large report. We are evaluating alternatives.
C02248,Sable Logistics Inc,Healthcare,NA,Starter,4,107.92,2023-02-08,2026-08-21,6,4,0,,Reporting is too rigid; we ended up exporting to spreadsheets anyway. It has been a disappointing year.
C02249,Redwood Works Inc,Retail,NA,Starter,5,149.75,2024-10-23,2026-08-17,0,6,0,,We opened four tickets for the same bug and got four different answers. Frustrating overall.
C02250,Frontier Digital Ltd,Fintech,NA,Starter,7,201.1,2023-05-15,2026-01-24,2,3,1,Too expensive,The price per seat is hard to justify for a team our size. Would not recommend at this point.
C02251,Halcyon Dynamics Co,Healthcare,NA,Growth,32,1652.78,2025-07-18,2026-08-28,2,5,0,,Exports randomly fail with no error message. It has been a disappointing year.
C02252,Zenith Media,Manufacturing,NA,Starter,6,170.46,2025-12-19,2026-08-27,0,9,0,,Performance is excellent even at month-end peaks.
C02253,Ember Labs,Retail,EMEA,Growth,27,1579.51,2024-05-27,2026-08-27,0,9,0,,Performance is excellent even at month-end peaks.
C02254,Lumen Networks,Healthcare,APAC,Starter,4,116.05,2026-01-31,2026-07-25,3,7,0,,Would like faster responses on weekends.
C02255,Stellar Works,Logistics,EMEA,Enterprise,174,14656.07,2024-05-15,2026-08-17,4,9,0,,The mobile app is snappy and dependable. Highly recommended.
C02256,Ember Robotics,Healthcare,NA,Enterprise,138,12248.62,2026-01-19,2026-08-22,0,7,0,,It does the job; adoption is growing slowly. Overall it is fine.
C02257,Ironclad Robotics,Media,APAC,Starter,7,192.54,2024-10-25,2026-08-21,3,6,0,,No phone support and email replies take forever.
C02258,Quantum Systems,Manufacturing,NA,Starter,8,230.59,2024-12-07,2026-08-25,8,3,0,,We opened four tickets for the same bug and got four different answers. Renewal is unlikely.
C02259,Crescent Digital Inc,SaaS,APAC,Starter,1,27.98,2024-06-05,2026-03-11,3,4,1,Too expensive,The price per seat is hard to justify for a team our size.
C02260,Stellar Retail,Retail,EMEA,Enterprise,196,17322.14,2026-04-08,2026-08-11,1,9,0,,The mobile app is snappy and dependable. Highly recommended.
C02261,Aurora Networks,Education,NA,Growth,27,1557.22,2025-06-20,2026-08-14,1,7,0,,Covers our core needs; advanced reporting is limited.
C02262,Bluepeak Foods,Logistics,NA,Growth,29,1687.47,2024-09-28,2026-07-02,3,8,1,Too expensive,Pricing is fair but the Growth tier is a big jump from Starter. We will see how the next release goes.
C02263,Falcon Capital,Retail,APAC,Starter,7,211.52,2025-10-12,2026-07-20,0,6,0,,We pay for features we never use; the plan tiers make no sense.
C02264,Orbit Works Ltd,SaaS,LATAM,Starter,7,213.76,2024-08-13,2026-08-29,2,7,0,,Would like faster responses on weekends.
C02265,Halcyon Robotics Co,Healthcare,EMEA,Growth,16,999.61,2026-01-23,2026-08-26,1,6,0,,The roadmap items we were promised never shipped.
C02266,Cobalt Logistics,SaaS,LATAM,Growth,14,771.71,2024-08-28,2026-08-27,2,6,0,,The setup wizard failed twice and we gave up on the advanced features. Renewal is unlikely.
C02267,Keystone Partners Co,Manufacturing,LATAM,Enterprise,427,36626.13,2025-10-30,2026-08-20,2,7,0,,The API works but the docs could be clearer.
C02268,Granite Systems Ltd,Retail,NA,Enterprise,169,14375.01,2023-11-21,2026-08-29,1,8,0,,Would prefer usage-based pricing over per-seat.
C02269,Mosaic Works GmbH,Education,EMEA,Growth,46,2518.85,2024-12-23,2026-08-23,2,8,0,,Onboarding was fine but could use more templates.
C02270,Solstice Analytics Inc,Media,NA,Growth,26,1538.08,2025-02-21,2026-06-04,2,6,1,Too expensive,Onboarding was confusing and we never really got set up properly.
C02271,Riverbend Capital,Healthcare,EMEA,Enterprise,416,36806.81,2024-11-03,2026-08-23,0,8,0,,Integrations cover the basics; we still miss a native Jira connector. Some room for improvement.
C02272,Aurora Media Ltd,Healthcare,NA,Growth,13,798.86,2024-07-26,2026-08-20,1,10,0,,Cheaper than what we replaced and far more capable.
C02273,Atlas Health Inc,Manufacturing,LATAM,Enterprise,139,12116.49,2023-01-02,2026-08-21,1,4,0,,The API is rate limited so aggressively that our sync jobs fail nightly.
C02274,Pioneer Works,Media,EMEA,Enterprise,102,8654.34,2026-05-28,2026-05-29,7,2,1,Budget cuts,The price per seat is hard to justify for a team our size.
C02275,Bluepeak Group Inc,Media,NA,Starter,5,158.17,2023-10-03,2026-05-03,4,2,1,Reliability issues,We had three outages in one month during peak hours.
C02276,Mosaic Partners GmbH,SaaS,NA,Growth,17,986.93,2023-08-08,2026-08-18,1,7,0,,Covers our core needs; advanced reporting is limited.
C02277,Cascade Software,Healthcare,NA,Growth,22,1214.1,2025-11-01,2026-08-22,4,6,0,,Onboarding was confusing and we never really got set up properly.
C02278,Sable Media LLC,SaaS,EMEA,Starter,5,143.46,2023-04-08,2026-08-24,1,7,0,,Documentation is solid but a guided setup call would have helped. Happy enough to stay for now.
C02279,Redwood Media LLC,Media,LATAM,Growth,15,887.04,2025-09-01,2026-08-20,0,8,0,,Covers our core needs; advanced reporting is limited.
C02280,Keystone Analytics Inc,Education,NA,Starter,5,152.56,2024-03-24,2026-08-22,3,4,0,,"No audit log, which our compliance team requires."
C02281,Cobalt Capital,Retail,EMEA,Starter,6,170.44,2025-07-07,2026-08-18,4,6,0,,Chat support only sends links to docs we have already read.
C02282,Mosaic Group,SaaS,EMEA,Starter,10,295.7,2023-10-03,2026-08-16,2,7,0,,"Decent value, though we keep an eye on seat costs."
C02283,Copperfield Media,Fintech,NA,Growth,65,3355.8,2025-06-15,2026-08-29,4,5,0,,The roadmap items we were promised never shipped. Renewal is unlikely.
C02284,Bluepeak Foods Ltd,Education,EMEA,Growth,38,2175.25,2026-06-19,2026-06-20,1,7,0,,Integrations cover the basics; we still miss a native Jira connector.
C02285,Redwood Robotics,SaaS,NA,Growth,30,1774.84,2024-10-05,2026-08-17,3,5,0,,The mobile app crashes whenever we open a large report. Renewal is unlikely.
C02286,Lumen Systems Co,SaaS,NA,Starter,6,172.05,2024-12-13,2026-08-13,4,5,0,,Missing basic features like bulk edit and custom roles.
C02287,Beacon Foods,Media,NA,Growth,36,2143.75,2025-02-21,2026-08-17,2,8,0,,"Fine for simple questions, weaker on technical issues. Some room for improvement."
C02288,Brightline Media Ltd,Manufacturing,APAC,Starter,14,423.38,2024-04-03,2026-08-29,1,6,0,,The roadmap items we were promised never shipped.
C02289,Crescent Analytics Ltd,SaaS,NA,Starter,5,138.97,2024-12-03,2026-08-13,2,5,0,,We opened four tickets for the same bug and got four different answers. Frustrating overall.
C02290,Pioneer Media,Fintech,NA,Starter,8,230.98,2025-03-31,2026-08-20,2,6,0,,"No native Slack or HubSpot connector, so we had to build our own."
C02291,Halcyon Learning LLC,Logistics,EMEA,Enterprise,116,10829.81,2023-02-01,2026-08-31,1,8,0,,"The annual discount helped, monthly pricing feels steep. Overall it is fine."
C02292,Keystone Media,Education,LATAM,Starter,7,219.07,2024-08-01,2026-08-12,0,8,0,,Would like more flexible billing for seasonal staff. Some room for improvement.
C02293,Falcon Robotics Ltd,Healthcare,EMEA,Growth,19,1162.39,2024-11-03,2026-08-31,1,7,0,,The tutorials are helpful; the data import could be smoother.
C02294,Frontier Learning Inc,Fintech,NA,Enterprise,301,23457.78,2023-09-24,2026-08-11,2,7,0,,"Support is okay, sometimes quick, sometimes slow. Some room for improvement."
C02295,Meridian Systems,Fintech,EMEA,Starter,9,274.91,2024-08-23,2026-08-16,1,6,0,,Frequent logouts and stale sessions made it unusable for the field team. We are evaluating alternatives.
C02296,Halcyon Media LLC,SaaS,NA,Enterprise,216,17714.58,2024-05-18,2026-08-16,0,10,0,,Budget approval was easy because the ROI is obvious. Would buy again without hesitation.
C02297,Frontier Logistics Inc,Education,EMEA,Starter,11,335.89,2024-12-08,2026-07-17,4,8,0,,Would prefer usage-based pricing over per-seat.
C02298,Halcyon Learning Co,SaaS,NA,Starter,6,168.97,2024-01-01,2026-08-18,1,6,0,,Our budget was cut and the platform was the first thing to go. We are evaluating alternatives.
C02299,Bluepeak Works LLC,SaaS,NA,Starter,6,177.4,2026-02-19,2026-05-22,7,4,1,Poor support experience,Webhook payloads changed without notice and broke our pipeline. It has been a disappointing year.
C02300,Halcyon Analytics LLC,Education,NA,Growth,45,2405.91,2025-03-24,2026-08-21,0,10,0,,Automation rules removed a ton of manual work.
C02301,Brightline Media Inc,Logistics,EMEA,Enterprise,230,19073.26,2025-03-10,2026-08-28,1,5,0,,Chat support only sends links to docs we have already read.
C02302,Foxglove Dynamics,Manufacturing,NA,Growth,69,3880.26,2025-11-07,2026-08-28,0,8,0,,"Our account manager is responsive, tier-1 support less so."
C02303,Cascade Works,Retail,NA,Growth,19,1061.86,2023-01-28,2026-08-30,1,8,0,,"Reliable overall, exports could be faster. Happy enough to stay for now."
C02304,Crescent Works,Retail,EMEA,Starter,12,381.02,2023-12-02,2026-08-21,2,7,0,,Costs are acceptable for what we use today.
C02305,Nimbus Group GmbH,Retail,APAC,Enterprise,425,34294.26,2023-08-19,2026-08-18,1,7,0,,"No major issues, some minor bugs here and there."
C02306,Bluepeak Analytics LLC,Fintech,NA,Growth,20,1128.88,2025-03-03,2026-07-19,1,7,1,Switched to competitor,Useful tool; the roadmap looks promising.
C02307,Ironclad Works Inc,Healthcare,EMEA,Starter,12,356.7,2024-03-12,2026-08-17,1,7,0,,We are on the fence at renewal because of the price increase. We will see how the next release goes.
C02308,Falcon Software GmbH,Retail,EMEA,Enterprise,206,18230.73,2025-06-23,2026-07-23,1,8,1,Company downsized,Would like more flexible billing for seasonal staff.
C02309,Granite Group,Healthcare,NA,Starter,14,400.74,2026-04-17,2026-04-18,3,4,1,Budget cuts,Pricing jumped at renewal and nobody warned us.
C02310,Copperfield Health Ltd,Media,LATAM,Starter,4,111.03,2024-04-17,2026-07-21,6,4,1,Poor support experience,The support team is friendly but never actually fixes anything.
C02311,Pioneer Capital,Logistics,APAC,Starter,1,27.93,2024-02-26,2026-08-17,4,5,0,,The per-seat model punishes us every time we onboard a contractor.
C02312,Oakridge Learning Co,SaaS,NA,Starter,6,166.83,2024-09-14,2026-08-19,3,3,0,,We had three outages in one month during peak hours.
C02313,Juniper Labs Ltd,Retail,NA,Growth,41,2277.4,2024-09-16,2026-08-30,2,8,0,,"Good product, waiting on the custom fields feature."
C02314,Frontier Studio Co,SaaS,NA,Growth,20,1176.7,2024-04-02,2026-07-09,5,6,1,Poor support experience,No phone support and email replies take forever. Frustrating overall.
C02315,Nimbus Works,Fintech,NA,Enterprise,106,9071.84,2024-03-17,2026-08-19,1,7,0,,"The annual discount helped, monthly pricing feels steep."
C02316,Zenith Supply,Fintech,EMEA,Starter,9,264.81,2024-04-20,2026-08-31,3,6,0,,Response times got noticeably worse over the last quarter.
C02317,Atlas Works,SaaS,APAC,Growth,19,1157.96,2024-09-13,2026-08-18,4,4,0,,The support team is friendly but never actually fixes anything. It has been a disappointing year.
C02318,Ironclad Digital Co,Manufacturing,APAC,Growth,43,2320.72,2024-07-23,2026-08-19,0,8,0,,"The Slack integration is handy, the HubSpot one is limited."
C02319,Northwind Networks,Retail,NA,Growth,40,2129.99,2024-08-05,2026-08-31,0,10,0,,Cheaper than what we replaced and far more capable. We plan to add more seats next quarter.
C02320,Windmill Retail,Logistics,NA,Growth,23,1365.48,2024-01-12,2026-08-20,2,6,0,,Adoption stalled because the learning curve is steep. It has been a disappointing year.
C02321,Pioneer Analytics,SaaS,NA,Growth,53,2901.71,2025-03-19,2026-08-21,0,7,0,,Onboarding was fine but could use more templates.
C02322,Bluepeak Foods GmbH,SaaS,EMEA,Growth,18,1072.75,2024-09-15,2026-08-30,1,9,0,,Connected to Snowflake in an afternoon. Highly recommended.
C02323,Falcon Dynamics,Retail,NA,Enterprise,278,22727.72,2023-10-20,2026-08-24,1,8,0,,Onboarding was fine but could use more templates. Overall it is fine.
C02324,Pioneer Works GmbH,SaaS,LATAM,Starter,3,89.23,2025-08-17,2026-08-17,3,7,0,,Would like faster responses on weekends.
C02325,Oakridge Robotics,Fintech,APAC,Starter,5,138.17,2026-01-28,2026-05-24,4,7,1,Reliability issues,"One outage this quarter, communicated well."
C02326,Halcyon Group,Logistics,NA,Growth,27,1564.94,2024-05-18,2026-08-23,0,10,0,,Best customer success team we have worked with. Keep up the great work.
C02327,Copperfield Software Co,SaaS,EMEA,Starter,7,212.17,2024-10-28,2026-08-19,3,7,0,,Feature set is competitive but not best in class. Some room for improvement.
C02328,Aurora Dynamics Ltd,SaaS,EMEA,Starter,4,110.75,2026-04-21,2026-08-22,1,8,0,,Would love a two-way calendar sync.
C02329,Cascade Software GmbH,Healthcare,APAC,Enterprise,128,11223.7,2024-02-07,2026-08-30,0,9,0,,Easily worth the seat cost given the time saved.
C02330,Brightline Learning,Retail,EMEA,Starter,9,246.29,2023-10-06,2026-08-30,3,7,0,,"Fine for simple questions, weaker on technical issues."
C02331,Vertex Supply,Healthcare,NA,Starter,4,108.64,2024-03-17,2026-06-27,0,8,0,,"Good product, waiting on the custom fields feature. Some room for improvement."
C02332,Summit Retail,Retail,EMEA,Growth,47,2424.79,2024-07-27,2026-08-23,4,5,0,,Zapier is the only integration path and it is flaky. It has been a disappointing year.
C02333,Keystone Dynamics Inc,Manufacturing,NA,Starter,10,291.35,2024-07-20,2026-07-04,5,5,1,Poor support experience,We opened four tickets for the same bug and got four different answers.
C02334,Vertex Partners Ltd,SaaS,EMEA,Starter,5,149.23,2025-02-06,2026-03-25,16,0,1,Reliability issues,Data was missing for two days and nobody told us why.
C02335,Aurora Studio,Retail,NA,Starter,7,213.5,2023-12-19,2026-04-29,4,3,1,Switched to competitor,Missing basic features like bulk edit and custom roles. Would not recommend at this point.
C02336,Mosaic Systems Ltd,Education,EMEA,Starter,7,212.85,2024-11-24,2026-08-16,2,8,0,,Support quality varies a lot depending on who picks up the ticket.
C02337,Oakridge Supply Ltd,Media,APAC,Starter,5,150.0,2023-05-18,2026-04-25,5,4,1,Reliability issues,The mobile app crashes whenever we open a large report.
C02338,Keystone Group Inc,Retail,NA,Enterprise,230,18710.55,2026-04-23,2026-08-15,1,8,0,,Useful tool; the roadmap looks promising. We will see how the next release goes.
C02339,Meridian Group,Healthcare,NA,Starter,6,168.15,2024-01-12,2026-08-30,1,7,0,,"Support is okay, sometimes quick, sometimes slow."
C02340,Granite Works LLC,SaaS,EMEA,Starter,10,299.14,2024-02-18,2026-08-28,2,6,0,,"No audit log, which our compliance team requires."
C02341,Stellar Capital Ltd,SaaS,NA,Growth,40,2319.58,2023-07-25,2026-08-28,0,6,0,,We were never shown how to use the reporting module.
C02342,Lumen Labs,SaaS,EMEA,Starter,7,194.63,2024-04-26,2026-08-29,1,9,0,,Easily worth the seat cost given the time saved.
C02343,Ember Dynamics GmbH,Education,EMEA,Starter,3,91.5,2026-05-28,2026-08-16,0,8,0,,Documentation is solid but a guided setup call would have helped. We will see how the next release goes.
C02344,Summit Labs,Fintech,NA,Starter,8,214.18,2025-01-30,2026-08-11,1,5,0,,Missing basic features like bulk edit and custom roles. Would not recommend at this point.
C02345,Ember Capital,Education,APAC,Starter,4,117.81,2025-05-01,2026-08-14,3,5,0,,We could not connect it to our data warehouse without a consultant. Renewal is unlikely.
C02346,Juniper Software GmbH,SaaS,EMEA,Starter,6,173.28,2025-01-30,2026-08-22,3,4,0,,Webhook payloads changed without notice and broke our pipeline.
C02347,Aurora Studio,Media,EMEA,Starter,6,172.58,2024-03-02,2026-08-12,0,9,0,,The platform is fast and stable; no complaints.
C02348,Atlas Digital GmbH,Media,NA,Enterprise,340,28646.79,2025-10-01,2026-08-16,0,8,0,,Would love a two-way calendar sync.
C02349,Beacon Group,SaaS,NA,Enterprise,198,16092.72,2024-03-13,2026-08-17,2,6,0,,The API is rate limited so aggressively that our sync jobs fail nightly. We are evaluating alternatives.
C02350,Tidewater Health,SaaS,NA,Enterprise,154,13190.33,2025-10-10,2026-08-27,1,8,0,,Tickets get resolved eventually but it takes follow-ups.
C02351,Cascade Networks,SaaS,APAC,Starter,6,174.42,2026-06-12,2026-08-15,0,10,0,,It became part of our daily workflow almost immediately. Keep up the great work.
C02352,Mosaic Networks Inc,Media,APAC,Growth,39,2219.99,2023-01-14,2026-08-28,2,9,0,,Automation rules removed a ton of manual work. Would buy again without hesitation.
C02353,Keystone Works,Fintech,APAC,Growth,44,2567.87,2023-08-02,2026-01-28,5,1,1,Missing features,We outgrew the product; it is fine for small teams but not for us. It has been a disappointing year.
C02354,Vertex Dynamics Ltd,Healthcare,NA,Starter,2,58.29,2025-09-02,2026-08-25,3,9,0,,The HubSpot sync saved us hours every week.
C02355,Brightline Health,Retail,EMEA,Enterprise,228,18557.88,2023-06-04,2026-08-17,0,9,0,,We expanded to two more teams because it works so well.
C02356,Windmill Digital GmbH,Manufacturing,APAC,Growth,42,2199.65,2025-07-05,2026-08-16,2,8,0,,We sync with our warehouse nightly and it mostly works.
C02357,Copperfield Digital Inc,Retail,EMEA,Starter,4,123.88,2023-11-11,2026-08-19,3,4,0,,Exports randomly fail with no error message. We are evaluating alternatives.
C02358,Crescent Labs GmbH,Retail,NA,Enterprise,108,9659.07,2025-01-17,2026-08-20,2,6,0,,The API is rate limited so aggressively that our sync jobs fail nightly. Renewal is unlikely.
C02359,Stellar Media,Logistics,APAC,Starter,2,60.06,2025-04-12,2026-08-31,1,8,0,,Covers our core needs; advanced reporting is limited.
C02360,Atlas Digital Ltd,SaaS,NA,Starter,6,174.42,2024-02-09,2026-07-24,2,6,0,,Reporting is too rigid; we ended up exporting to spreadsheets anyway.
C02361,Harbor Foods Co,Media,NA,Starter,7,209.62,2025-12-30,2026-08-17,2,8,0,,"Reliable overall, exports could be faster. We will see how the next release goes."
C02362,Copperfield Supply GmbH,SaaS,APAC,Starter,8,244.11,2026-03-03,2026-08-31,0,10,0,,Best customer success team we have worked with. Highly recommended.
C02363,Brightline Media,Retail,EMEA,Enterprise,152,12474.63,2023-10-06,2026-08-20,2,6,0,,Escalations go nowhere; we had to chase our account manager repeatedly.
C02364,Keystone Logistics GmbH,Media,NA,Growth,57,3131.32,2025-07-30,2026-08-20,0,10,0,,Plays nicely with every tool in our stack.
C02365,Brightline Capital Co,Education,EMEA,Starter,3,83.15,2025-05-08,2026-07-03,3,6,1,Reliability issues,We had three outages in one month during peak hours.
C02366,Nimbus Digital,Education,LATAM,Growth,38,2074.3,2023-11-25,2026-06-19,0,6,0,,The price per seat is hard to justify for a team our size.
C02367,Brightline Foods,Fintech,NA,Enterprise,206,18405.69,2025-11-07,2026-07-05,1,7,0,,Would prefer usage-based pricing over per-seat.
C02368,Atlas Health Ltd,Retail,APAC,Enterprise,139,12201.47,2024-01-25,2026-08-28,4,6,0,,Chat support only sends links to docs we have already read.
C02369,Evergreen Retail Ltd,Retail,NA,Enterprise,78,7220.24,2023-11-23,2026-08-14,2,6,0,,We had three outages in one month during peak hours. Frustrating overall.
C02370,Cobalt Media Ltd,Healthcare,NA,Enterprise,231,17344.54,2025-06-25,2026-08-24,3,7,0,,"Fine for simple questions, weaker on technical issues."
C02371,Beacon Dynamics Inc,Retail,NA,Growth,30,1723.57,2023-06-02,2026-08-29,2,7,0,,Would like more flexible billing for seasonal staff. We will see how the next release goes.
C02372,Nimbus Group Co,Fintech,EMEA,Starter,3,87.36,2026-03-16,2026-03-17,5,4,1,Poor support experience,Escalations go nowhere; we had to chase our account manager repeatedly. We are evaluating alternatives.
C02373,Orbit Digital Inc,Fintech,NA,Enterprise,176,14682.49,2024-05-05,2026-08-20,1,6,0,,Frequent logouts and stale sessions made it unusable for the field team.
C02374,Harbor Studio,Fintech,NA,Starter,8,232.3,2024-09-17,2026-08-23,4,6,0,,Response times got noticeably worse over the last quarter. Frustrating overall.
C02375,Juniper Analytics,Retail,EMEA,Starter,7,204.97,2025-05-16,2026-02-05,2,8,1,Budget cuts,We are on the fence at renewal because of the price increase. We will see how the next release goes.
C02376,Cascade Retail,SaaS,EMEA,Starter,10,283.81,2026-01-26,2026-08-12,1,7,0,,"Our account manager is responsive, tier-1 support less so."
C02377,Nimbus Foods Inc,Media,EMEA,Starter,4,115.97,2025-09-09,2026-08-30,0,10,0,,"Fast, friendly and technically sharp support. Highly recommended."
C02378,Beacon Works LLC,Healthcare,APAC,Growth,49,2672.56,2024-05-02,2026-08-24,1,9,0,,The reporting and forecasting features are exactly what we needed.
C02379,Ironclad Health Inc,SaaS,NA,Enterprise,174,14230.25,2025-08-14,2026-08-18,7,3,0,,The roadmap items we were promised never shipped. Renewal is unlikely.
C02380,Stellar Capital LLC,Education,NA,Growth,24,1520.58,2024-05-19,2026-08-13,0,9,0,,SSO and SCIM provisioning worked out of the box. Highly recommended.
C02381,Bluepeak Partners Inc,Media,EMEA,Growth,48,2583.56,2024-10-21,2026-02-23,1,6,1,Missing features,The roadmap items we were promised never shipped. Renewal is unlikely.
C02382,Beacon Networks Inc,Fintech,EMEA,Starter,3,79.16,2025-05-25,2026-04-18,2,6,1,Onboarding too complex,Honestly we barely used it; it never became part of our workflow. Would not recommend at this point.
C02383,Oakridge Dynamics,SaaS,NA,Growth,25,1580.21,2024-12-03,2026-01-17,0,6,1,Low usage / no longer needed,"No audit log, which our compliance team requires. It has been a disappointing year."
C02384,Falcon Systems,SaaS,NA,Starter,5,140.09,2023-03-06,2026-08-14,0,8,0,,Reports are a bit slow at month end.
C02385,Crescent Capital LLC,SaaS,NA,Starter,8,240.35,2023-02-26,2026-08-22,4,6,0,,Support tickets sit for days before anyone replies.
C02386,Halcyon Systems LLC,Manufacturing,NA,Growth,33,1761.39,2023-06-27,2026-08-19,5,5,0,,The mobile app crashes whenever we open a large report.
C02387,Brightline Labs,Logistics,LATAM,Growth,47,2637.61,2023-04-17,2026-08-23,6,5,0,,Frequent logouts and stale sessions made it unusable for the field team. It has been a disappointing year.
C02388,Copperfield Digital,SaaS,EMEA,Starter,6,173.66,2025-07-18,2026-02-12,6,5,1,Poor support experience,The API is rate limited so aggressively that our sync jobs fail nightly. Would not recommend at this point.
C02389,Harbor Retail LLC,Manufacturing,NA,Starter,3,90.48,2023-09-03,2026-08-30,1,6,0,,Frequent logouts and stale sessions made it unusable for the field team. It has been a disappointing year.
C02390,Granite Capital Ltd,SaaS,EMEA,Starter,3,86.26,2023-11-05,2026-08-27,5,4,0,,The price per seat is hard to justify for a team our size. Renewal is unlikely.
C02391,Northwind Logistics,Healthcare,EMEA,Growth,41,2190.7,2024-02-06,2026-08-14,0,6,0,,Reporting is too rigid; we ended up exporting to spreadsheets anyway.
C02392,Cascade Dynamics,Manufacturing,NA,Starter,8,234.39,2023-08-12,2026-08-30,2,8,0,,Support quality varies a lot depending on who picks up the ticket.
C02393,Redwood Studio Co,Fintech,NA,Starter,5,142.78,2026-01-12,2026-08-19,1,8,0,,"Does what it says, nothing spectacular."
C02394,Silverlake Digital,SaaS,EMEA,Enterprise,476,36964.45,2023-04-24,2026-08-19,3,6,0,,We opened four tickets for the same bug and got four different answers. Would not recommend at this point.
C02395,Vertex Group,Healthcare,NA,Growth,17,978.87,2023-09-02,2026-08-29,1,7,0,,It does the job; adoption is growing slowly. Happy enough to stay for now.
C02396,Foxglove Studio GmbH,Logistics,EMEA,Starter,8,258.62,2023-10-14,2026-08-26,0,9,0,,Easily worth the seat cost given the time saved. Highly recommended.
C02397,Aurora Retail Co,Fintech,EMEA,Growth,32,1627.92,2023-04-18,2026-08-25,1,8,0,,Covers our core needs; advanced reporting is limited.
C02398,Granite Systems Inc,SaaS,APAC,Starter,5,146.4,2023-11-16,2026-08-22,1,5,0,,The API is rate limited so aggressively that our sync jobs fail nightly.
C02399,Brightline Foods Co,SaaS,LATAM,Starter,5,143.59,2023-08-26,2026-08-20,1,7,0,,"Reliable overall, exports could be faster. Happy enough to stay for now."
C02400,Aurora Supply,Healthcare,APAC,Growth,52,3062.83,2024-03-11,2026-08-26,0,7,0,,"Good product, waiting on the custom fields feature."
C02401,Redwood Systems,Healthcare,EMEA,Starter,4,110.84,2023-07-15,2026-08-25,1,9,0,,"Fast, friendly and technically sharp support."
C02402,Crescent Dynamics Co,Manufacturing,NA,Starter,13,378.53,2026-04-12,2026-06-09,9,3,1,Poor support experience,Escalations go nowhere; we had to chase our account manager repeatedly.
C02403,Meridian Retail,Manufacturing,EMEA,Enterprise,104,8991.81,2025-09-30,2026-08-13,2,6,0,,The per-seat model punishes us every time we onboard a contractor. It has been a disappointing year.
C02404,Summit Digital,Media,APAC,Growth,76,4140.21,2025-04-02,2026-08-16,2,5,0,,No phone support and email replies take forever.
C02405,Oakridge Group,Manufacturing,LATAM,Enterprise,115,9380.14,2025-01-26,2026-08-12,1,9,0,,Excellent documentation and training videos.
C02406,Meridian Labs LLC,Fintech,APAC,Enterprise,353,29678.58,2025-06-03,2026-08-21,3,4,0,,We opened four tickets for the same bug and got four different answers. Would not recommend at this point.
C02407,Bluepeak Dynamics,Healthcare,NA,Starter,2,57.28,2026-04-16,2026-08-31,1,5,0,,We could not connect it to our data warehouse without a consultant.
C02408,Falcon Retail,Fintech,EMEA,Growth,33,1788.09,2023-06-19,2026-06-20,1,4,0,,We opened four tickets for the same bug and got four different answers.
C02409,Brightline Capital LLC,Fintech,APAC,Starter,3,90.24,2024-11-08,2026-08-11,4,5,0,,Overage charges were a nasty surprise on the invoice. Renewal is unlikely.
C02410,Silverlake Retail LLC,Logistics,EMEA,Growth,17,1019.17,2023-09-03,2026-08-19,1,5,0,,Missing basic features like bulk edit and custom roles. Frustrating overall.
C02411,Frontier Learning,Education,EMEA,Starter,10,296.4,2024-07-31,2026-08-26,5,6,0,,Exports randomly fail with no error message.
C02412,Lumen Health GmbH,Logistics,EMEA,Starter,3,88.15,2026-02-20,2026-08-14,3,6,0,,The support team is friendly but never actually fixes anything. Renewal is unlikely.
C02413,Cobalt Software,Retail,EMEA,Starter,4,120.45,2025-03-16,2026-08-24,3,5,0,,The setup wizard failed twice and we gave up on the advanced features.
C02414,Ironclad Studio,Healthcare,NA,Growth,29,1800.26,2025-03-20,2026-08-25,1,9,0,,The HubSpot sync saved us hours every week.
C02415,Meridian Studio,Retail,NA,Starter,4,114.67,2023-05-03,2026-08-31,1,9,0,,Fair pricing and no surprise fees.
C02416,Brightline Networks Inc,SaaS,APAC,Growth,34,1926.73,2025-10-30,2026-07-05,2,10,0,,Adoption was instant; people actually enjoy using it.
C02417,Redwood Dynamics Inc,Fintech,LATAM,Enterprise,109,8696.79,2025-07-01,2026-08-22,1,5,0,,"A competitor offered everything we needed at a lower price, so we switched."
C02418,Solstice Works LLC,Healthcare,APAC,Growth,17,912.61,2024-04-01,2026-04-04,4,3,1,Budget cuts,It took weeks to import our data and the docs were out of date.
C02419,Aurora Dynamics,SaaS,NA,Starter,8,248.95,2024-03-01,2026-07-01,3,7,0,,The help center is good; live support is average.
C02420,Meridian Partners,Logistics,NA,Starter,5,143.07,2025-01-06,2026-03-18,2,4,1,Onboarding too complex,Data was missing for two days and nobody told us why.
C02421,Granite Digital Ltd,SaaS,NA,Enterprise,380,32299.93,2025-08-25,2026-08-23,0,6,0,,Missing basic features like bulk edit and custom roles. Renewal is unlikely.
C02422,Keystone Systems,SaaS,APAC,Growth,56,2922.13,2024-10-02,2026-08-20,1,7,0,,The API works but the docs could be clearer.
C02423,Quantum Analytics,Manufacturing,EMEA,Starter,10,275.25,2025-12-28,2026-03-14,1,5,1,Too expensive,Overage charges were a nasty surprise on the invoice.
C02424,Cascade Works GmbH,SaaS,LATAM,Enterprise,261,21336.81,2023-09-20,2026-06-05,1,8,0,,"Does what it says, nothing spectacular. Happy enough to stay for now."
C02425,Atlas Works GmbH,Media,NA,Starter,9,267.71,2025-05-30,2026-08-17,0,7,0,,We are on the fence at renewal because of the price increase.
C02426,Ember Digital Ltd,Education,EMEA,Starter,7,198.81,2025-11-18,2026-08-19,1,10,0,,"Fast, friendly and technically sharp support. We plan to add more seats next quarter."
C02427,Sable Digital,SaaS,APAC,Starter,4,114.44,2025-06-21,2026-08-14,1,9,0,,Feature releases ship every month and they listen to feedback.
C02428,Beacon Media GmbH,Education,NA,Starter,9,253.23,2024-03-01,2026-08-11,1,7,0,,"Reliable overall, exports could be faster."
C02429,Summit Digital GmbH,Healthcare,LATAM,Starter,10,303.52,2024-08-14,2026-08-15,0,7,0,,"The annual discount helped, monthly pricing feels steep."
C02430,Sable Works Ltd,Manufacturing,EMEA,Growth,36,2043.94,2024-08-18,2026-08-27,0,8,0,,"Decent value, though we keep an eye on seat costs. Some room for improvement."
C02431,Orbit Supply Ltd,Manufacturing,NA,Starter,10,284.38,2024-01-29,2026-08-03,4,6,0,,The mobile app crashes whenever we open a large report. Frustrating overall.
C02432,Bluepeak Logistics,Education,NA,Growth,31,1747.52,2023-06-19,2026-08-26,3,5,0,,Dashboards time out constantly when we filter more than a few weeks.
C02433,Quantum Retail Co,Healthcare,APAC,Growth,30,1752.64,2023-08-27,2026-06-04,7,5,0,,Overage charges were a nasty surprise on the invoice. It has been a disappointing year.
C02434,Nimbus Labs,Fintech,EMEA,Enterprise,213,17681.94,2025-03-25,2026-08-11,1,8,0,,Would like more flexible billing for seasonal staff.
C02435,Silverlake Health,Education,APAC,Starter,2,57.88,2023-10-14,2026-08-30,0,6,0,,The Salesforce integration breaks every other week. Frustrating overall.
C02436,Bluepeak Studio Inc,Logistics,APAC,Growth,13,786.73,2025-10-06,2026-08-11,1,10,0,,Pricing is transparent and scales sensibly with our team. Highly recommended.
C02437,Foxglove Media,Healthcare,NA,Starter,8,223.72,2025-10-08,2026-04-05,3,7,1,Budget cuts,Tickets get resolved eventually but it takes follow-ups. Happy enough to stay for now.
C02438,Frontier Works,Education,APAC,Growth,35,1959.04,2024-06-07,2026-08-22,1,10,0,,The platform is fast and stable; no complaints. Highly recommended.
C02439,Tidewater Supply,Retail,LATAM,Starter,8,255.18,2024-04-10,2026-08-16,3,9,0,,Adoption was instant; people actually enjoy using it. Would buy again without hesitation.
C02440,Halcyon Retail Inc,Manufacturing,NA,Growth,33,1823.97,2026-06-02,2026-08-21,2,8,0,,Useful tool; the roadmap looks promising. We will see how the next release goes.
C02441,Halcyon Logistics Inc,Logistics,APAC,Starter,12,348.5,2023-01-17,2026-08-24,2,4,0,,Support tickets sit for days before anyone replies. Renewal is unlikely.
C02442,Vertex Studio Inc,SaaS,NA,Growth,28,1646.44,2023-11-25,2026-08-20,1,7,0,,"Solid basics, some rough edges in the admin console. We will see how the next release goes."
C02443,Northwind Software Co,SaaS,NA,Starter,4,118.22,2025-05-31,2026-08-22,1,10,0,,"Support is outstanding, replies within the hour. We plan to add more seats next quarter."
C02444,Juniper Group,Healthcare,NA,Starter,9,244.19,2026-01-19,2026-08-20,1,6,0,,Zapier is the only integration path and it is flaky.
C02445,Crescent Health GmbH,Retail,APAC,Growth,42,2461.35,2024-08-08,2026-08-14,4,5,0,,We opened four tickets for the same bug and got four different answers. It has been a disappointing year.
C02446,Lumen Group GmbH,Healthcare,NA,Starter,8,241.11,2025-07-09,2026-08-16,0,7,0,,The mobile app lags behind the web app.
C02447,Crescent Analytics LLC,SaaS,NA,Growth,30,1724.37,2023-10-05,2026-08-15,1,6,0,,We outgrew the product; it is fine for small teams but not for us. It has been a disappointing year.
C02448,Orbit Digital GmbH,Retail,EMEA,Growth,38,2087.69,2026-03-29,2026-06-06,0,9,0,,Adoption was instant; people actually enjoy using it. Would buy again without hesitation.
C02449,Oakridge Analytics Inc,Healthcare,NA,Growth,58,3111.51,2025-01-13,2026-08-11,2,6,0,,SSO setup with Okta took three support tickets to get working.
C02450,Oakridge Supply,Healthcare,APAC,Growth,28,1671.77,2025-08-03,2026-08-16,3,4,0,,The support team is friendly but never actually fixes anything.
C02451,Keystone Networks Inc,Education,LATAM,Growth,30,1774.34,2023-08-13,2026-08-25,2,7,0,,"Most of the team uses it weekly, a few power users daily."
C02452,Summit Capital,Education,NA,Enterprise,145,12313.34,2024-09-23,2026-08-15,1,6,0,,The Salesforce integration breaks every other week. It has been a disappointing year.
C02453,Copperfield Foods Co,Education,NA,Starter,11,305.88,2025-07-17,2026-08-24,1,6,0,,Missing basic features like bulk edit and custom roles. It has been a disappointing year.
C02454,Crescent Dynamics,Manufacturing,LATAM,Growth,56,3013.53,2024-06-11,2026-08-24,5,5,0,,Response times got noticeably worse over the last quarter.
C02455,Nimbus Partners Co,Healthcare,NA,Growth,28,1727.73,2026-05-10,2026-08-22,2,7,0,,Reports are a bit slow at month end. Some room for improvement.
C02456,Frontier Foods,Healthcare,NA,Starter,8,227.05,2025-11-24,2026-08-17,3,8,0,,Documentation is solid but a guided setup call would have helped.
C02457,Tidewater Studio,Healthcare,LATAM,Starter,10,259.34,2023-06-14,2026-08-26,3,7,0,,Tickets get resolved eventually but it takes follow-ups. Some room for improvement.
C02458,Harbor Labs LLC,SaaS,APAC,Starter,5,144.13,2025-12-08,2026-08-20,1,6,0,,No phone support and email replies take forever. Renewal is unlikely.
C02459,Silverlake Software Co,Fintech,EMEA,Growth,32,1925.21,2024-05-03,2026-05-16,3,7,1,Integration gaps,Setup for SSO was fiddly but works now.
C02460,Redwood Group Co,Healthcare,EMEA,Starter,4,119.94,2025-01-21,2026-08-11,0,8,0,,Pricing is fair but the Growth tier is a big jump from Starter. Some room for improvement.
C02461,Halcyon Software Ltd,Media,APAC,Growth,51,2732.98,2024-06-05,2026-04-28,3,8,1,Missing features,Pricing is fair but the Growth tier is a big jump from Starter.
C02462,Halcyon Partners,Education,EMEA,Growth,39,2135.6,2025-06-14,2026-08-20,1,8,0,,"Support is okay, sometimes quick, sometimes slow. We will see how the next release goes."
C02463,Meridian Capital Inc,SaaS,EMEA,Growth,63,3550.82,2024-07-01,2026-08-13,1,10,0,,The reporting and forecasting features are exactly what we needed.
C02464,Summit Robotics,Healthcare,APAC,Starter,5,134.81,2024-08-13,2026-01-19,4,4,1,Budget cuts,The per-seat model punishes us every time we onboard a contractor. Would not recommend at this point.
C02465,Tidewater Retail Co,Fintech,EMEA,Growth,33,1748.71,2025-01-13,2026-08-18,0,6,0,,Half the team stopped logging in after the first month.
C02466,Nimbus Retail LLC,Manufacturing,EMEA,Growth,33,1839.56,2023-10-06,2026-08-29,0,7,0,,We are on the fence at renewal because of the price increase.
C02467,Mosaic Foods,Manufacturing,NA,Starter,10,308.5,2024-06-28,2026-08-14,3,10,0,,Cheaper than what we replaced and far more capable.
C02468,Ember Partners,Healthcare,EMEA,Starter,3,85.47,2023-03-05,2026-08-18,2,8,0,,Would love a two-way calendar sync. Overall it is fine.
C02469,Aurora Studio,Healthcare,EMEA,Starter,8,246.54,2023-03-16,2026-08-21,0,9,0,,The support team clearly knows the product inside out. We plan to add more seats next quarter.
C02470,Silverlake Partners Co,Fintech,NA,Enterprise,165,13465.81,2025-04-14,2026-08-29,3,3,0,,We had three outages in one month during peak hours. We are evaluating alternatives.
C02471,Sable Dynamics Ltd,Retail,NA,Starter,14,351.02,2023-12-21,2026-08-17,4,6,0,,The price per seat is hard to justify for a team our size. We are evaluating alternatives.
C02472,Cascade Analytics,Media,APAC,Starter,11,328.49,2025-05-03,2026-08-17,1,6,0,,Onboarding was confusing and we never really got set up properly. Renewal is unlikely.
C02473,Nimbus Robotics Co,Education,NA,Starter,8,237.01,2025-08-27,2026-07-28,0,9,0,,Support even helped us design our dashboards.
C02474,Cascade Partners GmbH,Retail,NA,Starter,9,268.69,2025-04-28,2026-08-25,1,7,0,,"Mostly stable, with the occasional slow dashboard. We will see how the next release goes."
C02475,Riverbend Analytics LLC,Retail,NA,Starter,3,89.43,2024-06-21,2026-01-18,2,6,1,Onboarding too complex,Onboarding was confusing and we never really got set up properly.
C02476,Cobalt Logistics LLC,SaaS,NA,Growth,15,891.79,2024-12-18,2026-08-18,1,6,0,,We outgrew the product; it is fine for small teams but not for us.
C02477,Northwind Learning Inc,SaaS,APAC,Starter,6,172.2,2025-09-25,2026-06-30,6,5,1,Low usage / no longer needed,Escalations go nowhere; we had to chase our account manager repeatedly. Renewal is unlikely.
C02478,Halcyon Labs,SaaS,NA,Enterprise,326,27190.74,2024-03-12,2026-08-22,4,4,0,,The forecasting module is too simplistic for our use case. It has been a disappointing year.
C02479,Quantum Digital Ltd,Retail,NA,Starter,7,199.26,2024-06-16,2026-08-20,1,9,0,,Webhooks are reliable and easy to configure.
C02480,Sable Media,Logistics,APAC,Growth,22,1277.21,2023-11-05,2026-08-05,2,6,0,,The mobile app crashes whenever we open a large report.
C02481,Vertex Software,Retail,NA,Growth,36,1832.23,2023-09-14,2026-06-11,0,8,1,Missing features,Useful tool; the roadmap looks promising.
C02482,Pioneer Systems GmbH,Fintech,NA,Growth,22,1234.95,2023-03-25,2026-08-29,0,9,0,,Uptime has been perfect for as long as we have used it.
C02483,Vertex Studio GmbH,SaaS,APAC,Enterprise,86,7866.26,2023-04-01,2026-08-27,0,10,0,,Cheaper than what we replaced and far more capable.
C02484,Meridian Systems,Fintech,EMEA,Starter,9,237.61,2023-07-08,2026-08-26,3,6,0,,We opened four tickets for the same bug and got four different answers.
C02485,Vertex Logistics,Manufacturing,APAC,Growth,32,1614.82,2025-09-08,2026-08-29,1,10,0,,Onboarding was smooth and the whole team was productive in a week. Highly recommended.
C02486,Tidewater Retail,Retail,APAC,Growth,25,1455.28,2025-03-12,2026-08-23,0,10,0,,Connected to Snowflake in an afternoon.
C02487,Evergreen Robotics,Manufacturing,LATAM,Starter,4,115.4,2023-04-23,2026-08-31,2,4,0,,"A competitor offered everything we needed at a lower price, so we switched."
C02488,Silverlake Logistics GmbH,Manufacturing,NA,Growth,13,757.39,2025-09-07,2026-08-24,3,6,0,,We had three outages in one month during peak hours. Renewal is unlikely.
C02489,Lumen Networks Inc,SaaS,APAC,Starter,3,78.72,2025-08-15,2026-06-08,10,4,1,Budget cuts,We pay for features we never use; the plan tiers make no sense.
C02490,Northwind Retail GmbH,Healthcare,EMEA,Starter,8,246.41,2026-03-04,2026-08-30,1,6,0,,No phone support and email replies take forever. It has been a disappointing year.
C02491,Granite Networks,Logistics,NA,Growth,33,1706.69,2026-05-20,2026-08-18,0,8,0,,Would love a two-way calendar sync.
C02492,Tidewater Retail Inc,Retail,LATAM,Growth,42,2229.12,2023-04-18,2026-08-22,0,10,0,,Powerful yet simple; it grows with us.
C02493,Silverlake Systems,SaaS,NA,Enterprise,299,23890.96,2024-10-29,2026-08-11,0,9,0,,The API is clean and well documented; we automated everything.
C02494,Summit Partners,Logistics,APAC,Enterprise,327,28946.87,2025-11-04,2026-08-19,1,6,0,,We outgrew the product; it is fine for small teams but not for us. Renewal is unlikely.
C02495,Evergreen Learning,Media,EMEA,Starter,6,176.93,2023-11-02,2026-08-23,0,7,0,,Tickets get resolved eventually but it takes follow-ups.
C02496,Nimbus Media,Healthcare,EMEA,Growth,27,1562.84,2025-02-01,2026-08-16,1,7,0,,Costs are acceptable for what we use today.
C02497,Sable Retail LLC,Healthcare,NA,Enterprise,273,22473.37,2023-04-26,2026-08-14,1,9,0,,Powerful yet simple; it grows with us.
C02498,Keystone Learning LLC,SaaS,APAC,Starter,10,292.08,2024-01-20,2026-08-27,3,7,0,,Reports are a bit slow at month end.
C02499,Pioneer Capital Inc,Manufacturing,EMEA,Growth,49,2554.57,2026-06-04,2026-08-20,5,6,0,,Missing basic features like bulk edit and custom roles.
C02500,Cobalt Supply Ltd,Retail,NA,Enterprise,85,7945.14,2025-07-15,2026-07-01,2,7,0,,Covers our core needs; advanced reporting is limited.
C02501,Mosaic Partners,SaaS,NA,Starter,6,170.18,2023-11-30,2026-08-11,7,5,0,,We opened four tickets for the same bug and got four different answers. We are evaluating alternatives.
C02502,Oakridge Studio Inc,Education,APAC,Enterprise,288,24738.94,2026-06-16,2026-08-22,1,7,0,,We are on the fence at renewal because of the price increase. We will see how the next release goes.
C02503,Granite Logistics Ltd,Logistics,NA,Growth,20,1202.93,2023-09-16,2026-08-30,2,5,0,,We opened four tickets for the same bug and got four different answers.
C02504,Atlas Logistics Co,Manufacturing,EMEA,Enterprise,280,23002.53,2024-04-29,2026-08-14,1,7,0,,"Does what it says, nothing spectacular."
C02505,Granite Labs Inc,Fintech,EMEA,Growth,18,974.8,2024-07-20,2026-08-13,1,7,0,,"The Slack integration is handy, the HubSpot one is limited."
C02506,Vertex Supply Inc,SaaS,NA,Growth,64,3477.01,2025-03-11,2026-08-24,0,7,0,,"The Slack integration is handy, the HubSpot one is limited."
C02507,Aurora Digital Inc,Logistics,EMEA,Growth,62,3204.7,2023-12-01,2026-08-22,1,7,0,,"Good product, waiting on the custom fields feature. Happy enough to stay for now."
C02508,Brightline Partners Co,Logistics,NA,Starter,10,290.91,2023-11-29,2026-08-16,5,4,0,,SSO setup with Okta took three support tickets to get working.
C02509,Cobalt Labs,Healthcare,LATAM,Growth,30,1751.83,2025-05-05,2026-08-31,1,8,0,,"Decent value, though we keep an eye on seat costs. Happy enough to stay for now."
C02510,Cobalt Works,Education,APAC,Enterprise,62,5574.08,2023-09-19,2026-07-04,4,5,0,,We had three outages in one month during peak hours. We are evaluating alternatives.
C02511,Pioneer Software,Retail,NA,Enterprise,363,28963.46,2023-07-01,2026-08-31,1,7,0,,Covers our core needs; advanced reporting is limited. Overall it is fine.
C02512,Northwind Digital,Retail,EMEA,Enterprise,110,9695.92,2023-07-10,2026-02-27,4,5,1,Poor support experience,Escalations go nowhere; we had to chase our account manager repeatedly. We are evaluating alternatives.
C02513,Foxglove Analytics Ltd,SaaS,EMEA,Growth,31,1670.1,2024-02-23,2026-07-02,0,9,0,,"Fast, friendly and technically sharp support. Keep up the great work."
C02514,Frontier Systems Inc,SaaS,LATAM,Growth,55,3301.93,2023-02-11,2026-08-18,3,7,0,,Feature set is competitive but not best in class. Some room for improvement.
C02515,Orbit Dynamics,Fintech,NA,Growth,36,1978.08,2023-02-14,2026-08-15,1,10,0,,Great templates got us started immediately. Highly recommended.
C02516,Aurora Logistics,Media,EMEA,Growth,19,1136.77,2025-07-12,2026-08-28,0,8,0,,It does the job; adoption is growing slowly.
C02517,Stellar Group GmbH,SaaS,LATAM,Growth,19,1122.76,2024-11-21,2026-08-25,2,7,0,,Would prefer usage-based pricing over per-seat. Happy enough to stay for now.
C02518,Brightline Software,Fintech,NA,Starter,6,176.38,2023-07-06,2026-08-15,2,7,0,,Uptime is fine; performance on large filters could improve.
C02519,Ironclad Software,Healthcare,EMEA,Starter,9,272.41,2023-11-22,2026-08-25,2,3,0,,Data was missing for two days and nobody told us why.
C02520,Granite Networks Co,SaaS,NA,Growth,19,1170.51,2025-05-12,2026-08-24,2,7,0,,Support quality varies a lot depending on who picks up the ticket. Overall it is fine.
C02521,Zenith Labs LLC,SaaS,EMEA,Starter,8,215.61,2025-10-20,2026-04-16,10,2,1,Onboarding too complex,Adoption stalled because the learning curve is steep. Frustrating overall.
C02522,Pioneer Learning Ltd,Healthcare,NA,Starter,4,119.97,2026-01-14,2026-08-18,2,5,0,,Frequent logouts and stale sessions made it unusable for the field team. We are evaluating alternatives.
C02523,Ember Supply Ltd,Retail,LATAM,Starter,5,147.88,2023-10-05,2026-04-25,6,3,1,Onboarding too complex,We were never shown how to use the reporting module.
C02524,Nimbus Health LLC,Healthcare,NA,Growth,50,2747.44,2025-12-16,2026-08-12,1,8,0,,Support quality varies a lot depending on who picks up the ticket.
C02525,Halcyon Labs Ltd,Logistics,NA,Enterprise,417,37494.32,2024-06-28,2026-08-14,1,7,0,,"Most of the team uses it weekly, a few power users daily."
C02526,Frontier Labs Inc,SaaS,APAC,Growth,39,2289.96,2024-01-17,2026-08-26,0,10,0,,It became part of our daily workflow almost immediately. Would buy again without hesitation.
C02527,Northwind Systems GmbH,Logistics,APAC,Enterprise,91,8681.53,2025-01-06,2026-08-24,1,9,0,,Onboarding was smooth and the whole team was productive in a week. We plan to add more seats next quarter.
C02528,Sable Retail,Media,EMEA,Enterprise,135,11113.26,2023-06-08,2026-08-18,0,7,0,,Pricing is fair but the Growth tier is a big jump from Starter. Some room for improvement.
C02529,Granite Media,Manufacturing,EMEA,Starter,11,303.78,2024-08-14,2026-06-13,8,2,1,Integration gaps,SSO setup with Okta took three support tickets to get working.
C02530,Frontier Foods GmbH,Healthcare,NA,Starter,4,119.5,2024-07-19,2026-08-20,1,9,0,,The API is clean and well documented; we automated everything. Would buy again without hesitation.
C02531,Aurora Health,Healthcare,EMEA,Starter,8,244.62,2025-01-30,2026-01-18,15,0,1,Too expensive,The price per seat is hard to justify for a team our size. Frustrating overall.
C02532,Beacon Retail LLC,Healthcare,NA,Starter,3,79.94,2023-08-20,2026-08-18,0,10,0,,Uptime has been perfect for as long as we have used it. Would buy again without hesitation.
C02533,Halcyon Foods,Education,NA,Growth,26,1600.66,2023-03-21,2026-08-19,4,6,0,,Escalations go nowhere; we had to chase our account manager repeatedly.
C02534,Evergreen Retail GmbH,SaaS,LATAM,Starter,9,258.34,2024-04-21,2026-08-29,2,9,0,,Custom roles and audit logs made our compliance team happy.
C02535,Halcyon Foods Ltd,Logistics,EMEA,Enterprise,267,20842.26,2026-06-08,2026-08-01,2,6,0,,The price per seat is hard to justify for a team our size. Renewal is unlikely.
C02536,Evergreen Retail,Healthcare,NA,Growth,21,1262.26,2024-12-26,2026-07-13,2,9,0,,The Salesforce and Slack integrations work flawlessly.
C02537,Summit Media,Manufacturing,NA,Starter,4,120.22,2024-11-29,2026-08-23,1,6,0,,The Salesforce integration breaks every other week.
C02538,Windmill Digital,Retail,LATAM,Enterprise,111,9209.38,2025-04-02,2026-08-14,1,5,0,,Half the team stopped logging in after the first month. We are evaluating alternatives.
C02539,Ember Media Inc,SaaS,NA,Enterprise,123,9912.69,2024-10-10,2026-08-31,3,3,0,,"No native Slack or HubSpot connector, so we had to build our own. Frustrating overall."
C02540,Foxglove Learning GmbH,Retail,NA,Growth,19,1197.77,2023-10-06,2026-08-25,1,7,0,,"One outage this quarter, communicated well. We will see how the next release goes."
C02541,Frontier Media Co,Retail,NA,Growth,47,2509.92,2026-06-10,2026-08-17,2,7,0,,Would love a two-way calendar sync.
C02542,Summit Networks GmbH,Retail,NA,Enterprise,60,5780.41,2023-10-18,2026-08-17,1,7,0,,"Decent value, though we keep an eye on seat costs."
C02543,Summit Works GmbH,Fintech,NA,Growth,58,2989.85,2025-03-27,2026-08-13,2,8,0,,Reports are a bit slow at month end. We will see how the next release goes.
C02544,Sable Networks,Fintech,LATAM,Enterprise,326,27889.39,2026-01-09,2026-08-17,0,10,0,,Best customer success team we have worked with.
C02545,Ironclad Studio,Healthcare,NA,Starter,7,206.15,2025-04-19,2026-07-01,3,6,1,Low usage / no longer needed,Half the team stopped logging in after the first month. Would not recommend at this point.
C02546,Copperfield Media LLC,Retail,EMEA,Growth,36,2044.33,2026-04-20,2026-08-28,0,8,0,,"Reliable overall, exports could be faster."
C02547,Falcon Capital Inc,Logistics,EMEA,Growth,49,2849.19,2023-08-16,2026-08-13,0,10,0,,"Best-in-class dashboards, our execs love them."
C02548,Quantum Partners GmbH,SaaS,EMEA,Starter,7,196.39,2025-03-30,2026-08-23,2,7,0,,"Most of the team uses it weekly, a few power users daily."
C02549,Vertex Analytics Ltd,Fintech,EMEA,Starter,4,118.42,2023-04-28,2026-08-28,3,6,0,,"A competitor offered everything we needed at a lower price, so we switched."
C02550,Tidewater Systems LLC,Fintech,EMEA,Starter,6,164.49,2024-12-11,2026-08-29,3,6,0,,Reporting is too rigid; we ended up exporting to spreadsheets anyway.
C02551,Redwood Software,Healthcare,EMEA,Starter,11,301.42,2023-08-23,2026-08-11,1,8,0,,Costs are acceptable for what we use today. We will see how the next release goes.
C02552,Granite Works,Retail,EMEA,Starter,8,226.63,2025-04-19,2026-08-29,0,8,0,,Covers our core needs; advanced reporting is limited. We will see how the next release goes.
C02553,Summit Software Ltd,Education,APAC,Starter,14,412.65,2024-02-21,2026-08-28,8,4,0,,The Salesforce integration breaks every other week.
C02554,Ember Software GmbH,Logistics,EMEA,Growth,25,1573.94,2023-06-14,2026-08-13,2,8,0,,Feature set is competitive but not best in class.
C02555,Brightline Analytics,Fintech,APAC,Growth,38,2240.1,2026-01-10,2026-08-17,1,6,0,,Data was missing for two days and nobody told us why.
C02556,Aurora Group,Education,NA,Growth,32,1730.91,2026-02-18,2026-08-18,1,5,0,,The per-seat model punishes us every time we onboard a contractor.
C02557,Nimbus Dynamics GmbH,SaaS,EMEA,Starter,9,264.19,2023-08-06,2026-08-29,0,9,0,,Automation rules removed a ton of manual work. Would buy again without hesitation.
C02558,Stellar Learning,Fintech,EMEA,Enterprise,77,7356.8,2023-09-24,2026-08-25,3,3,0,,We had three outages in one month during peak hours. Renewal is unlikely.
C02559,Tidewater Digital GmbH,Retail,NA,Starter,8,239.1,2023-02-18,2026-08-15,1,6,0,,Reporting is too rigid; we ended up exporting to spreadsheets anyway.
C02560,Brightline Media LLC,SaaS,APAC,Starter,7,201.62,2025-05-04,2026-06-19,1,4,0,,The per-seat model punishes us every time we onboard a contractor.
C02561,Cascade Studio,Healthcare,NA,Growth,17,1006.05,2026-02-14,2026-08-30,1,5,0,,Dashboards time out constantly when we filter more than a few weeks. We are evaluating alternatives.
C02562,Juniper Supply Ltd,Education,NA,Enterprise,247,20693.45,2023-10-11,2026-08-18,4,5,0,,No phone support and email replies take forever.
C02563,Riverbend Dynamics Ltd,Manufacturing,APAC,Enterprise,230,19193.18,2024-07-30,2026-08-30,2,5,0,,The mobile app crashes whenever we open a large report. Would not recommend at this point.
C02564,Halcyon Supply,Retail,NA,Growth,34,1840.1,2025-06-19,2026-08-31,1,8,0,,Would prefer usage-based pricing over per-seat.
C02565,Ironclad Media Co,Healthcare,NA,Growth,55,3003.41,2024-07-18,2026-08-27,2,6,0,,Onboarding was confusing and we never really got set up properly.
C02566,Vertex Learning Co,Retail,NA,Growth,15,870.63,2025-08-19,2026-08-24,1,8,0,,"Our account manager is responsive, tier-1 support less so. Happy enough to stay for now."
C02567,Stellar Partners,SaaS,APAC,Growth,33,1728.47,2025-08-20,2026-08-20,1,8,0,,"No major issues, some minor bugs here and there. We will see how the next release goes."
C02568,Evergreen Health Ltd,SaaS,EMEA,Starter,12,360.01,2025-08-03,2026-07-12,2,8,0,,The tutorials are helpful; the data import could be smoother.
C02569,Beacon Partners,Education,EMEA,Starter,6,177.59,2025-06-30,2026-07-14,3,5,0,,Response times got noticeably worse over the last quarter. Frustrating overall.
C02570,Foxglove Learning,Logistics,APAC,Enterprise,208,18817.06,2024-07-01,2026-08-24,1,7,0,,The help center is good; live support is average.
C02571,Zenith Partners Ltd,SaaS,EMEA,Enterprise,170,14516.95,2024-05-17,2026-08-25,1,8,0,,Would prefer usage-based pricing over per-seat. Some room for improvement.
C02572,Windmill Partners,Healthcare,LATAM,Starter,5,142.58,2025-02-13,2026-08-25,1,8,0,,We are on the fence at renewal because of the price increase.
C02573,Halcyon Capital,Manufacturing,APAC,Starter,10,282.73,2023-05-17,2026-07-15,3,5,1,Missing features,The roadmap items we were promised never shipped.
C02574,Vertex Systems,Manufacturing,NA,Starter,12,348.66,2025-02-02,2026-04-12,5,2,1,Too expensive,Our budget was cut and the platform was the first thing to go. We are evaluating alternatives.
C02575,Brightline Logistics LLC,Healthcare,LATAM,Growth,57,3196.76,2023-02-11,2026-08-27,0,9,0,,Best customer success team we have worked with. Would buy again without hesitation.
C02576,Evergreen Foods,Healthcare,EMEA,Starter,6,172.3,2025-07-08,2026-08-16,1,7,0,,The mobile app lags behind the web app. We will see how the next release goes.
C02577,Crescent Dynamics Ltd,Education,NA,Growth,50,2582.15,2025-02-11,2026-05-07,2,5,1,Onboarding too complex,Adoption stalled because the learning curve is steep. Frustrating overall.
C02578,Copperfield Dynamics,Media,NA,Starter,3,84.43,2024-09-28,2026-08-16,1,6,0,,We had three outages in one month during peak hours. It has been a disappointing year.
C02579,Nimbus Capital,SaaS,EMEA,Starter,7,203.15,2024-01-22,2026-08-31,0,10,0,,Cheaper than what we replaced and far more capable. Would buy again without hesitation.
C02580,Granite Supply Inc,Logistics,NA,Starter,9,268.73,2024-10-09,2026-08-19,4,7,0,,"Solid basics, some rough edges in the admin console."
C02581,Juniper Software,SaaS,EMEA,Growth,34,1754.7,2025-03-21,2026-08-13,1,10,0,,Webhooks are reliable and easy to configure.
C02582,Vertex Systems Ltd,Media,NA,Starter,5,146.54,2025-05-23,2026-08-15,3,7,0,,"Our account manager is responsive, tier-1 support less so. We will see how the next release goes."
C02583,Sable Retail,SaaS,EMEA,Growth,21,1249.96,2026-03-23,2026-08-25,0,10,0,,The reporting and forecasting features are exactly what we needed. Highly recommended.
C02584,Juniper Studio,SaaS,NA,Growth,55,2963.34,2023-08-06,2026-08-29,3,7,0,,We are still ramping up usage across the team.
C02585,Orbit Works GmbH,SaaS,APAC,Growth,20,1152.3,2023-02-26,2026-08-12,0,7,0,,Covers our core needs; advanced reporting is limited. We will see how the next release goes.
C02586,Ironclad Partners Ltd,Retail,NA,Starter,9,253.31,2025-04-12,2026-08-28,4,6,0,,Zapier is the only integration path and it is flaky. It has been a disappointing year.
C02587,Redwood Logistics,Fintech,NA,Growth,25,1483.31,2023-07-27,2026-08-22,1,8,0,,"The Slack integration is handy, the HubSpot one is limited. Happy enough to stay for now."
C02588,Halcyon Labs Co,SaaS,NA,Starter,7,212.15,2023-07-09,2026-08-16,5,5,0,,We had three outages in one month during peak hours.
C02589,Keystone Analytics,Retail,EMEA,Growth,19,1174.71,2023-12-17,2026-08-20,1,6,0,,The price per seat is hard to justify for a team our size. It has been a disappointing year.
C02590,Redwood Networks GmbH,Retail,EMEA,Starter,5,138.48,2025-07-13,2026-03-07,7,1,1,Low usage / no longer needed,We were never shown how to use the reporting module. Would not recommend at this point.
C02591,Keystone Retail,Manufacturing,EMEA,Enterprise,150,12528.09,2023-03-21,2026-08-14,0,7,0,,Covers our core needs; advanced reporting is limited. We will see how the next release goes.
C02592,Riverbend Health,Media,NA,Enterprise,413,31704.62,2024-05-11,2026-08-27,1,6,0,,The Salesforce integration breaks every other week. We are evaluating alternatives.
C02593,Brightline Partners GmbH,Education,APAC,Growth,32,1763.51,2023-05-15,2026-08-12,0,8,0,,"Good product, waiting on the custom fields feature. We will see how the next release goes."
C02594,Mosaic Capital,SaaS,EMEA,Enterprise,306,26365.47,2025-12-07,2026-08-29,2,7,0,,The help center is good; live support is average.
C02595,Halcyon Robotics Ltd,Fintech,NA,Starter,7,215.76,2025-08-30,2026-08-31,0,7,0,,The API works but the docs could be clearer. Overall it is fine.
C02596,Juniper Capital Inc,Logistics,APAC,Growth,41,2088.91,2023-04-23,2026-08-22,2,7,0,,Would prefer usage-based pricing over per-seat.
C02597,Halcyon Partners GmbH,SaaS,EMEA,Starter,5,138.69,2023-12-16,2026-08-23,1,10,0,,The Salesforce and Slack integrations work flawlessly.
C02598,Lumen Logistics Ltd,Retail,EMEA,Starter,9,262.5,2024-08-10,2026-07-17,4,4,1,Low usage / no longer needed,Honestly we barely used it; it never became part of our workflow. Frustrating overall.
C02599,Evergreen Health Inc,Logistics,NA,Growth,53,2719.85,2024-08-06,2026-08-21,2,8,0,,"No major issues, some minor bugs here and there."
C02600,Beacon Retail Ltd,Logistics,NA,Growth,33,1823.18,2023-08-02,2026-08-26,0,10,0,,Adoption was instant; people actually enjoy using it.
C02601,Tidewater Media Co,Retail,EMEA,Growth,69,3880.38,2024-08-18,2026-08-24,3,7,0,,Reports are a bit slow at month end.
C02602,Nimbus Software,Education,NA,Enterprise,384,30657.48,2026-01-13,2026-08-24,2,5,0,,The per-seat model punishes us every time we onboard a contractor. We are evaluating alternatives.
C02603,Juniper Health Inc,Retail,NA,Growth,39,2151.28,2023-10-09,2026-08-11,2,7,0,,The help center is good; live support is average.
C02604,Atlas Dynamics Ltd,Manufacturing,LATAM,Enterprise,284,22739.79,2023-06-09,2026-03-08,0,8,1,Poor support experience,"Support is okay, sometimes quick, sometimes slow. Happy enough to stay for now."
C02605,Juniper Media GmbH,SaaS,EMEA,Enterprise,327,29030.96,2024-05-07,2026-08-20,0,8,0,,Would like more flexible billing for seasonal staff.
C02606,Redwood Software Ltd,SaaS,NA,Enterprise,421,35719.99,2024-09-11,2026-08-26,1,7,0,,We like the dashboards but want more automation. We will see how the next release goes.
C02607,Cascade Learning,Healthcare,NA,Starter,1,28.26,2023-12-30,2026-08-21,0,8,0,,Useful tool; the roadmap looks promising.
C02608,Ironclad Systems,Fintech,EMEA,Growth,39,2033.95,2023-05-15,2026-08-23,0,9,0,,Fair pricing and no surprise fees. Keep up the great work.
C02609,Zenith Health Inc,Education,NA,Growth,21,1258.29,2023-04-19,2026-08-31,0,9,0,,"Fast, friendly and technically sharp support."
C02610,Bluepeak Software,Fintech,NA,Enterprise,191,16945.67,2025-10-14,2026-08-24,2,8,0,,The tutorials are helpful; the data import could be smoother.
C02611,Evergreen Studio GmbH,Media,NA,Starter,10,281.05,2023-06-17,2026-08-24,4,4,0,,Chat support only sends links to docs we have already read. It has been a disappointing year.
C02612,Northwind Labs Ltd,Manufacturing,EMEA,Starter,5,142.45,2023-12-26,2026-08-20,1,7,0,,"Mostly stable, with the occasional slow dashboard. Some room for improvement."
C02613,Bluepeak Capital Co,Retail,EMEA,Starter,13,365.66,2025-08-30,2026-08-15,3,7,0,,Uptime is fine; performance on large filters could improve. We will see how the next release goes.
C02614,Oakridge Digital Co,Manufacturing,NA,Starter,9,277.24,2025-01-28,2026-04-04,6,3,1,Poor support experience,Escalations go nowhere; we had to chase our account manager repeatedly. Frustrating overall.
C02615,Falcon Group,Fintech,NA,Growth,22,1198.9,2023-02-01,2026-07-29,2,7,0,,Covers our core needs; advanced reporting is limited.
C02616,Solstice Learning Co,Retail,EMEA,Starter,4,121.97,2023-08-06,2026-08-12,1,8,0,,Feature set is competitive but not best in class.
C02617,Aurora Analytics LLC,SaaS,EMEA,Starter,13,371.31,2024-08-24,2026-02-24,7,5,1,Too expensive,We pay for features we never use; the plan tiers make no sense. We are evaluating alternatives.
C02618,Redwood Supply,Media,EMEA,Growth,38,2079.09,2024-03-24,2026-07-12,1,7,0,,Would love a two-way calendar sync. Overall it is fine.
C02619,Juniper Studio Ltd,Manufacturing,NA,Starter,6,171.63,2026-06-15,2026-08-28,0,9,0,,The Enterprise plan pays for itself in saved hours. We plan to add more seats next quarter.
C02620,Aurora Works LLC,Media,EMEA,Starter,6,175.67,2023-05-26,2026-08-23,1,9,0,,The support team clearly knows the product inside out.
C02621,Riverbend Capital Ltd,Media,LATAM,Growth,46,2450.34,2023-02-03,2026-08-15,0,6,0,,We were never shown how to use the reporting module. It has been a disappointing year.
C02622,Bluepeak Learning Co,Logistics,EMEA,Growth,22,1352.95,2024-12-03,2026-08-19,0,8,0,,Uptime is fine; performance on large filters could improve.
C02623,Mosaic Digital,Fintech,NA,Enterprise,372,32679.91,2026-05-08,2026-08-16,1,7,0,,Onboarding was fine but could use more templates.
C02624,Bluepeak Capital Ltd,Logistics,EMEA,Growth,34,1792.19,2023-01-05,2026-08-13,1,9,0,,Dashboards load instantly even on huge datasets.
C02625,Sable Works Inc,Healthcare,NA,Enterprise,80,7562.25,2025-11-23,2026-08-12,0,8,0,,Useful tool; the roadmap looks promising. Some room for improvement.
C02626,Nimbus Group,Retail,NA,Starter,11,314.45,2026-06-21,2026-07-04,2,7,1,Company downsized,"The annual discount helped, monthly pricing feels steep. We will see how the next release goes."
C02627,Crescent Studio Co,Healthcare,NA,Growth,28,1655.41,2024-06-15,2026-08-25,0,9,0,,SSO and SCIM provisioning worked out of the box. Keep up the great work.
C02628,Silverlake Health Co,Fintech,APAC,Growth,32,1862.96,2024-06-15,2026-08-11,5,4,0,,We opened four tickets for the same bug and got four different answers.
C02629,Orbit Software,Fintech,NA,Growth,23,1320.41,2026-06-20,2026-08-23,1,8,0,,Uptime is fine; performance on large filters could improve.
C02630,Mosaic Supply Ltd,Fintech,APAC,Growth,20,1223.73,2025-03-14,2026-08-15,1,7,0,,Tickets get resolved eventually but it takes follow-ups. We will see how the next release goes.
C02631,Bluepeak Networks,SaaS,EMEA,Starter,11,324.83,2024-11-28,2026-08-21,3,8,0,,Feature set is competitive but not best in class. Some room for improvement.
C02632,Solstice Labs,Retail,EMEA,Starter,8,230.2,2024-01-01,2026-05-25,7,3,1,Budget cuts,Pricing jumped at renewal and nobody warned us. It has been a disappointing year.
C02633,Mosaic Health Inc,Media,NA,Enterprise,103,8794.83,2026-04-03,2026-07-25,5,5,0,,Exports randomly fail with no error message. Renewal is unlikely.
C02634,Beacon Analytics LLC,Healthcare,EMEA,Growth,27,1608.83,2023-11-20,2026-08-19,0,8,0,,The tutorials are helpful; the data import could be smoother.
C02635,Ironclad Software Co,Healthcare,NA,Starter,13,359.53,2024-05-16,2026-08-30,1,9,0,,"Rock solid, we have never seen an outage. Keep up the great work."
C02636,Frontier Labs,Retail,EMEA,Growth,57,3051.69,2025-12-15,2026-08-11,1,6,0,,The forecasting module is too simplistic for our use case.
C02637,Aurora Group Inc,Retail,NA,Growth,51,2681.37,2024-10-13,2026-08-15,2,7,0,,"One outage this quarter, communicated well."
C02638,Quantum Labs,SaaS,NA,Growth,18,1050.25,2025-08-25,2026-08-27,2,7,0,,"The Slack integration is handy, the HubSpot one is limited. Some room for improvement."
C02639,Windmill Learning Ltd,Manufacturing,EMEA,Starter,5,152.8,2026-06-23,2026-08-19,2,8,0,,"Our account manager is responsive, tier-1 support less so. We will see how the next release goes."
C02640,Silverlake Labs GmbH,SaaS,NA,Enterprise,202,17393.36,2025-03-31,2026-08-12,0,6,0,,Adoption stalled because the learning curve is steep.
C02641,Falcon Media Inc,Education,NA,Growth,17,945.52,2023-07-27,2026-08-30,2,5,0,,Too expensive compared with the alternatives we evaluated. It has been a disappointing year.
C02642,Cascade Studio GmbH,Manufacturing,LATAM,Growth,34,1845.18,2025-08-17,2026-08-28,0,8,0,,"Support is okay, sometimes quick, sometimes slow. We will see how the next release goes."
C02643,Redwood Logistics Ltd,Healthcare,NA,Growth,25,1488.78,2025-02-04,2026-08-21,1,5,0,,Pricing jumped at renewal and nobody warned us. We are evaluating alternatives.
C02644,Solstice Group Co,Media,NA,Growth,53,2994.67,2023-08-12,2026-08-11,3,5,0,,The roadmap items we were promised never shipped. We are evaluating alternatives.
C02645,Juniper Dynamics GmbH,Fintech,NA,Starter,4,112.98,2023-05-22,2026-08-30,1,7,0,,Setup for SSO was fiddly but works now.
C02646,Riverbend Systems,Media,NA,Enterprise,191,15277.1,2026-04-06,2026-08-31,3,6,0,,Frequent logouts and stale sessions made it unusable for the field team. It has been a disappointing year.
C02647,Tidewater Media Inc,Education,EMEA,Starter,2,57.87,2023-05-16,2026-08-23,1,7,0,,"Good product, waiting on the custom fields feature."
C02648,Foxglove Supply Inc,Manufacturing,NA,Enterprise,187,16094.22,2024-08-03,2026-08-17,2,7,0,,Documentation is solid but a guided setup call would have helped.
C02649,Tidewater Learning GmbH,Education,EMEA,Enterprise,216,18347.15,2026-06-11,2026-06-24,0,9,0,,Excellent documentation and training videos. We plan to add more seats next quarter.
C02650,Bluepeak Health Co,Media,EMEA,Growth,34,1799.56,2026-01-13,2026-08-31,0,6,0,,The per-seat model punishes us every time we onboard a contractor. It has been a disappointing year.
C02651,Oakridge Analytics Co,Logistics,NA,Growth,55,3229.66,2025-12-06,2026-08-22,1,8,0,,"Reliable overall, exports could be faster. We will see how the next release goes."
C02652,Meridian Logistics Ltd,Retail,LATAM,Starter,5,144.43,2025-07-28,2026-07-02,0,7,0,,"Setup took longer than expected, mostly on our side."
C02653,Juniper Works Inc,Manufacturing,LATAM,Starter,7,204.57,2024-08-31,2026-08-21,1,6,0,,We opened four tickets for the same bug and got four different answers.
C02654,Tidewater Robotics GmbH,Manufacturing,NA,Growth,18,1033.88,2023-12-31,2026-08-31,1,6,0,,Zapier is the only integration path and it is flaky.
C02655,Pioneer Logistics,Retail,NA,Starter,5,151.42,2026-02-18,2026-08-22,3,7,0,,The help center is good; live support is average. We will see how the next release goes.
C02656,Lumen Media Inc,Logistics,NA,Starter,7,207.64,2024-12-27,2026-08-31,2,7,0,,"Solid basics, some rough edges in the admin console."
C02657,Atlas Works Co,Retail,NA,Enterprise,216,18405.18,2024-05-20,2026-08-22,1,10,0,,Adoption was instant; people actually enjoy using it. Would buy again without hesitation.
C02658,Meridian Logistics Inc,Healthcare,EMEA,Starter,2,55.33,2026-05-18,2026-05-19,10,4,1,Poor support experience,The support team is friendly but never actually fixes anything. Frustrating overall.
C02659,Silverlake Partners Inc,SaaS,EMEA,Starter,5,151.35,2024-04-17,2026-08-31,3,6,0,,The price per seat is hard to justify for a team our size. We are evaluating alternatives.
C02660,Summit Media,Fintech,NA,Starter,9,268.9,2023-02-17,2026-08-12,3,6,0,,Escalations go nowhere; we had to chase our account manager repeatedly.
C02661,Aurora Networks Inc,Media,NA,Growth,69,3939.73,2025-02-05,2026-08-19,3,8,0,,Uptime is fine; performance on large filters could improve. We will see how the next release goes.
C02662,Vertex Digital Inc,Retail,NA,Growth,49,2692.61,2024-06-28,2026-08-17,1,8,0,,Pricing is fair but the Growth tier is a big jump from Starter.
C02663,Atlas Software Inc,Retail,LATAM,Growth,47,2571.17,2025-03-05,2026-08-21,3,7,0,,"No major issues, some minor bugs here and there."
C02664,Northwind Dynamics,Fintech,LATAM,Growth,64,3486.1,2025-03-02,2026-08-14,1,7,0,,Feature set is competitive but not best in class. Happy enough to stay for now.
C02665,Meridian Studio Inc,Retail,NA,Starter,3,94.93,2025-03-14,2026-01-13,1,7,1,Low usage / no longer needed,"Most of the team uses it weekly, a few power users daily."
C02666,Lumen Labs GmbH,Manufacturing,EMEA,Growth,33,1771.42,2024-03-09,2026-08-28,0,7,0,,The help center is good; live support is average. We will see how the next release goes.
C02667,Ember Capital Co,Media,EMEA,Starter,8,220.99,2023-11-18,2026-08-22,1,10,0,,Automation rules removed a ton of manual work.
C02668,Tidewater Supply,SaaS,EMEA,Enterprise,350,29012.77,2024-02-10,2026-08-19,4,6,0,,Frequent logouts and stale sessions made it unusable for the field team. Frustrating overall.
C02669,Windmill Analytics Ltd,Healthcare,EMEA,Starter,9,255.43,2026-05-16,2026-05-17,2,6,1,Poor support experience,Chat support only sends links to docs we have already read.
C02670,Vertex Analytics,Retail,APAC,Starter,7,213.23,2025-08-13,2026-08-21,2,7,0,,We like the dashboards but want more automation. We will see how the next release goes.
C02671,Vertex Group Ltd,Healthcare,NA,Starter,11,301.7,2024-05-15,2026-08-30,6,3,0,,Performance degraded badly as our dataset grew. Would not recommend at this point.
C02672,Crescent Partners,Retail,NA,Starter,12,340.19,2026-03-15,2026-08-14,3,6,0,,The forecasting module is too simplistic for our use case.
C02673,Meridian Media Inc,Retail,LATAM,Growth,20,1188.99,2025-09-02,2026-08-14,1,8,0,,It does the job; adoption is growing slowly.
C02674,Falcon Robotics Co,Retail,NA,Growth,34,1960.22,2024-11-17,2026-08-20,2,5,0,,Data was missing for two days and nobody told us why.
C02675,Redwood Works GmbH,Healthcare,NA,Enterprise,162,14021.17,2025-10-17,2026-08-30,2,5,0,,We outgrew the product; it is fine for small teams but not for us.
C02676,Meridian Robotics,Retail,EMEA,Starter,2,61.76,2026-04-24,2026-05-12,4,3,1,Poor support experience,Data was missing for two days and nobody told us why.
C02677,Lumen Supply GmbH,Retail,APAC,Growth,52,2892.71,2024-12-25,2026-08-03,1,8,0,,Onboarding was fine but could use more templates.
C02678,Aurora Supply Inc,Manufacturing,EMEA,Growth,56,3047.69,2023-05-10,2026-06-03,4,4,1,Poor support experience,"A competitor offered everything we needed at a lower price, so we switched. Renewal is unlikely."
C02679,Beacon Digital,Manufacturing,APAC,Starter,8,239.94,2024-07-03,2026-08-29,0,6,0,,The per-seat model punishes us every time we onboard a contractor.
C02680,Crescent Learning GmbH,Fintech,EMEA,Growth,34,1763.56,2023-10-18,2026-04-18,4,4,1,Switched to competitor,The forecasting module is too simplistic for our use case. Renewal is unlikely.
C02681,Summit Labs GmbH,Manufacturing,NA,Enterprise,154,12072.76,2025-06-11,2026-07-27,2,9,0,,The Salesforce and Slack integrations work flawlessly.
C02682,Sable Software,Media,EMEA,Growth,47,2679.6,2023-04-22,2026-08-16,1,9,0,,Easily worth the seat cost given the time saved. Would buy again without hesitation.
C02683,Tidewater Capital GmbH,SaaS,APAC,Enterprise,272,23081.58,2024-08-19,2026-08-25,1,7,0,,The tutorials are helpful; the data import could be smoother. Some room for improvement.
C02684,Frontier Logistics,Healthcare,APAC,Growth,24,1470.6,2024-07-09,2026-08-13,2,5,0,,Response times got noticeably worse over the last quarter.
C02685,Bluepeak Retail Co,Fintech,NA,Starter,4,112.04,2024-05-07,2026-08-23,3,5,0,,"No native Slack or HubSpot connector, so we had to build our own. Renewal is unlikely."
C02686,Pioneer Studio Inc,Manufacturing,NA,Enterprise,252,22295.59,2025-03-10,2026-08-24,1,7,0,,"Setup took longer than expected, mostly on our side. Happy enough to stay for now."
C02687,Oakridge Labs,Fintech,APAC,Starter,5,148.89,2024-11-27,2026-08-19,3,7,0,,"Does what it says, nothing spectacular."
C02688,Northwind Capital Ltd,Education,NA,Growth,23,1355.31,2023-09-13,2026-08-15,0,10,0,,The mobile app is snappy and dependable. Would buy again without hesitation.
C02689,Ember Health Co,Fintech,NA,Growth,38,2102.35,2025-10-18,2026-04-06,3,3,1,Poor support experience,Chat support only sends links to docs we have already read.
C02690,Zenith Logistics Co,Retail,APAC,Enterprise,328,27984.23,2024-07-26,2026-08-31,1,5,0,,Escalations go nowhere; we had to chase our account manager repeatedly. Renewal is unlikely.
C02691,Oakridge Health Co,Logistics,EMEA,Enterprise,153,12433.73,2023-07-20,2026-08-12,0,9,0,,Onboarding was smooth and the whole team was productive in a week. We plan to add more seats next quarter.
C02692,Crescent Retail Ltd,Retail,NA,Starter,7,199.87,2025-05-23,2026-08-23,2,8,0,,Would prefer usage-based pricing over per-seat. Happy enough to stay for now.
C02693,Nimbus Supply Co,Media,NA,Growth,31,1723.5,2024-05-16,2026-08-29,0,7,0,,The mobile app lags behind the web app. We will see how the next release goes.
C02694,Atlas Logistics LLC,Logistics,NA,Starter,8,228.05,2025-03-26,2026-08-18,3,6,0,,Adoption stalled because the learning curve is steep. Frustrating overall.
C02695,Atlas Capital Co,Media,APAC,Growth,21,1166.18,2025-08-21,2026-08-16,0,7,0,,Support quality varies a lot depending on who picks up the ticket. Overall it is fine.
C02696,Cascade Group Ltd,SaaS,EMEA,Growth,48,2664.83,2025-03-13,2026-08-24,2,6,0,,Escalations go nowhere; we had to chase our account manager repeatedly. Would not recommend at this point.
C02697,Lumen Robotics GmbH,Manufacturing,NA,Starter,10,299.7,2026-04-15,2026-08-28,3,5,0,,No phone support and email replies take forever. We are evaluating alternatives.
C02698,Atlas Labs Co,SaaS,NA,Enterprise,55,5280.29,2025-02-12,2026-08-13,0,10,0,,The Enterprise plan pays for itself in saved hours.
C02699,Cobalt Partners GmbH,Retail,NA,Growth,36,2017.38,2024-05-01,2026-08-13,2,8,0,,Documentation is solid but a guided setup call would have helped. Happy enough to stay for now.
C02700,Lumen Dynamics,Media,NA,Growth,35,1983.31,2026-06-12,2026-08-18,1,6,0,,Frequent logouts and stale sessions made it unusable for the field team.
C02701,Cobalt Logistics,Education,NA,Enterprise,401,35077.06,2024-10-18,2026-08-26,1,6,0,,The mobile app crashes whenever we open a large report.
C02702,Northwind Health,Healthcare,EMEA,Growth,22,1302.14,2025-06-29,2026-08-20,1,9,0,,Support even helped us design our dashboards.
C02703,Beacon Robotics Inc,Retail,NA,Growth,24,1295.98,2024-02-27,2026-08-19,0,10,0,,"Fast, friendly and technically sharp support."
C02704,Riverbend Works Ltd,Manufacturing,NA,Starter,8,242.76,2026-03-04,2026-03-05,4,8,1,Company downsized,Would prefer usage-based pricing over per-seat.
C02705,Windmill Works LLC,Education,EMEA,Starter,9,251.67,2026-04-14,2026-08-13,2,4,0,,We opened four tickets for the same bug and got four different answers.
C02706,Falcon Dynamics,Retail,NA,Starter,7,193.82,2026-04-29,2026-04-30,10,4,1,Low usage / no longer needed,The setup wizard failed twice and we gave up on the advanced features.
C02707,Bluepeak Capital GmbH,Media,NA,Starter,3,83.16,2024-05-10,2026-07-10,1,7,1,Too expensive,Pricing is fair but the Growth tier is a big jump from Starter. Some room for improvement.
C02708,Cobalt Labs Inc,Fintech,NA,Starter,2,63.76,2026-01-01,2026-02-20,1,5,1,Too expensive,Too expensive compared with the alternatives we evaluated. Would not recommend at this point.
C02709,Cascade Networks,SaaS,NA,Growth,44,2456.82,2025-05-07,2026-08-29,1,7,0,,"Solid basics, some rough edges in the admin console. Some room for improvement."
C02710,Brightline Systems Co,Education,NA,Growth,55,2892.11,2023-05-02,2026-08-15,0,8,0,,Would love a two-way calendar sync. Happy enough to stay for now.
C02711,Stellar Learning Inc,Logistics,EMEA,Starter,6,169.24,2026-03-16,2026-08-29,2,7,0,,"Support is okay, sometimes quick, sometimes slow."
C02712,Riverbend Analytics GmbH,Fintech,NA,Growth,21,1238.96,2024-11-06,2026-08-21,0,7,0,,"Mostly stable, with the occasional slow dashboard. Some room for improvement."
C02713,Solstice Capital,Fintech,APAC,Enterprise,80,7525.41,2024-11-10,2026-08-20,4,6,0,,Missing basic features like bulk edit and custom roles.
C02714,Copperfield Systems LLC,SaaS,EMEA,Starter,8,234.59,2024-05-01,2026-08-27,2,7,0,,Documentation is solid but a guided setup call would have helped. We will see how the next release goes.
C02715,Mosaic Labs,Media,NA,Growth,52,2747.26,2025-12-24,2026-03-27,4,6,1,Budget cuts,The per-seat model punishes us every time we onboard a contractor. It has been a disappointing year.
C02716,Beacon Foods,Fintech,NA,Starter,3,88.1,2023-05-04,2026-08-11,0,7,0,,Pricing is fair but the Growth tier is a big jump from Starter.
C02717,Summit Studio GmbH,Retail,NA,Growth,50,2676.43,2024-05-05,2026-08-16,2,8,0,,Would like faster responses on weekends.
C02718,Redwood Media,Logistics,NA,Growth,52,2972.72,2024-12-20,2026-08-23,2,5,0,,No phone support and email replies take forever. Renewal is unlikely.
C02719,Pioneer Studio,SaaS,EMEA,Starter,6,174.39,2023-09-08,2026-06-18,1,8,0,,"Good product, waiting on the custom fields feature."
C02720,Meridian Software,Healthcare,NA,Starter,4,112.48,2023-09-29,2026-08-31,0,7,0,,The API works but the docs could be clearer.
C02721,Harbor Robotics Ltd,Retail,APAC,Enterprise,263,22741.35,2025-02-24,2026-08-28,1,7,0,,Covers our core needs; advanced reporting is limited. Some room for improvement.
C02722,Lumen Group,Manufacturing,EMEA,Starter,7,206.11,2025-01-12,2026-08-12,2,6,0,,Dashboards time out constantly when we filter more than a few weeks. Frustrating overall.
C02723,Windmill Systems GmbH,Fintech,EMEA,Growth,38,2045.46,2025-11-09,2026-07-04,2,4,1,Reliability issues,Reporting is too rigid; we ended up exporting to spreadsheets anyway. Frustrating overall.
C02724,Oakridge Media,Retail,APAC,Growth,28,1700.24,2025-11-08,2026-08-29,0,10,0,,Powerful yet simple; it grows with us.
C02725,Riverbend Robotics Ltd,SaaS,EMEA,Starter,5,148.65,2023-01-24,2026-07-14,3,7,0,,"Decent value, though we keep an eye on seat costs."
C02726,Copperfield Capital Inc,Manufacturing,LATAM,Growth,49,2817.88,2024-05-17,2026-08-22,3,7,0,,The mobile app lags behind the web app.
C02727,Brightline Group Co,Manufacturing,LATAM,Growth,33,1862.14,2025-12-16,2026-08-23,0,10,0,,The reporting and forecasting features are exactly what we needed. Highly recommended.
C02728,Ironclad Supply,SaaS,NA,Starter,4,115.01,2026-04-26,2026-06-12,0,8,0,,"No major issues, some minor bugs here and there."
C02729,Atlas Health Co,Retail,NA,Enterprise,156,12239.71,2023-05-01,2026-08-14,0,7,0,,Useful tool; the roadmap looks promising.
C02730,Northwind Software,Media,NA,Growth,23,1367.13,2025-09-05,2026-08-16,3,4,0,,We outgrew the product; it is fine for small teams but not for us. We are evaluating alternatives.
C02731,Summit Logistics,SaaS,NA,Growth,30,1794.2,2023-10-24,2026-08-07,0,9,0,,"Fast, friendly and technically sharp support."
C02732,Summit Supply,Fintech,EMEA,Starter,1,29.06,2025-10-23,2026-08-30,5,5,0,,Frequent logouts and stale sessions made it unusable for the field team.
C02733,Ember Group Co,Healthcare,NA,Starter,5,127.54,2024-07-23,2026-04-14,7,3,1,Poor support experience,Escalations go nowhere; we had to chase our account manager repeatedly.
C02734,Falcon Learning Ltd,Fintech,EMEA,Growth,32,1803.52,2023-05-24,2026-06-28,0,9,0,,The Salesforce and Slack integrations work flawlessly. We plan to add more seats next quarter.
C02735,Juniper Robotics Co,Fintech,APAC,Growth,35,1850.39,2023-09-18,2026-08-17,1,6,0,,We pay for features we never use; the plan tiers make no sense. Renewal is unlikely.
C02736,Ironclad Systems Inc,Retail,NA,Starter,6,178.77,2026-04-16,2026-08-17,3,10,0,,Support even helped us design our dashboards. Keep up the great work.
C02737,Solstice Labs GmbH,SaaS,EMEA,Growth,59,3457.56,2025-09-06,2026-08-15,1,9,0,,Excellent documentation and training videos. Would buy again without hesitation.
C02738,Crescent Retail,Healthcare,NA,Growth,30,1752.1,2023-02-14,2026-07-17,0,10,0,,Great templates got us started immediately. Highly recommended.
C02739,Northwind Systems Co,Education,APAC,Starter,12,354.1,2026-04-24,2026-06-23,0,8,1,Missing features,We are on the fence at renewal because of the price increase.
C02740,Copperfield Capital Co,Healthcare,EMEA,Growth,25,1476.93,2025-12-12,2026-08-15,4,5,0,,We had three outages in one month during peak hours. It has been a disappointing year.
C02741,Cascade Networks Inc,SaaS,NA,Growth,67,3753.58,2024-11-26,2026-08-27,1,10,0,,Reliable exports and fast reports every time.
C02742,Summit Systems Ltd,Media,EMEA,Growth,24,1421.86,2023-02-07,2026-08-28,0,9,0,,Support even helped us design our dashboards.
C02743,Juniper Health Co,SaaS,NA,Growth,11,635.58,2024-07-08,2026-08-25,0,10,0,,SSO and SCIM provisioning worked out of the box.
C02744,Harbor Foods Inc,Manufacturing,EMEA,Growth,55,2908.61,2023-07-27,2026-08-11,1,8,0,,"One outage this quarter, communicated well. We will see how the next release goes."
C02745,Ironclad Learning LLC,Retail,EMEA,Enterprise,183,16379.14,2024-04-11,2026-08-20,3,9,0,,Pricing is transparent and scales sensibly with our team. Highly recommended.
C02746,Mosaic Partners,Manufacturing,NA,Growth,66,3684.95,2024-02-07,2026-08-12,1,8,0,,"Reliable overall, exports could be faster. Overall it is fine."
C02747,Ember Robotics,SaaS,EMEA,Starter,4,119.85,2025-06-28,2026-08-10,1,5,0,,We pay for features we never use; the plan tiers make no sense. Renewal is unlikely.
C02748,Ironclad Logistics,SaaS,APAC,Growth,44,2452.82,2025-07-30,2026-07-27,2,6,1,Reliability issues,Dashboards time out constantly when we filter more than a few weeks. It has been a disappointing year.
C02749,Juniper Works,Retail,APAC,Enterprise,332,29028.23,2023-08-09,2026-03-10,5,2,1,Integration gaps,Webhook payloads changed without notice and broke our pipeline.
C02750,Nimbus Logistics Inc,SaaS,EMEA,Enterprise,181,14685.29,2026-02-21,2026-06-04,0,8,0,,Would like more flexible billing for seasonal staff.
C02751,Harbor Analytics Ltd,Fintech,EMEA,Starter,6,174.58,2025-05-05,2026-08-16,0,10,0,,"Best-in-class dashboards, our execs love them."
C02752,Silverlake Supply Co,Education,NA,Starter,7,207.1,2025-04-30,2026-05-01,7,3,1,Onboarding too complex,We were never shown how to use the reporting module. We are evaluating alternatives.
C02753,Atlas Retail Ltd,Media,APAC,Starter,8,244.0,2025-09-17,2026-08-13,0,8,0,,Useful tool; the roadmap looks promising.
C02754,Copperfield Capital LLC,SaaS,APAC,Enterprise,113,10525.68,2025-07-17,2026-08-15,1,7,0,,The mobile app lags behind the web app.
C02755,Atlas Logistics Ltd,Media,NA,Enterprise,293,25057.86,2025-10-03,2026-06-07,0,10,0,,Dashboards load instantly even on huge datasets.
C02756,Solstice Media Ltd,Manufacturing,NA,Growth,30,1723.19,2024-01-05,2026-07-30,1,7,0,,Costs are acceptable for what we use today. Some room for improvement.
C02757,Summit Media Ltd,Media,NA,Starter,5,138.07,2025-05-26,2026-08-11,0,9,0,,"Great value for the price, especially on the annual plan."
C02758,Windmill Robotics Co,Education,NA,Enterprise,67,5945.43,2026-05-29,2026-05-30,3,7,1,Missing features,"Good product, waiting on the custom fields feature. Happy enough to stay for now."
C02759,Aurora Media,Education,NA,Starter,3,84.31,2025-08-20,2026-05-16,2,8,1,Company downsized,Would prefer usage-based pricing over per-seat. Happy enough to stay for now.
C02760,Stellar Labs,Healthcare,NA,Starter,12,307.62,2024-06-04,2026-08-22,0,4,0,,Dashboards time out constantly when we filter more than a few weeks.
C02761,Summit Group Inc,Education,EMEA,Starter,12,338.59,2025-03-17,2026-06-14,3,6,1,Reliability issues,Performance degraded badly as our dataset grew.
C02762,Aurora Networks,Logistics,NA,Growth,36,2031.95,2026-03-10,2026-08-15,1,6,0,,The forecasting module is too simplistic for our use case.
C02763,Stellar Digital,SaaS,NA,Growth,54,2971.92,2025-04-16,2026-08-12,1,5,0,,It took weeks to import our data and the docs were out of date.
C02764,Orbit Health Inc,Fintech,EMEA,Starter,6,172.2,2025-09-21,2026-07-04,0,7,1,Integration gaps,Good enough integration options for our stack. Happy enough to stay for now.
C02765,Lumen Partners Inc,SaaS,NA,Starter,7,189.83,2026-02-09,2026-08-14,1,4,0,,The support team is friendly but never actually fixes anything.
C02766,Bluepeak Supply Inc,Logistics,NA,Growth,58,3316.18,2024-04-13,2026-08-29,2,8,0,,Costs are acceptable for what we use today.
C02767,Ironclad Logistics Co,Retail,APAC,Starter,2,59.19,2024-03-03,2026-08-20,1,7,0,,Feature set is competitive but not best in class.
C02768,Beacon Learning Ltd,Education,LATAM,Growth,18,1061.45,2024-03-13,2026-08-13,0,8,0,,"The annual discount helped, monthly pricing feels steep."
C02769,Lumen Logistics GmbH,Media,EMEA,Starter,2,52.89,2024-04-15,2026-04-10,11,0,1,Switched to competitor,"No audit log, which our compliance team requires. Would not recommend at this point."
C02770,Harbor Learning,Logistics,NA,Starter,3,85.29,2025-05-17,2026-08-11,1,9,0,,Powerful yet simple; it grows with us.
C02771,Silverlake Works,SaaS,NA,Starter,9,265.53,2024-09-11,2026-07-18,0,7,0,,Uptime is fine; performance on large filters could improve.
C02772,Summit Foods Co,Manufacturing,LATAM,Growth,57,3124.02,2026-04-15,2026-08-20,3,7,0,,"Reliable overall, exports could be faster."
C02773,Falcon Labs,Media,EMEA,Starter,4,116.89,2025-05-25,2026-08-02,1,8,0,,"Does what it says, nothing spectacular."
C02774,Foxglove Learning LLC,SaaS,APAC,Starter,4,119.18,2025-05-07,2026-08-17,0,10,0,,Dashboards load instantly even on huge datasets.
C02775,Windmill Studio,Manufacturing,EMEA,Enterprise,144,12192.6,2026-04-27,2026-08-28,0,9,0,,Our account manager proactively checks in every month.
C02776,Redwood Retail Ltd,Fintech,NA,Starter,2,59.51,2025-12-30,2026-06-10,5,5,1,Poor support experience,Support tickets sit for days before anyone replies.
C02777,Cobalt Networks Co,Education,NA,Growth,40,2120.74,2023-02-11,2026-08-25,0,7,0,,Support quality varies a lot depending on who picks up the ticket.
C02778,Redwood Analytics Inc,Retail,APAC,Starter,2,55.16,2026-05-17,2026-05-18,9,5,1,Poor support experience,Support tickets sit for days before anyone replies. Would not recommend at this point.
C02779,Juniper Labs Co,Fintech,APAC,Enterprise,216,18523.47,2026-01-30,2026-08-24,2,5,0,,The price per seat is hard to justify for a team our size.
C02780,Frontier Media Inc,SaaS,NA,Starter,5,148.96,2024-02-26,2026-08-13,1,7,0,,"Good product, waiting on the custom fields feature."
C02781,Zenith Media Ltd,SaaS,EMEA,Growth,14,843.15,2023-10-28,2026-08-19,1,7,0,,"Mostly stable, with the occasional slow dashboard."
C02782,Sable Supply Ltd,SaaS,NA,Growth,18,1067.59,2024-11-18,2026-08-28,1,9,0,,The reporting and forecasting features are exactly what we needed.
C02783,Juniper Software Inc,Healthcare,LATAM,Growth,15,873.53,2026-06-29,2026-07-13,1,8,1,Missing features,We like the dashboards but want more automation.
C02784,Beacon Logistics GmbH,Fintech,NA,Growth,65,3596.65,2025-02-16,2026-08-16,0,5,0,,Honestly we barely used it; it never became part of our workflow. It has been a disappointing year.
C02785,Quantum Digital GmbH,SaaS,EMEA,Starter,7,206.08,2025-01-08,2026-08-08,2,10,0,,Plays nicely with every tool in our stack. We plan to add more seats next quarter.
C02786,Bluepeak Studio,Education,NA,Starter,7,206.57,2023-10-05,2026-08-27,1,8,0,,"Our account manager is responsive, tier-1 support less so."
C02787,Crescent Digital Ltd,Education,EMEA,Enterprise,187,17377.09,2026-02-19,2026-08-21,1,8,0,,We sync with our warehouse nightly and it mostly works. We will see how the next release goes.
C02788,Mosaic Foods GmbH,Healthcare,EMEA,Enterprise,242,19614.24,2025-10-14,2026-08-22,7,3,0,,We could not connect it to our data warehouse without a consultant. Would not recommend at this point.
C02789,Brightline Logistics,Logistics,NA,Growth,31,1920.46,2023-03-14,2026-08-22,1,5,0,,The support team is friendly but never actually fixes anything. We are evaluating alternatives.
C02790,Juniper Learning Co,Retail,APAC,Growth,46,2397.13,2023-12-01,2026-08-25,1,7,0,,Reports are a bit slow at month end. Happy enough to stay for now.
C02791,Nimbus Networks,Media,APAC,Growth,9,539.19,2026-01-29,2026-08-13,1,9,0,,"Support is outstanding, replies within the hour. Keep up the great work."
C02792,Evergreen Studio Co,SaaS,APAC,Growth,51,2664.63,2025-06-20,2026-08-13,4,5,0,,Exports randomly fail with no error message. It has been a disappointing year.
C02793,Orbit Learning Ltd,Manufacturing,NA,Enterprise,171,14565.92,2024-05-29,2026-08-24,1,8,0,,"Does what it says, nothing spectacular."
C02794,Cascade Digital Co,Logistics,EMEA,Enterprise,174,15217.31,2024-10-30,2026-08-22,1,8,0,,Would like faster responses on weekends. We will see how the next release goes.
C02795,Granite Digital GmbH,Media,EMEA,Starter,6,174.23,2023-06-10,2026-08-13,0,6,0,,Webhook payloads changed without notice and broke our pipeline.
C02796,Falcon Foods Inc,Healthcare,EMEA,Growth,33,1881.19,2025-12-03,2026-03-10,2,8,1,Switched to competitor,We like the dashboards but want more automation.
C02797,Stellar Software GmbH,Healthcare,EMEA,Growth,62,3344.29,2025-03-16,2026-08-21,0,8,0,,"One outage this quarter, communicated well."
C02798,Sable Digital Co,Fintech,EMEA,Starter,6,159.73,2024-10-14,2026-08-19,2,10,0,,Our account manager proactively checks in every month.
C02799,Oakridge Foods,Education,NA,Enterprise,163,14060.3,2025-02-19,2026-08-14,1,9,0,,"Support is outstanding, replies within the hour. Would buy again without hesitation."
C02800,Summit Dynamics,Manufacturing,NA,Growth,35,1922.8,2025-01-18,2026-08-21,0,9,0,,Great templates got us started immediately.
C02801,Cobalt Systems,Logistics,NA,Starter,9,255.99,2024-07-07,2026-08-13,3,6,0,,Response times got noticeably worse over the last quarter. We are evaluating alternatives.
C02802,Quantum Learning Inc,Retail,NA,Growth,50,2698.44,2023-08-20,2026-02-07,2,5,1,Company downsized,Our budget was cut and the platform was the first thing to go.
C02803,Quantum Media Inc,SaaS,NA,Starter,5,147.36,2024-09-05,2026-04-12,3,7,1,Onboarding too complex,It does the job; adoption is growing slowly.
C02804,Solstice Systems,Healthcare,NA,Starter,4,112.22,2025-10-28,2026-08-31,3,7,0,,Support quality varies a lot depending on who picks up the ticket.
C02805,Keystone Learning,SaaS,APAC,Growth,41,2283.44,2023-03-10,2026-08-15,0,8,0,,"Decent value, though we keep an eye on seat costs."
C02806,Quantum Foods Co,Fintech,EMEA,Growth,35,2011.76,2024-05-28,2026-08-20,1,9,0,,"We were live in two days, which is unheard of for us. Would buy again without hesitation."
C02807,Redwood Systems LLC,Fintech,NA,Growth,65,3860.44,2025-11-13,2026-08-19,2,6,0,,Webhook payloads changed without notice and broke our pipeline. Frustrating overall.
C02808,Atlas Works,Manufacturing,APAC,Starter,10,306.29,2025-01-09,2026-08-27,0,7,0,,"Decent value, though we keep an eye on seat costs."
C02809,Quantum Retail LLC,SaaS,APAC,Growth,34,1877.65,2023-02-01,2026-08-13,1,10,0,,"We were live in two days, which is unheard of for us."
C02810,Windmill Robotics GmbH,SaaS,APAC,Starter,8,234.39,2025-12-15,2026-08-15,3,6,0,,Escalations go nowhere; we had to chase our account manager repeatedly.
C02811,Solstice Studio Co,SaaS,APAC,Enterprise,360,29808.99,2023-03-10,2026-08-30,1,6,0,,We pay for features we never use; the plan tiers make no sense.
C02812,Meridian Retail Ltd,Media,LATAM,Starter,6,170.76,2024-09-03,2026-01-12,5,3,1,Low usage / no longer needed,Honestly we barely used it; it never became part of our workflow. It has been a disappointing year.
C02813,Keystone Digital,Education,EMEA,Enterprise,65,6193.3,2023-05-26,2026-08-23,0,9,0,,Great templates got us started immediately.
C02814,Lumen Media,SaaS,LATAM,Starter,4,114.57,2023-12-17,2026-08-16,0,9,0,,The reporting and forecasting features are exactly what we needed.
C02815,Windmill Foods,SaaS,LATAM,Starter,3,88.27,2024-05-17,2026-08-11,0,8,0,,Setup for SSO was fiddly but works now.
C02816,Cobalt Foods Ltd,Healthcare,NA,Starter,2,55.77,2023-12-05,2026-03-07,5,3,1,Low usage / no longer needed,It took weeks to import our data and the docs were out of date. Would not recommend at this point.
C02817,Atlas Software GmbH,Fintech,APAC,Growth,59,3414.78,2026-01-22,2026-08-13,0,7,0,,Support quality varies a lot depending on who picks up the ticket.
C02818,Bluepeak Systems Ltd,Healthcare,APAC,Enterprise,397,32976.65,2024-12-23,2026-08-28,2,7,0,,We like the dashboards but want more automation. Some room for improvement.
C02819,Tidewater Group,Retail,APAC,Growth,14,861.95,2024-04-06,2026-08-20,0,10,0,,Excellent documentation and training videos.
C02820,Redwood Capital,Logistics,APAC,Starter,10,281.84,2024-01-07,2026-08-27,0,8,0,,Good enough integration options for our stack.
C02821,Zenith Foods,Fintech,NA,Starter,7,196.86,2024-09-27,2026-08-14,3,6,0,,The mobile app crashes whenever we open a large report.
C02822,Evergreen Capital,Education,NA,Growth,42,2426.96,2024-03-07,2026-08-17,1,9,0,,Automation rules removed a ton of manual work.
C02823,Aurora Labs Inc,SaaS,EMEA,Starter,2,56.55,2025-10-25,2026-02-09,11,2,1,Budget cuts,We pay for features we never use; the plan tiers make no sense.
C02824,Keystone Logistics,Logistics,EMEA,Enterprise,165,13013.95,2023-10-27,2026-08-29,3,4,0,,Zapier is the only integration path and it is flaky. Renewal is unlikely.
C02825,Vertex Logistics Ltd,Logistics,APAC,Growth,61,3207.84,2025-05-30,2026-08-13,2,5,0,,Escalations go nowhere; we had to chase our account manager repeatedly.
C02826,Zenith Dynamics,Manufacturing,APAC,Growth,59,3348.27,2024-07-23,2026-08-21,3,4,0,,No phone support and email replies take forever.
C02827,Silverlake Supply Inc,Retail,EMEA,Enterprise,167,14480.61,2023-12-03,2026-08-17,1,9,0,,The HubSpot sync saved us hours every week. We plan to add more seats next quarter.
C02828,Juniper Systems GmbH,SaaS,LATAM,Starter,4,112.46,2024-08-17,2026-05-04,4,3,1,Too expensive,Too expensive compared with the alternatives we evaluated. Would not recommend at this point.
C02829,Vertex Partners,Manufacturing,NA,Starter,4,113.07,2023-06-02,2026-04-01,4,4,1,Onboarding too complex,The setup wizard failed twice and we gave up on the advanced features. Renewal is unlikely.
C02830,Stellar Labs Ltd,Manufacturing,LATAM,Enterprise,281,24282.72,2024-11-02,2026-08-27,1,6,0,,We could not connect it to our data warehouse without a consultant.
C02831,Ironclad Networks Co,Fintech,NA,Starter,4,122.11,2025-07-04,2026-06-06,1,10,0,,Excellent documentation and training videos. Would buy again without hesitation.
C02832,Crescent Dynamics,Retail,EMEA,Growth,34,1860.45,2025-01-26,2026-08-23,1,9,0,,Uptime has been perfect for as long as we have used it.
C02833,Atlas Robotics Ltd,Retail,NA,Enterprise,173,14880.69,2023-01-20,2026-08-12,0,9,0,,"Fast, friendly and technically sharp support. Highly recommended."
C02834,Cascade Foods GmbH,Manufacturing,EMEA,Starter,7,210.09,2025-01-20,2026-07-21,1,10,0,,The support team clearly knows the product inside out. Would buy again without hesitation.
C02835,Tidewater Retail GmbH,Education,NA,Enterprise,241,22026.68,2023-02-02,2026-08-12,0,8,0,,Setup for SSO was fiddly but works now.
C02836,Redwood Analytics,Education,NA,Starter,5,138.3,2024-04-13,2026-08-24,1,6,0,,SSO setup with Okta took three support tickets to get working.
C02837,Windmill Retail Co,Education,EMEA,Growth,33,1762.28,2025-03-21,2026-08-24,1,5,0,,The API is rate limited so aggressively that our sync jobs fail nightly.
C02838,Lumen Studio,Fintech,EMEA,Starter,11,312.54,2026-02-23,2026-06-24,8,4,1,Reliability issues,The mobile app crashes whenever we open a large report.
C02839,Oakridge Logistics Co,Retail,NA,Growth,52,2947.69,2026-05-31,2026-08-31,0,8,0,,The API works but the docs could be clearer.
C02840,Copperfield Foods,SaaS,EMEA,Starter,8,229.66,2024-10-14,2026-06-03,0,10,0,,Performance is excellent even at month-end peaks.
C02841,Redwood Partners Co,Manufacturing,NA,Starter,11,322.98,2023-09-30,2026-02-24,3,5,1,Low usage / no longer needed,We had three outages in one month during peak hours.
C02842,Riverbend Networks,Retail,NA,Starter,10,291.41,2025-11-27,2026-03-15,1,9,1,Low usage / no longer needed,Onboarding was fine but could use more templates. Some room for improvement.
C02843,Frontier Learning Ltd,Retail,NA,Starter,12,348.02,2024-03-30,2026-08-15,1,9,0,,Great templates got us started immediately.
C02844,Evergreen Capital Ltd,Fintech,EMEA,Growth,27,1599.84,2024-12-12,2026-08-15,1,5,0,,We outgrew the product; it is fine for small teams but not for us.
C02845,Foxglove Capital,SaaS,APAC,Starter,13,392.53,2023-09-10,2026-08-20,2,7,0,,Feature set is competitive but not best in class.
C02846,Halcyon Robotics,Healthcare,EMEA,Starter,5,139.37,2024-04-17,2026-08-25,2,7,0,,The help center is good; live support is average. Some room for improvement.
C02847,Juniper Media Inc,Fintech,APAC,Starter,4,115.31,2024-09-04,2026-08-11,0,10,0,,Plays nicely with every tool in our stack.
C02848,Ember Studio GmbH,SaaS,EMEA,Starter,4,110.36,2025-07-31,2026-08-28,2,7,0,,It does the job; adoption is growing slowly.
C02849,Crescent Robotics,Manufacturing,APAC,Starter,7,204.84,2026-02-22,2026-08-12,1,5,0,,Honestly we barely used it; it never became part of our workflow.
C02850,Stellar Systems Co,Retail,LATAM,Starter,8,230.19,2023-08-14,2026-07-30,0,9,0,,Custom roles and audit logs made our compliance team happy. Highly recommended.
C02851,Oakridge Dynamics Inc,Retail,NA,Growth,64,3661.87,2024-12-14,2026-08-14,2,6,0,,Overage charges were a nasty surprise on the invoice. It has been a disappointing year.
C02852,Quantum Labs,Retail,NA,Growth,24,1415.73,2026-05-22,2026-08-22,3,5,0,,It took weeks to import our data and the docs were out of date. Would not recommend at this point.
C02853,Meridian Dynamics GmbH,Manufacturing,NA,Growth,17,985.19,2023-01-22,2026-03-04,5,3,1,Low usage / no longer needed,We were never shown how to use the reporting module. Would not recommend at this point.
C02854,Atlas Robotics,Fintech,EMEA,Starter,3,86.14,2024-12-31,2026-08-17,1,9,0,,"We were live in two days, which is unheard of for us. Keep up the great work."
C02855,Sable Group,Manufacturing,EMEA,Enterprise,370,33281.89,2025-09-06,2026-08-14,5,4,0,,We were never shown how to use the reporting module. Frustrating overall.
C02856,Silverlake Media GmbH,Logistics,NA,Growth,49,2519.78,2023-05-13,2026-08-25,1,6,0,,SSO setup with Okta took three support tickets to get working. We are evaluating alternatives.
C02857,Lumen Labs Ltd,Education,APAC,Growth,30,1725.57,2025-05-02,2026-08-16,1,9,0,,Automation rules removed a ton of manual work. Would buy again without hesitation.
C02858,Falcon Works LLC,Retail,LATAM,Starter,10,290.42,2024-06-21,2026-08-27,0,9,0,,Excellent documentation and training videos.
C02859,Ember Works,Manufacturing,NA,Starter,9,254.36,2025-02-06,2026-08-11,0,7,0,,"Does what it says, nothing spectacular."
C02860,Summit Dynamics,Retail,NA,Growth,28,1684.42,2025-06-28,2026-08-21,1,4,0,,Response times got noticeably worse over the last quarter.
C02861,Keystone Robotics,Retail,NA,Starter,7,202.54,2023-07-04,2026-03-30,20,0,1,Company downsized,Support tickets sit for days before anyone replies. Frustrating overall.
C02862,Redwood Systems GmbH,Healthcare,NA,Growth,27,1609.31,2023-03-28,2026-08-29,1,8,0,,Documentation is solid but a guided setup call would have helped. Happy enough to stay for now.
C02863,Sable Robotics Co,Fintech,APAC,Starter,6,174.82,2024-02-08,2026-08-24,0,10,0,,Cheaper than what we replaced and far more capable. We plan to add more seats next quarter.
C02864,Solstice Health Co,SaaS,EMEA,Starter,4,115.52,2023-11-30,2026-05-11,8,0,1,Reliability issues,Dashboards time out constantly when we filter more than a few weeks.
C02865,Copperfield Labs,Retail,NA,Starter,6,165.02,2024-01-04,2026-04-28,2,7,1,Reliability issues,The mobile app lags behind the web app.
C02866,Cobalt Retail Co,SaaS,EMEA,Starter,4,116.82,2026-03-25,2026-06-17,1,8,0,,"Solid basics, some rough edges in the admin console. We will see how the next release goes."
C02867,Quantum Robotics Ltd,Retail,NA,Starter,7,188.68,2025-05-27,2026-08-22,2,6,0,,Zapier is the only integration path and it is flaky.
C02868,Halcyon Networks,Healthcare,NA,Starter,5,141.1,2024-03-30,2026-08-28,1,7,0,,"Reliable overall, exports could be faster."
C02869,Meridian Media,Logistics,NA,Growth,71,3972.0,2025-02-11,2026-08-15,2,8,0,,Pricing is fair but the Growth tier is a big jump from Starter.
C02870,Beacon Robotics Ltd,SaaS,EMEA,Starter,4,121.52,2023-07-23,2026-08-21,2,6,0,,We outgrew the product; it is fine for small teams but not for us.
C02871,Copperfield Studio,Healthcare,EMEA,Growth,38,2281.01,2023-08-22,2026-05-12,2,7,1,Onboarding too complex,"Setup took longer than expected, mostly on our side. Overall it is fine."
C02872,Stellar Systems,Retail,APAC,Enterprise,336,27790.06,2023-05-06,2026-08-19,2,7,0,,"Setup took longer than expected, mostly on our side."
C02873,Meridian Labs Co,SaaS,NA,Enterprise,209,16978.74,2024-06-28,2026-08-17,0,6,0,,The forecasting module is too simplistic for our use case.
C02874,Copperfield Systems,Fintech,APAC,Growth,74,4145.21,2025-02-28,2026-08-15,0,8,0,,"Solid basics, some rough edges in the admin console."
C02875,Riverbend Health Ltd,SaaS,NA,Starter,6,187.01,2024-10-10,2026-08-24,3,4,0,,We opened four tickets for the same bug and got four different answers. Renewal is unlikely.
C02876,Cobalt Dynamics,SaaS,NA,Growth,28,1753.28,2024-12-13,2026-07-23,2,7,0,,Would prefer usage-based pricing over per-seat. Some room for improvement.
C02877,Pioneer Works,Fintech,APAC,Enterprise,277,22344.46,2023-07-28,2026-07-13,1,7,0,,The mobile app lags behind the web app.
C02878,Aurora Analytics,Retail,EMEA,Growth,31,1691.41,2025-04-06,2026-08-19,0,8,0,,"Solid basics, some rough edges in the admin console."
C02879,Ember Analytics,Healthcare,NA,Starter,7,209.9,2024-12-06,2026-08-27,1,8,0,,We like the dashboards but want more automation. Overall it is fine.
C02880,Lumen Logistics Inc,SaaS,EMEA,Growth,23,1406.92,2026-05-07,2026-07-05,2,6,1,Company downsized,The per-seat model punishes us every time we onboard a contractor.
C02881,Silverlake Group GmbH,SaaS,EMEA,Starter,5,148.43,2023-11-12,2026-08-19,0,9,0,,"Fast, friendly and technically sharp support."
C02882,Orbit Networks Ltd,SaaS,LATAM,Growth,31,1670.44,2023-03-18,2026-08-28,1,6,0,,The setup wizard failed twice and we gave up on the advanced features. Renewal is unlikely.
C02883,Aurora Group Ltd,Healthcare,EMEA,Starter,13,385.79,2024-08-03,2026-08-11,3,6,0,,We had three outages in one month during peak hours.
C02884,Keystone Learning Co,Fintech,NA,Starter,1,30.08,2023-09-10,2026-08-31,0,10,0,,The support team clearly knows the product inside out.
C02885,Keystone Analytics Co,Healthcare,EMEA,Growth,16,908.81,2023-08-12,2026-08-18,1,8,0,,"Decent value, though we keep an eye on seat costs. Some room for improvement."
C02886,Sable Supply Inc,Fintech,NA,Growth,9,559.25,2023-10-26,2026-06-29,2,6,0,,Chat support only sends links to docs we have already read.
C02887,Harbor Networks Ltd,SaaS,NA,Growth,32,1825.51,2025-05-17,2026-03-02,1,5,1,Low usage / no longer needed,Chat support only sends links to docs we have already read. Renewal is unlikely.
C02888,Ember Learning Ltd,Logistics,EMEA,Enterprise,174,14207.55,2024-06-28,2026-08-20,0,8,0,,"No major issues, some minor bugs here and there."
C02889,Lumen Works,SaaS,APAC,Enterprise,302,26353.5,2026-01-20,2026-08-25,0,8,0,,We are on the fence at renewal because of the price increase. We will see how the next release goes.
C02890,Lumen Learning,SaaS,NA,Starter,11,329.38,2023-06-04,2026-01-10,9,2,1,Poor support experience,We opened four tickets for the same bug and got four different answers. We are evaluating alternatives.
C02891,Copperfield Partners GmbH,SaaS,APAC,Enterprise,119,10354.78,2026-04-04,2026-08-22,1,6,0,,Half the team stopped logging in after the first month.
C02892,Summit Analytics LLC,Logistics,EMEA,Starter,1,30.83,2024-06-06,2026-02-19,3,4,1,Too expensive,The price per seat is hard to justify for a team our size.
C02893,Oakridge Learning LLC,Healthcare,APAC,Starter,4,115.95,2024-11-12,2026-05-03,4,4,1,Too expensive,Too expensive compared with the alternatives we evaluated.
C02894,Tidewater Networks Inc,Healthcare,NA,Enterprise,81,7556.57,2025-11-07,2026-03-01,1,5,1,Low usage / no longer needed,Honestly we barely used it; it never became part of our workflow. It has been a disappointing year.
C02895,Nimbus Robotics,Logistics,NA,Starter,14,363.15,2024-09-19,2026-01-06,3,5,1,Too expensive,The forecasting module is too simplistic for our use case.
C02896,Lumen Software Ltd,SaaS,NA,Enterprise,217,19075.57,2023-07-28,2026-08-16,5,6,0,,Webhook payloads changed without notice and broke our pipeline.
C02897,Keystone Studio Ltd,Logistics,NA,Starter,9,271.64,2023-11-03,2026-08-11,5,3,0,,The roadmap items we were promised never shipped. We are evaluating alternatives.
C02898,Solstice Logistics,SaaS,NA,Starter,8,244.58,2026-03-15,2026-08-04,3,6,0,,We opened four tickets for the same bug and got four different answers.
C02899,Halcyon Logistics,Healthcare,NA,Starter,9,251.22,2023-03-31,2026-08-29,5,7,0,,Would like more flexible billing for seasonal staff.
C02900,Keystone Systems Inc,Retail,NA,Growth,47,2678.13,2026-03-08,2026-08-17,1,9,0,,The HubSpot sync saved us hours every week.
C02901,Aurora Media,Retail,NA,Enterprise,130,11385.28,2025-05-11,2026-08-27,1,7,0,,"The annual discount helped, monthly pricing feels steep. Happy enough to stay for now."
C02902,Tidewater Supply GmbH,Logistics,APAC,Starter,5,141.22,2024-10-16,2026-05-13,4,2,1,Onboarding too complex,Half the team stopped logging in after the first month. Renewal is unlikely.
C02903,Cascade Labs,SaaS,APAC,Starter,9,272.02,2024-02-08,2026-06-12,3,6,0,,The setup wizard failed twice and we gave up on the advanced features.
C02904,Meridian Software Ltd,Logistics,NA,Starter,4,118.15,2026-01-02,2026-08-28,0,8,0,,We like the dashboards but want more automation. We will see how the next release goes.
C02905,Summit Capital Ltd,Retail,LATAM,Starter,9,243.27,2023-02-11,2026-08-30,2,8,0,,Pricing is fair but the Growth tier is a big jump from Starter.
C02906,Oakridge Software,Education,NA,Growth,32,1796.89,2025-06-26,2026-08-26,4,4,0,,Zapier is the only integration path and it is flaky. We are evaluating alternatives.
C02907,Halcyon Learning,Logistics,NA,Growth,35,1861.51,2023-09-25,2026-06-03,1,7,1,Company downsized,Would prefer usage-based pricing over per-seat. Overall it is fine.
C02908,Silverlake Works GmbH,SaaS,APAC,Starter,12,324.67,2024-03-31,2026-08-29,2,8,0,,The help center is good; live support is average.
C02909,Zenith Learning,Logistics,NA,Starter,10,294.25,2023-03-23,2026-06-11,2,7,0,,"Decent value, though we keep an eye on seat costs. Some room for improvement."
C02910,Ironclad Robotics GmbH,Healthcare,NA,Growth,32,1751.25,2024-12-17,2026-07-09,3,5,0,,We pay for features we never use; the plan tiers make no sense. Would not recommend at this point.
C02911,Evergreen Foods GmbH,Education,NA,Starter,9,275.66,2023-07-08,2026-08-20,1,8,0,,"Setup took longer than expected, mostly on our side."
C02912,Windmill Media LLC,SaaS,EMEA,Starter,8,233.69,2023-05-29,2026-08-26,0,10,0,,It became part of our daily workflow almost immediately.
C02913,Zenith Learning GmbH,Healthcare,EMEA,Growth,36,2036.83,2024-02-24,2026-02-12,1,4,1,Onboarding too complex,The setup wizard failed twice and we gave up on the advanced features. We are evaluating alternatives.
C02914,Frontier Group Co,Education,NA,Starter,6,177.54,2024-09-24,2026-08-26,1,9,0,,The Enterprise plan pays for itself in saved hours.
C02915,Redwood Capital Inc,Retail,NA,Starter,5,150.92,2026-04-20,2026-08-26,5,5,0,,Support tickets sit for days before anyone replies.
C02916,Quantum Media Ltd,SaaS,NA,Starter,10,279.72,2025-11-25,2026-08-22,3,6,0,,We opened four tickets for the same bug and got four different answers.
C02917,Tidewater Partners Co,Fintech,EMEA,Growth,49,2709.98,2024-05-26,2026-08-19,2,5,0,,Reporting is too rigid; we ended up exporting to spreadsheets anyway.
C02918,Nimbus Analytics Co,Media,NA,Starter,8,230.69,2025-01-16,2026-07-23,4,5,1,Budget cuts,"A competitor offered everything we needed at a lower price, so we switched. We are evaluating alternatives."
C02919,Silverlake Networks,SaaS,APAC,Growth,51,2871.54,2025-09-09,2026-08-17,0,6,0,,Webhook payloads changed without notice and broke our pipeline. It has been a disappointing year.
C02920,Granite Works GmbH,Education,EMEA,Growth,54,2993.3,2024-05-02,2026-08-30,2,8,0,,Setup for SSO was fiddly but works now.
C02921,Granite Foods Ltd,Logistics,NA,Growth,23,1323.67,2025-09-06,2026-08-28,1,10,0,,Budget approval was easy because the ROI is obvious. We plan to add more seats next quarter.
C02922,Foxglove Networks,SaaS,EMEA,Growth,32,1732.11,2025-04-26,2026-08-24,3,9,0,,"We were live in two days, which is unheard of for us."
C02923,Foxglove Labs Inc,SaaS,NA,Starter,6,185.47,2025-06-16,2026-02-20,3,4,1,Company downsized,The per-seat model punishes us every time we onboard a contractor.
C02924,Quantum Analytics LLC,Education,NA,Starter,9,243.31,2026-05-31,2026-08-27,0,7,0,,We sync with our warehouse nightly and it mostly works. Overall it is fine.
C02925,Beacon Retail Co,SaaS,NA,Starter,3,89.47,2024-04-25,2026-03-25,4,5,1,Onboarding too complex,We were never shown how to use the reporting module.
C02926,Windmill Health LLC,Healthcare,EMEA,Growth,53,3052.52,2023-03-28,2026-06-23,1,7,0,,Good enough integration options for our stack. Happy enough to stay for now.
C02927,Copperfield Supply,Education,EMEA,Growth,64,3592.99,2024-11-15,2026-08-31,3,6,0,,The support team is friendly but never actually fixes anything.
C02928,Granite Analytics Co,Healthcare,LATAM,Growth,36,2131.05,2024-02-26,2026-07-31,2,5,0,,SSO setup with Okta took three support tickets to get working. Renewal is unlikely.
C02929,Pioneer Software Co,Retail,NA,Starter,10,300.89,2023-03-17,2026-08-17,6,5,0,,Support tickets sit for days before anyone replies.
C02930,Ember Analytics GmbH,Education,NA,Starter,10,294.46,2023-07-18,2026-08-22,1,5,0,,It took weeks to import our data and the docs were out of date.
C02931,Orbit Retail Inc,Healthcare,EMEA,Starter,4,113.83,2024-11-11,2026-08-27,1,7,0,,Costs are acceptable for what we use today.
C02932,Keystone Health GmbH,SaaS,NA,Starter,2,58.93,2026-05-06,2026-08-13,0,9,0,,"Fast, friendly and technically sharp support."
C02933,Halcyon Systems,Healthcare,NA,Enterprise,282,24377.36,2024-03-07,2026-08-25,0,7,0,,"Solid basics, some rough edges in the admin console. Some room for improvement."
C02934,Solstice Supply,Media,LATAM,Starter,8,232.03,2024-11-27,2026-08-13,0,10,0,,Webhooks are reliable and easy to configure.
C02935,Orbit Group GmbH,Education,APAC,Enterprise,101,8246.61,2023-08-15,2026-08-13,0,7,0,,We like the dashboards but want more automation.
C02936,Silverlake Works,Retail,LATAM,Starter,4,110.41,2023-06-15,2026-05-12,5,5,1,Missing features,The roadmap items we were promised never shipped. Would not recommend at this point.
C02937,Stellar Robotics Ltd,Fintech,NA,Growth,34,1879.42,2025-09-25,2026-08-31,1,5,0,,The mobile app crashes whenever we open a large report.
C02938,Granite Learning LLC,SaaS,NA,Starter,14,381.96,2025-02-20,2026-08-29,1,6,0,,The per-seat model punishes us every time we onboard a contractor. Renewal is unlikely.
C02939,Lumen Partners,Fintech,NA,Growth,49,2637.92,2023-08-30,2026-08-18,3,5,0,,The Salesforce integration breaks every other week.
C02940,Aurora Media GmbH,SaaS,LATAM,Starter,2,52.36,2024-09-30,2026-08-11,2,6,0,,The support team is friendly but never actually fixes anything. We are evaluating alternatives.
C02941,Cascade Studio Ltd,Logistics,NA,Growth,74,4195.67,2025-01-10,2026-08-15,3,8,0,,"Good product, waiting on the custom fields feature."
C02942,Solstice Studio,Fintech,NA,Enterprise,58,5586.57,2023-03-17,2026-08-14,0,6,0,,"No audit log, which our compliance team requires. It has been a disappointing year."
C02943,Evergreen Media Co,Manufacturing,NA,Growth,31,1706.34,2024-01-19,2026-08-13,0,6,0,,Response times got noticeably worse over the last quarter. It has been a disappointing year.
C02944,Cascade Labs,SaaS,APAC,Starter,4,124.5,2026-01-08,2026-08-16,3,6,0,,"No native Slack or HubSpot connector, so we had to build our own. Frustrating overall."
C02945,Bluepeak Partners Co,Fintech,APAC,Growth,21,1305.78,2024-04-07,2026-08-27,2,6,0,,Zapier is the only integration path and it is flaky.
C02946,Cobalt Networks,Retail,EMEA,Starter,2,59.11,2025-06-23,2026-08-22,2,7,0,,Pricing is fair but the Growth tier is a big jump from Starter.
C02947,Beacon Software,Fintech,NA,Starter,9,259.82,2025-02-11,2026-08-24,1,8,0,,"Reliable overall, exports could be faster."
C02948,Frontier Labs,Manufacturing,EMEA,Growth,54,2921.57,2023-01-07,2026-07-09,0,6,0,,Support tickets sit for days before anyone replies. Frustrating overall.
C02949,Sable Analytics Co,Logistics,NA,Growth,45,2524.7,2026-04-24,2026-04-25,2,8,1,Switched to competitor,We like the dashboards but want more automation. Some room for improvement.
C02950,Keystone Software GmbH,Media,NA,Starter,7,201.85,2026-05-09,2026-08-24,1,5,0,,The Salesforce integration breaks every other week.
C02951,Vertex Analytics,SaaS,NA,Growth,20,1205.88,2025-05-02,2026-07-12,0,8,0,,It does the job; adoption is growing slowly.
C02952,Meridian Networks,Manufacturing,EMEA,Growth,27,1632.66,2023-07-23,2026-08-22,5,5,0,,We opened four tickets for the same bug and got four different answers. Renewal is unlikely.
C02953,Aurora Studio Co,SaaS,NA,Starter,10,287.34,2025-12-13,2026-04-10,2,4,1,Poor support experience,Support tickets sit for days before anyone replies.
C02954,Atlas Retail Inc,Logistics,LATAM,Starter,13,393.52,2023-01-01,2026-07-15,5,5,0,,Escalations go nowhere; we had to chase our account manager repeatedly.
C02955,Pioneer Dynamics,Retail,EMEA,Growth,37,2011.63,2024-10-12,2026-08-28,5,6,0,,The support team is friendly but never actually fixes anything. Renewal is unlikely.
C02956,Vertex Works Ltd,Fintech,NA,Starter,7,203.17,2024-06-29,2026-08-29,0,10,0,,"Rock solid, we have never seen an outage."
C02957,Pioneer Dynamics Ltd,SaaS,EMEA,Starter,4,111.46,2025-06-09,2026-04-04,5,4,1,Switched to competitor,The forecasting module is too simplistic for our use case.
C02958,Summit Works Co,SaaS,EMEA,Starter,3,86.06,2023-06-29,2026-06-06,4,5,1,Poor support experience,Support tickets sit for days before anyone replies.
C02959,Zenith Logistics GmbH,Fintech,NA,Enterprise,262,23950.6,2026-01-21,2026-08-18,4,5,0,,Data was missing for two days and nobody told us why. It has been a disappointing year.
C02960,Tidewater Supply,Logistics,EMEA,Starter,10,279.56,2024-12-28,2026-08-16,0,8,0,,Feature set is competitive but not best in class. Overall it is fine.
C02961,Copperfield Digital GmbH,Manufacturing,NA,Starter,4,118.03,2023-11-29,2026-06-11,2,7,0,,We are on the fence at renewal because of the price increase. Some room for improvement.
C02962,Windmill Retail,Logistics,NA,Starter,11,313.2,2024-02-02,2026-08-11,1,7,0,,Costs are acceptable for what we use today. Some room for improvement.
C02963,Zenith Logistics,SaaS,EMEA,Starter,11,290.75,2025-05-25,2026-08-15,3,7,0,,Support quality varies a lot depending on who picks up the ticket.
C02964,Mosaic Works LLC,Healthcare,EMEA,Enterprise,205,17636.46,2023-08-25,2026-08-15,0,8,0,,"Solid basics, some rough edges in the admin console."
C02965,Solstice Capital Co,Fintech,NA,Growth,47,2521.52,2024-01-14,2026-08-18,0,6,0,,Exports randomly fail with no error message. Renewal is unlikely.
C02966,Foxglove Networks,Healthcare,NA,Growth,50,2778.51,2026-06-11,2026-06-12,4,6,1,Budget cuts,The Salesforce integration breaks every other week. We are evaluating alternatives.
C02967,Harbor Systems Ltd,Fintech,EMEA,Growth,21,1288.05,2026-01-27,2026-08-14,0,9,0,,Great templates got us started immediately.
C02968,Orbit Logistics,Fintech,NA,Starter,7,204.9,2024-02-29,2026-08-30,1,8,0,,The help center is good; live support is average.
C02969,Nimbus Health Inc,Healthcare,APAC,Growth,23,1374.82,2024-12-09,2026-08-30,1,9,0,,It became part of our daily workflow almost immediately. Would buy again without hesitation.
C02970,Oakridge Studio Ltd,SaaS,EMEA,Enterprise,408,33141.23,2024-06-13,2026-08-12,1,7,0,,"Mostly stable, with the occasional slow dashboard."
C02971,Juniper Supply,Retail,APAC,Growth,47,2651.8,2023-09-14,2026-04-02,10,2,1,Budget cuts,Pricing jumped at renewal and nobody warned us.
C02972,Pioneer Robotics Inc,Education,NA,Growth,19,1112.49,2024-01-11,2026-08-15,1,9,0,,Connected to Snowflake in an afternoon.
C02973,Juniper Digital,SaaS,APAC,Starter,7,186.77,2023-05-18,2026-08-15,2,8,0,,Good enough integration options for our stack.
C02974,Cascade Learning Co,Logistics,NA,Enterprise,137,11910.03,2025-12-03,2026-08-20,1,7,0,,"Fine for simple questions, weaker on technical issues. Overall it is fine."
C02975,Falcon Dynamics Inc,Retail,NA,Starter,12,363.77,2023-11-11,2026-01-30,3,7,1,Company downsized,Costs are acceptable for what we use today.
C02976,Falcon Analytics Inc,Manufacturing,NA,Growth,34,1976.11,2023-09-09,2026-08-24,1,8,0,,We sync with our warehouse nightly and it mostly works. Happy enough to stay for now.
C02977,Bluepeak Systems GmbH,Education,NA,Starter,9,283.66,2025-03-25,2026-07-15,3,4,0,,Exports randomly fail with no error message. Frustrating overall.
C02978,Pioneer Learning,Education,APAC,Growth,36,2036.44,2023-06-12,2026-04-27,0,7,1,Onboarding too complex,We are still ramping up usage across the team.
C02979,Redwood Analytics LLC,Education,EMEA,Enterprise,107,9189.16,2026-05-05,2026-08-20,0,9,0,,Onboarding was smooth and the whole team was productive in a week.
C02980,Mosaic Media,Media,EMEA,Growth,27,1662.55,2026-01-29,2026-02-21,0,10,1,Reliability issues,"We were live in two days, which is unheard of for us."
C02981,Riverbend Software,Healthcare,EMEA,Starter,8,223.77,2024-06-10,2026-08-27,3,6,0,,We opened four tickets for the same bug and got four different answers.
C02982,Ironclad Works,Fintech,EMEA,Growth,51,2611.22,2023-08-22,2026-08-24,0,8,0,,The API works but the docs could be clearer. We will see how the next release goes.
C02983,Silverlake Learning Ltd,SaaS,EMEA,Enterprise,69,6231.62,2023-06-28,2026-08-18,1,8,0,,Reports are a bit slow at month end.
C02984,Brightline Logistics Co,Healthcare,APAC,Growth,15,930.21,2025-12-30,2026-08-23,0,8,0,,Uptime is fine; performance on large filters could improve.
C02985,Sable Systems Ltd,SaaS,EMEA,Enterprise,188,15401.85,2024-07-16,2026-08-23,0,8,0,,"Support is okay, sometimes quick, sometimes slow. Overall it is fine."
C02986,Stellar Capital GmbH,Fintech,EMEA,Enterprise,101,8657.44,2025-01-07,2026-08-16,2,8,0,,It does the job; adoption is growing slowly. Some room for improvement.
C02987,Frontier Media,SaaS,NA,Enterprise,302,25996.08,2023-06-08,2026-08-16,0,9,0,,The mobile app is snappy and dependable. Highly recommended.
C02988,Cobalt Studio GmbH,Healthcare,LATAM,Starter,6,175.7,2025-11-16,2026-08-26,1,7,0,,Pricing is fair but the Growth tier is a big jump from Starter. Happy enough to stay for now.
C02989,Halcyon Studio Ltd,SaaS,NA,Growth,50,2603.29,2024-10-22,2026-08-27,3,5,0,,Zapier is the only integration path and it is flaky. It has been a disappointing year.
C02990,Windmill Networks GmbH,Healthcare,NA,Enterprise,91,8493.22,2023-03-31,2026-08-26,0,6,0,,Dashboards time out constantly when we filter more than a few weeks. Would not recommend at this point.
C02991,Oakridge Works,Manufacturing,APAC,Enterprise,382,31603.26,2023-04-08,2026-08-28,0,7,0,,"Solid basics, some rough edges in the admin console."
C02992,Ember Works,Manufacturing,NA,Starter,6,185.85,2026-05-14,2026-08-28,2,7,0,,We sync with our warehouse nightly and it mostly works.
C02993,Foxglove Networks Ltd,Fintech,NA,Starter,5,151.59,2023-03-14,2026-08-12,0,9,0,,Webhooks are reliable and easy to configure.
C02994,Falcon Dynamics Co,Healthcare,NA,Starter,12,342.62,2024-01-18,2026-04-21,0,10,1,Budget cuts,Costs are acceptable for what we use today. Overall it is fine.
C02995,Summit Analytics Inc,Healthcare,NA,Growth,42,2467.31,2023-01-17,2026-08-20,1,10,0,,The HubSpot sync saved us hours every week. We plan to add more seats next quarter.
C02996,Evergreen Labs Co,Retail,LATAM,Enterprise,217,18511.6,2023-03-16,2026-07-09,2,7,0,,"Setup took longer than expected, mostly on our side. Overall it is fine."
C02997,Bluepeak Supply Ltd,Education,APAC,Growth,35,1792.04,2025-11-03,2026-08-11,1,6,0,,The roadmap items we were promised never shipped.
C02998,Nimbus Labs GmbH,SaaS,EMEA,Starter,8,231.27,2025-09-02,2026-08-20,1,10,0,,Uptime has been perfect for as long as we have used it.
C02999,Aurora Systems,Logistics,LATAM,Starter,9,278.07,2024-02-27,2026-08-26,1,8,0,,"Solid basics, some rough edges in the admin console."
C03000,Beacon Systems Ltd,SaaS,EMEA,Enterprise,270,21975.41,2023-08-16,2026-08-24,1,7,0,,"Decent value, though we keep an eye on seat costs. Happy enough to stay for now."
C03001,Cascade Systems,Manufacturing,APAC,Starter,2,57.84,2023-11-14,2026-08-24,2,8,0,,"Does what it says, nothing spectacular."
C03002,Cobalt Robotics,Healthcare,NA,Starter,10,274.23,2024-03-24,2026-08-20,1,6,0,,Our budget was cut and the platform was the first thing to go.
C03003,Riverbend Partners,Fintech,EMEA,Starter,6,165.64,2025-09-17,2026-08-24,0,10,0,,Easily worth the seat cost given the time saved.
C03004,Ember Logistics,Manufacturing,NA,Growth,57,3023.22,2025-01-28,2026-08-31,1,7,0,,The API works but the docs could be clearer. Overall it is fine.
C03005,Juniper Foods,SaaS,NA,Growth,22,1234.27,2024-07-20,2026-08-26,1,7,0,,"Support is okay, sometimes quick, sometimes slow. We will see how the next release goes."
C03006,Halcyon Retail,Manufacturing,EMEA,Starter,9,254.55,2023-03-29,2026-08-13,3,7,0,,The help center is good; live support is average. Happy enough to stay for now.
C03007,Summit Digital,Healthcare,NA,Starter,2,62.03,2023-05-28,2026-01-06,4,5,1,Reliability issues,Data was missing for two days and nobody told us why. It has been a disappointing year.
C03008,Juniper Analytics,SaaS,EMEA,Enterprise,109,9159.12,2023-09-15,2026-08-04,2,6,0,,Exports randomly fail with no error message. Frustrating overall.
C03009,Evergreen Dynamics,SaaS,EMEA,Starter,11,329.02,2023-09-28,2026-08-15,4,7,0,,"Support is okay, sometimes quick, sometimes slow."
C03010,Solstice Group Ltd,Manufacturing,NA,Starter,8,242.13,2024-09-16,2026-07-18,4,7,0,,Tickets get resolved eventually but it takes follow-ups.
C03011,Summit Media,Fintech,NA,Starter,6,166.29,2026-01-05,2026-08-25,0,10,0,,Connected to Snowflake in an afternoon.
C03012,Foxglove Systems Ltd,Media,EMEA,Starter,5,140.18,2024-06-22,2026-04-06,2,7,1,Onboarding too complex,Onboarding was fine but could use more templates.
C03013,Northwind Robotics Inc,Manufacturing,APAC,Growth,51,2884.09,2024-02-24,2026-08-14,4,3,0,,No phone support and email replies take forever.
C03014,Riverbend Foods,Education,NA,Growth,22,1265.07,2024-12-12,2026-07-09,1,7,0,,Would prefer usage-based pricing over per-seat. Some room for improvement.
C03015,Ironclad Systems,Fintech,LATAM,Starter,5,149.06,2023-04-07,2026-08-12,1,5,0,,The price per seat is hard to justify for a team our size.
C03016,Stellar Labs GmbH,Education,APAC,Enterprise,97,9529.98,2025-07-18,2026-08-24,0,9,0,,"Great value for the price, especially on the annual plan. Highly recommended."
C03017,Vertex Systems Co,Logistics,EMEA,Starter,5,136.56,2023-03-12,2026-08-17,4,8,0,,"One outage this quarter, communicated well."
C03018,Bluepeak Networks,SaaS,NA,Enterprise,164,13603.56,2024-03-26,2026-08-22,2,8,0,,Would love a two-way calendar sync.
C03019,Pioneer Foods Ltd,Fintech,EMEA,Starter,3,86.31,2026-04-30,2026-08-14,2,5,0,,Response times got noticeably worse over the last quarter.
C03020,Solstice Media GmbH,Fintech,APAC,Starter,6,170.34,2024-05-31,2026-08-13,0,6,0,,Missing basic features like bulk edit and custom roles.
C03021,Foxglove Supply,Retail,NA,Enterprise,210,17241.75,2025-08-12,2026-03-07,6,4,1,Onboarding too complex,Adoption stalled because the learning curve is steep.
C03022,Harbor Digital,Manufacturing,LATAM,Enterprise,228,18808.52,2023-12-14,2026-08-11,3,5,0,,Exports randomly fail with no error message. Would not recommend at this point.
C03023,Evergreen Studio,Retail,APAC,Growth,74,4057.9,2025-12-23,2026-08-26,3,5,0,,Response times got noticeably worse over the last quarter.
C03024,Lumen Capital,Healthcare,EMEA,Growth,14,831.45,2024-03-09,2026-02-16,3,4,1,Low usage / no longer needed,Half the team stopped logging in after the first month. Would not recommend at this point.
C03025,Juniper Group,Fintech,EMEA,Growth,37,2107.61,2023-10-18,2026-08-27,0,10,0,,The platform is fast and stable; no complaints. Keep up the great work.
C03026,Cobalt Health,SaaS,EMEA,Growth,21,1237.76,2023-03-07,2026-06-21,1,8,0,,"Reliable overall, exports could be faster."
C03027,Summit Robotics Inc,Fintech,APAC,Starter,6,181.78,2024-01-27,2026-08-15,1,9,0,,The mobile app is snappy and dependable.
C03028,Halcyon Learning,Media,APAC,Growth,30,1728.1,2025-01-10,2026-08-20,3,6,0,,We had three outages in one month during peak hours. It has been a disappointing year.
C03029,Zenith Group,Healthcare,NA,Growth,20,1123.3,2023-03-22,2026-08-15,2,4,0,,We outgrew the product; it is fine for small teams but not for us. It has been a disappointing year.
C03030,Copperfield Works,Retail,NA,Growth,22,1282.18,2023-08-09,2026-05-10,4,5,1,Onboarding too complex,It took weeks to import our data and the docs were out of date.
C03031,Keystone Group,Manufacturing,NA,Enterprise,158,13541.67,2024-03-18,2026-08-23,3,5,0,,The support team is friendly but never actually fixes anything.
C03032,Stellar Foods,SaaS,APAC,Growth,16,976.49,2025-07-02,2026-06-24,3,6,1,Switched to competitor,Reporting is too rigid; we ended up exporting to spreadsheets anyway.
C03033,Stellar Group Co,Fintech,NA,Starter,5,153.47,2025-01-31,2026-08-18,6,4,0,,"A competitor offered everything we needed at a lower price, so we switched."
C03034,Quantum Software Inc,Fintech,APAC,Starter,8,234.69,2023-02-23,2026-08-21,0,9,0,,Fair pricing and no surprise fees. Would buy again without hesitation.
C03035,Beacon Media,Logistics,EMEA,Enterprise,143,12395.91,2023-02-16,2026-08-21,3,5,0,,We opened four tickets for the same bug and got four different answers. Would not recommend at this point.
C03036,Oakridge Logistics Inc,Education,NA,Starter,6,183.53,2023-03-18,2026-08-22,5,3,0,,Data was missing for two days and nobody told us why. It has been a disappointing year.
C03037,Solstice Software Ltd,Healthcare,APAC,Enterprise,443,36116.49,2024-02-26,2026-08-28,0,10,0,,Pricing is transparent and scales sensibly with our team. We plan to add more seats next quarter.
C03038,Harbor Networks Inc,SaaS,EMEA,Starter,3,86.27,2023-12-30,2026-08-24,1,8,0,,"Does what it says, nothing spectacular."
C03039,Summit Learning Ltd,SaaS,NA,Starter,10,322.14,2023-05-30,2026-02-16,4,4,1,Poor support experience,Half the team stopped logging in after the first month.
C03040,Ironclad Dynamics,Healthcare,NA,Growth,11,671.23,2024-07-13,2026-05-11,5,5,1,Reliability issues,Performance degraded badly as our dataset grew.
C03041,Windmill Dynamics,Retail,NA,Starter,6,177.55,2025-01-24,2026-08-17,1,9,0,,"We were live in two days, which is unheard of for us. Keep up the great work."
C03042,Foxglove Capital Ltd,Logistics,NA,Enterprise,143,12463.62,2025-06-04,2026-08-18,0,7,0,,Useful tool; the roadmap looks promising.
C03043,Frontier Networks Inc,Manufacturing,NA,Starter,8,219.6,2026-06-24,2026-08-25,2,9,0,,The HubSpot sync saved us hours every week.
C03044,Foxglove Studio Co,Retail,EMEA,Growth,46,2458.72,2025-06-02,2026-08-11,1,7,0,,"One outage this quarter, communicated well."
C03045,Evergreen Learning Ltd,Manufacturing,NA,Growth,32,1684.74,2026-06-11,2026-07-30,1,10,0,,The HubSpot sync saved us hours every week. Highly recommended.
C03046,Halcyon Logistics Ltd,Logistics,NA,Enterprise,111,9497.05,2026-05-27,2026-08-19,0,7,0,,Costs are acceptable for what we use today.
C03047,Northwind Partners,Retail,NA,Starter,12,342.86,2025-12-16,2026-08-18,1,8,0,,Uptime is fine; performance on large filters could improve.
C03048,Nimbus Group Inc,Education,NA,Starter,9,262.0,2024-03-24,2026-08-12,2,5,0,,No phone support and email replies take forever. It has been a disappointing year.
C03049,Silverlake Retail GmbH,Logistics,LATAM,Growth,15,873.99,2023-02-25,2026-08-31,4,4,0,,Chat support only sends links to docs we have already read. We are evaluating alternatives.
C03050,Riverbend Labs Inc,Fintech,NA,Enterprise,165,12981.46,2023-03-17,2026-04-28,1,2,1,Onboarding too complex,Our budget was cut and the platform was the first thing to go.
C03051,Beacon Partners Co,Media,NA,Enterprise,151,13156.45,2026-01-15,2026-08-22,0,8,0,,Would like faster responses on weekends. Happy enough to stay for now.
C03052,Crescent Capital Co,SaaS,EMEA,Enterprise,182,14235.76,2026-01-03,2026-08-31,0,8,0,,Good enough integration options for our stack.
C03053,Atlas Supply Co,Education,APAC,Growth,64,3409.47,2024-01-30,2026-08-24,2,6,0,,Chat support only sends links to docs we have already read. We are evaluating alternatives.
C03054,Harbor Partners GmbH,Manufacturing,APAC,Growth,43,2235.26,2025-07-21,2026-08-31,1,8,0,,We are still ramping up usage across the team.
C03055,Ironclad Retail LLC,Healthcare,APAC,Enterprise,244,19810.07,2024-08-02,2026-08-19,2,9,0,,The Salesforce and Slack integrations work flawlessly.
C03056,Bluepeak Partners,Retail,LATAM,Enterprise,237,20104.58,2023-03-28,2026-07-20,1,7,0,,Uptime is fine; performance on large filters could improve.
C03057,Orbit Labs,Healthcare,EMEA,Growth,25,1547.87,2025-04-14,2026-02-11,4,5,1,Poor support experience,No phone support and email replies take forever. We are evaluating alternatives.
C03058,Crescent Group,SaaS,LATAM,Growth,32,1646.21,2023-04-17,2026-08-19,0,6,0,,Escalations go nowhere; we had to chase our account manager repeatedly. We are evaluating alternatives.
C03059,Harbor Labs Ltd,SaaS,NA,Enterprise,270,22214.1,2023-06-16,2026-08-30,4,3,0,,Response times got noticeably worse over the last quarter. It has been a disappointing year.
C03060,Solstice Digital Ltd,Fintech,APAC,Starter,7,188.8,2024-08-31,2026-05-10,3,5,1,Onboarding too complex,SSO setup with Okta took three support tickets to get working.
C03061,Tidewater Capital,Healthcare,APAC,Starter,7,198.08,2023-03-31,2026-08-26,3,8,0,,Useful tool; the roadmap looks promising. Happy enough to stay for now.
C03062,Crescent Systems,Retail,APAC,Enterprise,116,9789.47,2024-03-11,2026-08-22,0,7,0,,"Does what it says, nothing spectacular."
C03063,Mosaic Analytics LLC,Fintech,EMEA,Growth,34,1922.82,2025-08-18,2026-08-14,3,6,0,,Chat support only sends links to docs we have already read. Renewal is unlikely.
C03064,Orbit Logistics,Media,APAC,Starter,10,265.42,2025-01-30,2026-08-22,1,7,0,,We are on the fence at renewal because of the price increase.
C03065,Vertex Labs Ltd,Retail,NA,Growth,38,2130.98,2023-03-12,2026-08-28,0,10,0,,Reliable exports and fast reports every time.
C03066,Crescent Media Ltd,Retail,EMEA,Growth,56,2953.17,2023-10-07,2026-07-30,4,5,0,,The support team is friendly but never actually fixes anything.
C03067,Orbit Media Ltd,Retail,NA,Enterprise,81,7094.87,2026-06-21,2026-08-29,3,8,0,,The tutorials are helpful; the data import could be smoother.
C03068,Solstice Digital,SaaS,EMEA,Growth,39,2145.71,2026-05-09,2026-05-10,4,6,1,Poor support experience,Support tickets sit for days before anyone replies. Would not recommend at this point.
C03069,Solstice Partners Inc,Manufacturing,EMEA,Starter,10,297.27,2026-03-18,2026-06-16,3,7,0,,Tickets get resolved eventually but it takes follow-ups.
C03070,Riverbend Supply GmbH,Retail,NA,Starter,4,115.53,2024-10-15,2026-08-25,0,9,0,,Best customer success team we have worked with. Keep up the great work.
C03071,Nimbus Works Ltd,SaaS,NA,Starter,7,194.12,2024-07-03,2026-08-21,0,9,0,,Powerful yet simple; it grows with us. Keep up the great work.
C03072,Windmill Supply Co,Logistics,NA,Enterprise,309,25897.32,2025-08-15,2026-08-20,0,8,0,,Documentation is solid but a guided setup call would have helped.
C03073,Frontier Digital GmbH,Manufacturing,EMEA,Starter,10,281.59,2026-05-05,2026-08-14,3,4,0,,No phone support and email replies take forever.
C03074,Sable Foods Ltd,Education,EMEA,Growth,71,3989.9,2023-06-10,2026-08-13,1,9,0,,Plays nicely with every tool in our stack.
C03075,Nimbus Software Ltd,Media,EMEA,Growth,46,2632.59,2026-02-16,2026-02-17,1,9,1,Missing features,"Does what it says, nothing spectacular."
C03076,Quantum Robotics,Media,NA,Growth,73,4167.57,2025-02-26,2026-08-13,2,9,0,,The API is clean and well documented; we automated everything.
C03077,Atlas Retail LLC,Fintech,APAC,Growth,37,2028.59,2023-06-29,2026-02-13,1,6,1,Switched to competitor,Reporting is too rigid; we ended up exporting to spreadsheets anyway. It has been a disappointing year.
C03078,Zenith Learning Co,Healthcare,EMEA,Growth,43,2465.36,2026-01-08,2026-06-13,1,6,1,Onboarding too complex,Half the team stopped logging in after the first month. Frustrating overall.
C03079,Redwood Capital GmbH,Healthcare,NA,Growth,47,2473.57,2023-02-11,2026-08-20,5,5,0,,The support team is friendly but never actually fixes anything. Renewal is unlikely.
C03080,Oakridge Retail,Fintech,NA,Starter,9,279.61,2023-01-30,2026-08-28,3,2,0,,The support team is friendly but never actually fixes anything.
C03081,Bluepeak Analytics,Fintech,EMEA,Starter,3,83.43,2024-04-14,2026-08-24,6,4,0,,Webhook payloads changed without notice and broke our pipeline. Would not recommend at this point.
C03082,Bluepeak Software Co,SaaS,NA,Growth,48,2419.89,2024-11-20,2026-08-29,2,6,0,,The per-seat model punishes us every time we onboard a contractor. Renewal is unlikely.
C03083,Frontier Systems,Education,NA,Starter,6,183.5,2024-06-29,2026-08-16,0,7,0,,It does the job; adoption is growing slowly. We will see how the next release goes.
C03084,Ember Digital GmbH,Manufacturing,NA,Growth,13,745.21,2023-11-11,2026-01-28,1,8,1,Onboarding too complex,"Most of the team uses it weekly, a few power users daily."
C03085,Orbit Health,Manufacturing,NA,Starter,6,174.81,2025-04-18,2026-01-31,8,5,1,Too expensive,The per-seat model punishes us every time we onboard a contractor. Would not recommend at this point.
C03086,Vertex Studio,Fintech,NA,Enterprise,130,10488.44,2024-09-02,2026-03-17,4,2,1,Switched to competitor,"No audit log, which our compliance team requires. Frustrating overall."
C03087,Riverbend Learning GmbH,SaaS,NA,Starter,4,126.97,2023-06-02,2026-08-28,1,6,0,,Support tickets sit for days before anyone replies.
C03088,Meridian Foods,Retail,APAC,Growth,19,1202.69,2025-11-07,2026-02-22,5,4,1,Poor support experience,It took weeks to import our data and the docs were out of date.
C03089,Ember Logistics GmbH,Healthcare,EMEA,Starter,8,246.35,2024-01-30,2026-08-21,2,6,0,,Onboarding was confusing and we never really got set up properly.
C03090,Evergreen Group Ltd,Logistics,NA,Growth,23,1361.8,2025-05-30,2026-08-28,1,6,0,,Reporting is too rigid; we ended up exporting to spreadsheets anyway. We are evaluating alternatives.
C03091,Pioneer Health GmbH,Media,EMEA,Starter,6,180.83,2024-03-23,2026-08-23,0,10,0,,Cheaper than what we replaced and far more capable. Keep up the great work.
C03092,Mosaic Learning,Logistics,EMEA,Growth,25,1471.87,2025-08-20,2026-08-27,3,7,0,,Pricing is fair but the Growth tier is a big jump from Starter. Happy enough to stay for now.
C03093,Nimbus Networks Inc,Media,NA,Starter,5,151.51,2023-12-26,2026-06-26,2,5,0,,Response times got noticeably worse over the last quarter.
C03094,Beacon Retail,Logistics,NA,Growth,60,3238.13,2023-09-28,2026-08-24,1,6,0,,Adoption stalled because the learning curve is steep.
C03095,Riverbend Systems,Retail,NA,Growth,46,2684.01,2023-04-05,2026-01-14,6,2,1,Company downsized,We pay for features we never use; the plan tiers make no sense. Renewal is unlikely.
C03096,Sable Works LLC,SaaS,EMEA,Enterprise,154,12720.2,2025-11-28,2026-08-31,1,7,0,,Would prefer usage-based pricing over per-seat.
C03097,Quantum Learning LLC,SaaS,EMEA,Growth,20,1163.61,2025-07-09,2026-08-11,7,3,0,,Dashboards time out constantly when we filter more than a few weeks. Renewal is unlikely.
C03098,Summit Logistics,Retail,NA,Growth,31,1669.23,2025-02-22,2026-08-26,3,4,0,,Escalations go nowhere; we had to chase our account manager repeatedly. Would not recommend at this point.
C03099,Lumen Dynamics GmbH,Fintech,EMEA,Enterprise,192,16281.18,2025-02-14,2026-08-14,0,7,0,,Uptime is fine; performance on large filters could improve.
C03100,Zenith Capital GmbH,SaaS,LATAM,Starter,5,142.75,2023-03-30,2026-07-19,4,6,0,,Data was missing for two days and nobody told us why. Renewal is unlikely.
C03101,Brightline Analytics LLC,Logistics,NA,Growth,24,1443.6,2024-06-09,2026-08-17,0,7,0,,The API works but the docs could be clearer.
C03102,Silverlake Dynamics GmbH,SaaS,EMEA,Starter,10,284.42,2026-01-05,2026-08-20,4,7,0,,The mobile app lags behind the web app. We will see how the next release goes.
C03103,Harbor Works LLC,Logistics,EMEA,Growth,53,3000.1,2024-01-05,2026-07-20,4,5,0,,The price per seat is hard to justify for a team our size.
C03104,Beacon Labs,Manufacturing,EMEA,Starter,10,307.61,2023-03-13,2026-01-09,3,5,1,Integration gaps,Zapier is the only integration path and it is flaky. It has been a disappointing year.
C03105,Riverbend Works,Education,EMEA,Starter,10,290.9,2025-12-07,2026-01-07,2,6,1,Low usage / no longer needed,Escalations go nowhere; we had to chase our account manager repeatedly.
C03106,Silverlake Robotics GmbH,Education,EMEA,Growth,61,3644.07,2023-02-06,2026-08-23,4,5,0,,Webhook payloads changed without notice and broke our pipeline. We are evaluating alternatives.
C03107,Zenith Software Co,Fintech,NA,Growth,21,1294.88,2025-05-28,2026-08-29,0,6,0,,Overage charges were a nasty surprise on the invoice. It has been a disappointing year.
C03108,Evergreen Media Inc,Education,NA,Starter,11,346.28,2025-11-29,2026-08-20,3,6,0,,"No audit log, which our compliance team requires. Renewal is unlikely."
C03109,Cascade Retail Inc,SaaS,APAC,Growth,31,1696.81,2025-08-09,2026-06-09,0,8,0,,"Setup took longer than expected, mostly on our side."
C03110,Stellar Networks Inc,Logistics,NA,Enterprise,277,21760.44,2023-01-17,2026-06-05,1,10,0,,Feature releases ship every month and they listen to feedback.
C03111,Pioneer Dynamics,Fintech,LATAM,Starter,12,338.17,2026-02-17,2026-07-16,3,5,1,Budget cuts,Overage charges were a nasty surprise on the invoice. Would not recommend at this point.
C03112,Quantum Group Inc,Fintech,NA,Starter,6,169.8,2023-04-23,2026-07-17,5,4,0,,Data was missing for two days and nobody told us why. Frustrating overall.
C03113,Aurora Foods,Education,EMEA,Enterprise,118,9551.17,2025-12-22,2026-07-19,2,5,1,Low usage / no longer needed,Half the team stopped logging in after the first month. Renewal is unlikely.
C03114,Summit Partners Ltd,Education,EMEA,Enterprise,369,28323.92,2023-01-22,2026-08-19,4,5,0,,Chat support only sends links to docs we have already read.
C03115,Halcyon Labs,Retail,NA,Starter,3,90.57,2024-09-18,2026-07-22,1,5,0,,Webhook payloads changed without notice and broke our pipeline. Frustrating overall.
C03116,Juniper Systems,Healthcare,APAC,Growth,66,3351.98,2026-01-28,2026-03-23,3,7,1,Onboarding too complex,Documentation is solid but a guided setup call would have helped. Happy enough to stay for now.
C03117,Tidewater Group,SaaS,NA,Starter,9,270.7,2023-12-02,2026-08-24,1,9,0,,Custom roles and audit logs made our compliance team happy. Highly recommended.
C03118,Windmill Learning LLC,Education,EMEA,Enterprise,156,14275.02,2023-02-27,2026-08-25,0,6,0,,We pay for features we never use; the plan tiers make no sense. Renewal is unlikely.
C03119,Falcon Media Co,Fintech,EMEA,Starter,7,196.68,2023-04-24,2026-08-16,5,7,0,,Onboarding was fine but could use more templates. Overall it is fine.
C03120,Meridian Learning,Fintech,APAC,Starter,5,147.25,2024-04-20,2026-08-11,3,5,0,,Honestly we barely used it; it never became part of our workflow. Would not recommend at this point.
C03121,Beacon Group Inc,SaaS,EMEA,Starter,13,370.99,2024-04-04,2026-07-07,4,6,0,,Support tickets sit for days before anyone replies.
C03122,Orbit Networks,Fintech,LATAM,Growth,42,2380.78,2023-10-04,2026-08-17,0,6,0,,SSO setup with Okta took three support tickets to get working. It has been a disappointing year.
C03123,Frontier Dynamics Ltd,Fintech,APAC,Starter,5,138.07,2024-08-06,2026-08-27,0,9,0,,Reliable exports and fast reports every time. Highly recommended.
C03124,Copperfield Analytics Co,Retail,NA,Growth,57,3111.1,2024-03-11,2026-08-17,1,9,0,,The reporting and forecasting features are exactly what we needed. Keep up the great work.
C03125,Oakridge Digital Ltd,SaaS,APAC,Growth,28,1726.09,2025-01-23,2026-08-26,1,8,0,,We like the dashboards but want more automation. We will see how the next release goes.
C03126,Cascade Foods Ltd,SaaS,LATAM,Growth,23,1354.35,2024-01-06,2026-08-15,0,7,0,,"Our account manager is responsive, tier-1 support less so."
C03127,Orbit Capital,Healthcare,NA,Enterprise,445,35007.28,2024-02-06,2026-08-17,0,7,0,,The mobile app lags behind the web app.
C03128,Keystone Capital,SaaS,EMEA,Starter,11,334.84,2026-02-06,2026-08-31,1,8,0,,Onboarding was fine but could use more templates.
C03129,Zenith Supply GmbH,Education,NA,Starter,7,192.48,2025-09-28,2026-08-16,6,7,0,,"Fine for simple questions, weaker on technical issues. We will see how the next release goes."
C03130,Evergreen Media,Logistics,EMEA,Starter,2,58.18,2025-09-07,2026-08-29,0,10,0,,Webhooks are reliable and easy to configure.
C03131,Halcyon Robotics,Retail,NA,Growth,44,2470.55,2024-04-29,2026-06-01,3,9,1,Reliability issues,Dashboards load instantly even on huge datasets. Highly recommended.
C03132,Summit Software Co,Media,EMEA,Starter,10,291.39,2026-02-03,2026-08-19,1,6,0,,The per-seat model punishes us every time we onboard a contractor. It has been a disappointing year.
C03133,Riverbend Media,SaaS,NA,Growth,20,1299.77,2024-03-11,2026-08-19,0,10,0,,The API is clean and well documented; we automated everything.
C03134,Evergreen Logistics LLC,SaaS,EMEA,Growth,54,3049.95,2025-07-07,2026-04-29,4,6,1,Company downsized,Performance degraded badly as our dataset grew.
C03135,Pioneer Media Ltd,Education,NA,Growth,48,2612.44,2025-08-16,2026-07-09,3,6,0,,We outgrew the product; it is fine for small teams but not for us. Would not recommend at this point.
C03136,Orbit Analytics,Manufacturing,EMEA,Growth,26,1570.98,2024-02-26,2026-08-13,0,8,0,,We are still ramping up usage across the team.
C03137,Zenith Partners,Media,EMEA,Starter,9,263.19,2025-02-24,2026-08-18,2,7,0,,The tutorials are helpful; the data import could be smoother.
C03138,Cobalt Partners,SaaS,EMEA,Starter,8,232.41,2023-08-26,2026-08-20,3,5,0,,Adoption stalled because the learning curve is steep.
C03139,Nimbus Learning LLC,Manufacturing,NA,Growth,34,1883.77,2024-05-05,2026-08-16,1,8,0,,Reports are a bit slow at month end. Happy enough to stay for now.
C03140,Copperfield Learning LLC,Retail,NA,Starter,7,199.48,2024-11-06,2026-02-11,9,2,1,Too expensive,Overage charges were a nasty surprise on the invoice. We are evaluating alternatives.
C03141,Pioneer Networks,Fintech,NA,Growth,51,2822.2,2025-04-29,2026-06-22,2,6,0,,Performance degraded badly as our dataset grew. Would not recommend at this point.
C03142,Meridian Studio Ltd,SaaS,LATAM,Enterprise,147,12119.93,2024-03-31,2026-08-21,3,5,0,,We had three outages in one month during peak hours. Renewal is unlikely.
C03143,Vertex Digital,Logistics,NA,Starter,4,107.2,2025-06-27,2026-07-28,2,9,1,Too expensive,The Enterprise plan pays for itself in saved hours.
C03144,Keystone Group,SaaS,EMEA,Starter,4,121.29,2025-03-31,2026-08-25,6,4,0,,"No audit log, which our compliance team requires."
C03145,Granite Partners Co,Manufacturing,NA,Starter,2,56.69,2026-01-07,2026-08-14,2,9,0,,"We were live in two days, which is unheard of for us."
C03146,Keystone Supply,Healthcare,EMEA,Starter,4,116.66,2023-02-19,2026-08-17,1,9,0,,Connected to Snowflake in an afternoon.
C03147,Ember Learning Inc,Manufacturing,NA,Enterprise,281,22926.91,2024-10-17,2026-08-12,0,8,0,,Would like more flexible billing for seasonal staff.
C03148,Atlas Learning Co,Education,EMEA,Enterprise,170,13887.64,2025-06-28,2026-08-19,1,8,0,,Documentation is solid but a guided setup call would have helped.
C03149,Copperfield Supply Inc,Media,NA,Starter,5,138.97,2024-06-22,2026-08-30,1,5,0,,We could not connect it to our data warehouse without a consultant. Would not recommend at this point.
C03150,Ironclad Dynamics,SaaS,NA,Enterprise,331,28910.19,2024-01-18,2026-06-10,2,8,0,,Covers our core needs; advanced reporting is limited. We will see how the next release goes.
C03151,Cascade Networks,SaaS,NA,Starter,7,212.66,2025-01-12,2026-08-25,3,6,0,,Data was missing for two days and nobody told us why.
C03152,Ember Robotics Co,Healthcare,NA,Enterprise,193,16257.8,2024-08-12,2026-08-24,3,2,0,,The support team is friendly but never actually fixes anything.
C03153,Brightline Digital GmbH,Fintech,EMEA,Enterprise,350,28820.26,2024-07-02,2026-08-11,3,5,0,,Performance degraded badly as our dataset grew. It has been a disappointing year.
C03154,Summit Group,SaaS,LATAM,Starter,3,81.11,2026-06-02,2026-08-17,0,7,0,,The API works but the docs could be clearer.
C03155,Cobalt Studio Co,SaaS,EMEA,Growth,64,3623.41,2024-06-23,2026-08-13,0,8,0,,Support quality varies a lot depending on who picks up the ticket.
C03156,Windmill Group,Fintech,APAC,Growth,28,1607.29,2023-10-03,2026-08-12,1,5,0,,We were never shown how to use the reporting module.
C03157,Ironclad Digital,SaaS,EMEA,Starter,7,193.93,2023-01-22,2026-06-19,1,6,1,Onboarding too complex,Adoption stalled because the learning curve is steep.
C03158,Redwood Analytics Co,SaaS,NA,Starter,4,116.14,2023-05-31,2026-08-23,1,7,0,,The API works but the docs could be clearer.
C03159,Keystone Labs GmbH,Logistics,NA,Growth,50,2706.83,2024-11-16,2026-08-21,1,7,0,,"Solid basics, some rough edges in the admin console."
C03160,Northwind Studio Co,Fintech,NA,Starter,4,108.96,2023-09-25,2026-08-16,1,9,0,,Excellent documentation and training videos.
C03161,Ironclad Health,Logistics,NA,Starter,12,328.78,2023-05-20,2026-08-16,2,5,0,,Frequent logouts and stale sessions made it unusable for the field team. Renewal is unlikely.
C03162,Sable Media,Logistics,APAC,Starter,14,411.47,2024-03-24,2026-08-23,3,6,0,,It took weeks to import our data and the docs were out of date. Renewal is unlikely.
C03163,Cobalt Works,SaaS,EMEA,Growth,22,1263.96,2023-11-03,2026-08-29,1,6,0,,We could not connect it to our data warehouse without a consultant.
C03164,Tidewater Networks Co,Education,EMEA,Starter,10,295.92,2024-11-15,2026-08-24,4,6,0,,It took weeks to import our data and the docs were out of date.
C03165,Frontier Capital Co,Healthcare,EMEA,Growth,60,3311.5,2023-03-13,2026-08-22,0,8,0,,Pricing is fair but the Growth tier is a big jump from Starter.
C03166,Keystone Group Ltd,Education,NA,Starter,3,90.65,2026-06-04,2026-06-05,7,3,1,Onboarding too complex,Honestly we barely used it; it never became part of our workflow.
C03167,Pioneer Supply,SaaS,EMEA,Starter,9,252.31,2026-03-08,2026-08-19,2,7,0,,Documentation is solid but a guided setup call would have helped. Happy enough to stay for now.
C03168,Silverlake Foods,SaaS,NA,Growth,44,2436.75,2026-01-14,2026-03-07,2,5,1,Reliability issues,Exports randomly fail with no error message.
C03169,Stellar Analytics LLC,SaaS,NA,Starter,4,118.96,2023-08-07,2026-08-17,5,6,0,,The mobile app crashes whenever we open a large report.
C03170,Aurora Labs LLC,Healthcare,NA,Growth,20,1150.44,2025-07-01,2026-07-11,0,8,0,,"Support is okay, sometimes quick, sometimes slow."
C03171,Ember Retail,Logistics,NA,Starter,7,212.15,2023-01-18,2026-08-15,0,7,0,,The API works but the docs could be clearer. Happy enough to stay for now.
C03172,Windmill Labs,Education,EMEA,Growth,47,2407.0,2025-07-08,2026-08-22,2,7,0,,"One outage this quarter, communicated well. We will see how the next release goes."
C03173,Vertex Health,Education,NA,Starter,11,308.37,2025-10-14,2026-08-24,1,10,0,,Best customer success team we have worked with.
C03174,Ember Robotics GmbH,Logistics,NA,Enterprise,293,22975.71,2023-12-29,2026-01-11,2,4,1,Low usage / no longer needed,We had three outages in one month during peak hours. We are evaluating alternatives.
C03175,Foxglove Studio Ltd,Education,APAC,Starter,5,140.73,2024-08-14,2026-03-17,3,8,1,Switched to competitor,"Does what it says, nothing spectacular. Overall it is fine."
C03176,Summit Labs Co,SaaS,LATAM,Enterprise,231,19318.45,2026-03-30,2026-08-18,4,5,0,,Dashboards time out constantly when we filter more than a few weeks. Renewal is unlikely.
C03177,Quantum Dynamics Ltd,Media,EMEA,Starter,12,359.57,2023-09-10,2026-08-30,1,8,0,,Reports are a bit slow at month end.
C03178,Brightline Capital,Retail,EMEA,Starter,8,230.56,2024-11-19,2026-08-24,4,7,0,,Would prefer usage-based pricing over per-seat.
C03179,Solstice Partners Ltd,SaaS,APAC,Growth,46,2463.91,2024-01-23,2026-08-23,0,7,0,,Support quality varies a lot depending on who picks up the ticket.
C03180,Foxglove Dynamics Inc,Retail,NA,Starter,5,136.01,2023-07-27,2026-08-29,2,8,0,,Reports are a bit slow at month end.
C03181,Brightline Supply GmbH,Logistics,NA,Starter,3,82.77,2025-05-19,2026-08-15,0,8,0,,The tutorials are helpful; the data import could be smoother.
C03182,Windmill Partners,Fintech,NA,Growth,47,2610.89,2026-04-27,2026-07-12,1,4,0,,The forecasting module is too simplistic for our use case.
C03183,Northwind Group Inc,Retail,NA,Growth,28,1710.25,2024-12-22,2026-08-27,2,7,0,,Covers our core needs; advanced reporting is limited.
C03184,Pioneer Dynamics Co,SaaS,LATAM,Growth,47,2535.64,2024-10-08,2026-08-17,1,8,0,,"The Slack integration is handy, the HubSpot one is limited."
C03185,Mosaic Capital Inc,SaaS,APAC,Enterprise,138,12175.23,2024-11-12,2026-08-20,2,5,0,,Half the team stopped logging in after the first month.
C03186,Cobalt Capital Inc,SaaS,LATAM,Growth,53,2797.61,2023-07-18,2026-03-17,1,3,1,Low usage / no longer needed,Exports randomly fail with no error message. It has been a disappointing year.
C03187,Solstice Software Inc,Education,EMEA,Starter,10,285.47,2023-09-14,2026-08-19,2,6,0,,Onboarding was confusing and we never really got set up properly.
C03188,Halcyon Capital Co,Media,EMEA,Growth,28,1631.77,2025-07-27,2026-06-18,0,7,0,,"Fine for simple questions, weaker on technical issues."
C03189,Evergreen Health,SaaS,APAC,Starter,6,184.64,2025-01-17,2026-06-09,6,4,1,Reliability issues,Dashboards time out constantly when we filter more than a few weeks. It has been a disappointing year.
C03190,Foxglove Dynamics GmbH,Fintech,EMEA,Starter,3,87.47,2023-10-26,2026-08-14,2,6,0,,SSO setup with Okta took three support tickets to get working.
C03191,Pioneer Partners Ltd,SaaS,EMEA,Starter,3,80.74,2023-01-25,2026-08-16,2,4,0,,Response times got noticeably worse over the last quarter. Frustrating overall.
C03192,Atlas Labs,SaaS,NA,Starter,13,391.35,2023-08-28,2026-08-20,3,8,0,,"The Slack integration is handy, the HubSpot one is limited. We will see how the next release goes."
C03193,Northwind Robotics,Healthcare,EMEA,Starter,4,124.57,2024-10-06,2026-08-16,0,10,0,,Dashboards load instantly even on huge datasets.
C03194,Juniper Analytics Co,Education,NA,Starter,13,373.23,2023-12-08,2026-08-15,1,7,0,,"Decent value, though we keep an eye on seat costs."
C03195,Cascade Capital,Education,EMEA,Growth,22,1251.42,2025-07-21,2026-08-01,0,9,0,,Pricing is transparent and scales sensibly with our team. Highly recommended.
C03196,Vertex Networks Ltd,Retail,NA,Growth,58,3292.48,2025-01-07,2026-06-20,7,4,1,Poor support experience,Response times got noticeably worse over the last quarter. It has been a disappointing year.
C03197,Pioneer Media,Healthcare,EMEA,Enterprise,140,12706.64,2023-07-08,2026-08-23,5,5,0,,The mobile app crashes whenever we open a large report.
C03198,Falcon Analytics,SaaS,NA,Starter,8,239.88,2024-01-09,2026-08-27,0,8,0,,Onboarding was fine but could use more templates.
C03199,Granite Group Inc,SaaS,NA,Starter,5,135.59,2023-02-15,2026-08-20,4,7,0,,The mobile app lags behind the web app.
C03200,Frontier Media Ltd,Logistics,EMEA,Growth,40,2261.06,2023-02-22,2026-08-28,0,8,0,,"Setup took longer than expected, mostly on our side."
C03201,Falcon Systems Ltd,Manufacturing,NA,Starter,5,147.34,2025-08-17,2026-08-31,0,8,0,,Would love a two-way calendar sync. Some room for improvement.
C03202,Foxglove Learning Co,Logistics,LATAM,Starter,9,251.03,2024-05-09,2026-04-14,3,6,1,Reliability issues,Performance degraded badly as our dataset grew.
C03203,Sable Labs,Logistics,NA,Growth,33,1904.06,2026-01-30,2026-08-29,0,9,0,,The Enterprise plan pays for itself in saved hours.
C03204,Sable Networks Ltd,Education,NA,Growth,58,3238.26,2023-10-27,2026-08-18,1,9,0,,"Great value for the price, especially on the annual plan."
C03205,Harbor Systems GmbH,Logistics,NA,Starter,6,183.15,2024-02-15,2026-05-17,4,5,1,Switched to competitor,The roadmap items we were promised never shipped.
C03206,Meridian Logistics,Retail,APAC,Growth,20,1129.9,2024-10-14,2026-08-25,1,8,0,,Support quality varies a lot depending on who picks up the ticket.
C03207,Ember Networks GmbH,SaaS,EMEA,Growth,52,2898.75,2023-12-25,2026-04-04,5,4,1,Low usage / no longer needed,Honestly we barely used it; it never became part of our workflow.
C03208,Copperfield Labs,SaaS,NA,Enterprise,461,37404.21,2024-08-09,2026-07-23,8,0,0,,Exports randomly fail with no error message. Renewal is unlikely.
C03209,Juniper Learning,SaaS,NA,Starter,3,87.86,2023-06-06,2026-08-28,2,7,0,,Covers our core needs; advanced reporting is limited. Some room for improvement.
C03210,Oakridge Software Inc,SaaS,EMEA,Growth,34,1975.82,2023-04-10,2026-08-15,2,7,0,,Would prefer usage-based pricing over per-seat.
C03211,Sable Networks Co,Fintech,LATAM,Growth,15,834.5,2026-01-03,2026-08-29,1,9,0,,Every ticket we raised was resolved the same day.
C03212,Redwood Dynamics,Education,NA,Starter,4,109.65,2023-11-10,2026-08-29,1,9,0,,Best customer success team we have worked with.
C03213,Solstice Health GmbH,Manufacturing,NA,Growth,69,3930.73,2023-05-11,2026-08-28,2,8,0,,"Mostly stable, with the occasional slow dashboard."
C03214,Crescent Software,Healthcare,NA,Growth,50,2741.95,2023-12-26,2026-07-10,0,4,1,Reliability issues,Zapier is the only integration path and it is flaky. We are evaluating alternatives.
C03215,Solstice Studio Ltd,SaaS,NA,Starter,10,303.59,2024-06-19,2026-08-29,4,5,0,,Our budget was cut and the platform was the first thing to go. Renewal is unlikely.
C03216,Cobalt Networks Ltd,Manufacturing,EMEA,Starter,8,224.51,2024-09-10,2026-08-16,1,7,0,,"Does what it says, nothing spectacular."
C03217,Evergreen Networks,Fintech,LATAM,Starter,6,174.36,2025-09-04,2026-08-19,1,6,0,,We outgrew the product; it is fine for small teams but not for us.
C03218,Zenith Health,SaaS,LATAM,Growth,23,1394.35,2025-11-15,2026-05-01,2,7,1,Low usage / no longer needed,The tutorials are helpful; the data import could be smoother. We will see how the next release goes.
C03219,Silverlake Health Inc,Fintech,APAC,Starter,4,116.98,2024-01-08,2026-08-19,1,6,0,,Onboarding was confusing and we never really got set up properly. Frustrating overall.
C03220,Juniper Health,Fintech,NA,Growth,62,3158.53,2023-10-06,2026-08-27,1,9,0,,"Support is outstanding, replies within the hour."
C03221,Lumen Works Ltd,Fintech,LATAM,Starter,6,193.65,2023-06-07,2026-08-30,0,9,0,,"Great value for the price, especially on the annual plan."
C03222,Stellar Group Ltd,Manufacturing,NA,Growth,64,3541.5,2023-07-21,2026-08-22,1,7,0,,"Decent value, though we keep an eye on seat costs."
C03223,Granite Capital Inc,Manufacturing,NA,Growth,51,2648.33,2023-02-06,2026-08-14,2,8,0,,Setup for SSO was fiddly but works now. Happy enough to stay for now.
C03224,Stellar Robotics Inc,Education,EMEA,Growth,19,1135.09,2023-01-02,2026-03-04,1,7,1,Onboarding too complex,Costs are acceptable for what we use today.
C03225,Cascade Supply,SaaS,NA,Growth,22,1320.28,2024-06-17,2026-08-30,0,10,0,,The HubSpot sync saved us hours every week.
C03226,Meridian Digital Inc,Manufacturing,APAC,Starter,9,271.38,2025-02-12,2026-08-20,1,7,0,,Useful tool; the roadmap looks promising.
C03227,Brightline Robotics Co,Education,LATAM,Starter,3,90.23,2025-11-11,2026-06-29,2,5,0,,Exports randomly fail with no error message.
C03228,Bluepeak Systems Inc,SaaS,APAC,Growth,48,2611.23,2024-02-20,2026-08-29,1,9,0,,Cheaper than what we replaced and far more capable. Would buy again without hesitation.
C03229,Copperfield Systems Inc,Education,APAC,Starter,14,378.03,2024-01-04,2026-03-16,2,8,1,Budget cuts,Would prefer usage-based pricing over per-seat.
C03230,Bluepeak Systems,Retail,NA,Growth,61,3408.84,2025-05-05,2026-06-15,8,4,1,Too expensive,Our budget was cut and the platform was the first thing to go.
C03231,Atlas Learning,Retail,NA,Growth,23,1267.85,2025-03-23,2026-08-31,0,9,0,,"We were live in two days, which is unheard of for us."
C03232,Granite Networks GmbH,SaaS,APAC,Enterprise,386,34060.84,2025-05-30,2026-08-24,3,7,0,,Integrations cover the basics; we still miss a native Jira connector. Happy enough to stay for now.
C03233,Brightline Labs LLC,Retail,EMEA,Starter,10,281.5,2023-08-05,2026-07-22,2,9,1,Too expensive,The reporting and forecasting features are exactly what we needed.
C03234,Tidewater Capital LLC,SaaS,APAC,Growth,33,1856.7,2023-02-27,2026-08-30,3,8,0,,Covers our core needs; advanced reporting is limited.
C03235,Ember Foods,SaaS,NA,Starter,5,141.19,2024-11-26,2026-08-30,0,7,0,,"Solid basics, some rough edges in the admin console."
C03236,Stellar Systems,SaaS,NA,Enterprise,111,9156.81,2024-06-17,2026-08-21,1,8,0,,"Fine for simple questions, weaker on technical issues."
C03237,Foxglove Labs GmbH,Logistics,NA,Growth,20,1142.19,2023-11-26,2026-08-11,2,6,0,,Data was missing for two days and nobody told us why. Would not recommend at this point.
C03238,Riverbend Learning,Fintech,EMEA,Growth,33,1862.57,2026-05-20,2026-08-18,1,4,0,,Escalations go nowhere; we had to chase our account manager repeatedly. Renewal is unlikely.
C03239,Halcyon Works,Fintech,APAC,Growth,41,2193.76,2023-07-23,2026-06-26,0,8,0,,Support quality varies a lot depending on who picks up the ticket.
C03240,Nimbus Labs Ltd,Fintech,LATAM,Starter,11,328.81,2023-12-18,2026-08-11,2,9,0,,"We were live in two days, which is unheard of for us."
C03241,Crescent Analytics Inc,Media,NA,Growth,12,691.14,2025-08-14,2026-08-30,3,7,0,,The mobile app lags behind the web app.
C03242,Nimbus Analytics LLC,Healthcare,EMEA,Growth,41,2228.85,2024-11-06,2026-07-17,1,6,0,,Too expensive compared with the alternatives we evaluated.
C03243,Summit Retail Co,Logistics,NA,Starter,8,232.33,2023-10-23,2026-08-12,0,8,0,,"Support is okay, sometimes quick, sometimes slow."
C03244,Windmill Health Co,Fintech,NA,Enterprise,127,10752.81,2024-11-17,2026-08-15,0,8,0,,We are still ramping up usage across the team.
C03245,Redwood Foods,SaaS,NA,Enterprise,103,8347.03,2024-06-18,2026-08-27,0,8,0,,Costs are acceptable for what we use today.
C03246,Cascade Supply Inc,Healthcare,EMEA,Enterprise,126,10901.4,2023-11-29,2026-06-05,0,8,0,,We are on the fence at renewal because of the price increase. Overall it is fine.
C03247,Ember Partners Inc,Fintech,EMEA,Growth,41,2225.25,2025-05-06,2026-08-10,2,7,0,,Would like faster responses on weekends.
C03248,Ironclad Analytics,Manufacturing,NA,Starter,8,237.05,2025-09-21,2026-08-25,0,7,0,,"Does what it says, nothing spectacular. Some room for improvement."
C03249,Halcyon Partners Inc,Media,EMEA,Growth,32,1754.7,2023-03-29,2026-08-27,1,8,0,,"Setup took longer than expected, mostly on our side."
C03250,Zenith Dynamics,Retail,APAC,Starter,3,89.04,2023-01-05,2026-06-08,7,3,1,Reliability issues,We pay for features we never use; the plan tiers make no sense. We are evaluating alternatives.
C03251,Cobalt Group GmbH,Logistics,NA,Growth,59,3184.06,2026-02-26,2026-08-28,2,6,0,,No phone support and email replies take forever.
C03252,Tidewater Partners GmbH,Healthcare,NA,Starter,11,308.92,2023-10-17,2026-06-12,2,4,1,Budget cuts,Too expensive compared with the alternatives we evaluated. Frustrating overall.
C03253,Aurora Systems Inc,Fintech,EMEA,Enterprise,148,12666.85,2023-04-21,2026-08-26,0,9,0,,The HubSpot sync saved us hours every week. Would buy again without hesitation.
C03254,Ironclad Retail,Retail,APAC,Starter,6,170.56,2025-01-26,2026-04-21,8,2,1,Low usage / no longer needed,Overage charges were a nasty surprise on the invoice. Renewal is unlikely.
C03255,Northwind Labs LLC,SaaS,APAC,Starter,9,276.23,2024-02-16,2026-08-31,2,6,0,,The setup wizard failed twice and we gave up on the advanced features. Would not recommend at this point.
C03256,Falcon Learning Co,Manufacturing,NA,Starter,5,145.39,2026-03-16,2026-08-29,1,7,0,,Integrations cover the basics; we still miss a native Jira connector. We will see how the next release goes.
C03257,Solstice Robotics,SaaS,EMEA,Growth,20,1115.16,2026-05-10,2026-08-14,1,5,0,,We had three outages in one month during peak hours.
C03258,Atlas Dynamics,Fintech,APAC,Starter,5,141.6,2023-01-13,2026-03-30,2,7,1,Low usage / no longer needed,Documentation is solid but a guided setup call would have helped. We will see how the next release goes.
C03259,Cobalt Software,Healthcare,NA,Starter,13,361.93,2023-09-02,2026-08-23,1,6,0,,We could not connect it to our data warehouse without a consultant.
C03260,Falcon Dynamics Ltd,SaaS,NA,Starter,6,181.47,2025-02-05,2026-08-24,1,10,0,,Webhooks are reliable and easy to configure.
C03261,Aurora Systems GmbH,SaaS,LATAM,Starter,3,89.69,2024-03-04,2026-08-18,0,8,0,,Onboarding was fine but could use more templates. Some room for improvement.
C03262,Granite Networks,Education,NA,Enterprise,332,27869.58,2023-01-05,2026-08-26,4,4,0,,We opened four tickets for the same bug and got four different answers.
C03263,Redwood Systems Ltd,SaaS,EMEA,Growth,15,895.27,2024-08-13,2026-08-26,2,7,0,,Tickets get resolved eventually but it takes follow-ups.
C03264,Quantum Capital,Retail,APAC,Starter,10,288.98,2025-03-05,2026-08-18,2,9,0,,The Salesforce and Slack integrations work flawlessly.
C03265,Lumen Software Co,Fintech,NA,Starter,4,119.99,2026-06-17,2026-08-21,1,8,0,,We are on the fence at renewal because of the price increase. We will see how the next release goes.
C03266,Crescent Learning,Fintech,EMEA,Starter,11,325.63,2024-06-09,2026-08-24,4,6,0,,Chat support only sends links to docs we have already read.
C03267,Crescent Logistics,SaaS,EMEA,Starter,11,327.93,2025-10-04,2026-08-26,2,6,0,,Adoption stalled because the learning curve is steep. We are evaluating alternatives.
C03268,Riverbend Labs Ltd,Manufacturing,APAC,Starter,3,86.33,2024-07-08,2026-08-23,2,8,0,,Would prefer usage-based pricing over per-seat. Some room for improvement.
C03269,Cascade Group GmbH,Logistics,APAC,Starter,7,197.87,2025-05-06,2026-08-14,3,6,0,,It took weeks to import our data and the docs were out of date. Renewal is unlikely.
C03270,Foxglove Retail Ltd,SaaS,APAC,Starter,13,387.03,2026-05-19,2026-08-27,0,9,0,,The reporting and forecasting features are exactly what we needed. Would buy again without hesitation.
C03271,Silverlake Capital,Logistics,NA,Starter,12,369.59,2025-11-02,2026-08-26,4,6,0,,Pricing jumped at renewal and nobody warned us.
C03272,Orbit Labs Co,Healthcare,APAC,Growth,34,1948.11,2025-05-20,2026-08-31,0,10,0,,Webhooks are reliable and easy to configure.
C03273,Falcon Partners Inc,Education,LATAM,Starter,6,185.01,2025-11-21,2026-08-28,3,5,0,,The API is rate limited so aggressively that our sync jobs fail nightly.
C03274,Nimbus Retail Ltd,Education,EMEA,Growth,36,1988.12,2023-09-08,2026-08-30,0,8,0,,We are still ramping up usage across the team. We will see how the next release goes.
C03275,Windmill Foods Inc,Education,EMEA,Growth,25,1417.77,2025-10-12,2026-06-27,1,7,0,,The API works but the docs could be clearer.
C03276,Silverlake Studio Inc,Manufacturing,NA,Enterprise,99,8793.65,2026-06-26,2026-08-26,1,7,0,,"Good product, waiting on the custom fields feature."
C03277,Riverbend Studio,Retail,APAC,Starter,8,244.8,2026-05-26,2026-08-17,3,5,0,,The Salesforce integration breaks every other week.
C03278,Oakridge Labs,Healthcare,NA,Growth,67,3402.49,2023-11-24,2026-08-23,0,8,0,,Would like faster responses on weekends. Some room for improvement.
C03279,Zenith Software GmbH,Fintech,NA,Enterprise,356,31760.54,2024-06-29,2026-08-16,1,6,0,,Chat support only sends links to docs we have already read.
C03280,Oakridge Labs Inc,SaaS,LATAM,Enterprise,430,35044.49,2025-05-25,2026-08-14,1,9,0,,Our account manager proactively checks in every month.
C03281,Zenith Media Co,Education,LATAM,Growth,24,1524.94,2023-04-04,2026-07-05,2,4,0,,The roadmap items we were promised never shipped. Renewal is unlikely.
C03282,Keystone Digital,SaaS,LATAM,Starter,7,202.43,2025-05-18,2026-08-27,1,10,0,,The platform is fast and stable; no complaints.
C03283,Evergreen Supply Co,Fintech,EMEA,Enterprise,146,12641.0,2023-12-18,2026-08-14,0,8,0,,Costs are acceptable for what we use today. Happy enough to stay for now.
C03284,Foxglove Digital Inc,SaaS,NA,Growth,25,1615.72,2025-12-20,2026-06-29,2,6,1,Missing features,The roadmap items we were promised never shipped. We are evaluating alternatives.
C03285,Meridian Supply Ltd,SaaS,EMEA,Starter,4,114.47,2025-02-22,2026-08-31,3,9,0,,The support team clearly knows the product inside out. Highly recommended.
C03286,Orbit Systems Ltd,Healthcare,NA,Starter,8,228.78,2024-05-23,2026-08-12,0,8,0,,Would prefer usage-based pricing over per-seat. Some room for improvement.
C03287,Keystone Retail GmbH,Healthcare,APAC,Enterprise,192,15707.74,2023-03-05,2026-06-26,1,7,0,,The help center is good; live support is average.
C03288,Windmill Analytics Inc,Retail,EMEA,Starter,5,139.19,2025-06-07,2026-08-23,1,8,0,,Integrations cover the basics; we still miss a native Jira connector. Some room for improvement.
C03289,Orbit Robotics Ltd,SaaS,NA,Growth,52,2815.6,2024-11-15,2026-08-21,2,6,0,,Overage charges were a nasty surprise on the invoice.
C03290,Solstice Systems GmbH,Retail,NA,Starter,5,141.78,2025-03-09,2026-08-08,1,9,0,,Pricing is transparent and scales sensibly with our team. Keep up the great work.
C03291,Tidewater Logistics,Fintech,NA,Growth,62,3231.81,2023-01-23,2026-06-21,0,7,0,,Tickets get resolved eventually but it takes follow-ups.
C03292,Stellar Media Co,Education,APAC,Starter,6,172.54,2024-07-10,2026-08-18,1,6,0,,Missing basic features like bulk edit and custom roles.
C03293,Frontier Analytics,Healthcare,EMEA,Growth,36,2010.86,2025-08-22,2026-08-19,2,6,0,,Reporting is too rigid; we ended up exporting to spreadsheets anyway. Would not recommend at this point.
C03294,Frontier Supply Co,Retail,NA,Growth,12,682.63,2026-03-14,2026-08-11,1,7,0,,"Good product, waiting on the custom fields feature. Happy enough to stay for now."
C03295,Harbor Capital,Retail,NA,Enterprise,213,17807.48,2024-03-23,2026-08-27,4,8,0,,"Our account manager is responsive, tier-1 support less so."
C03296,Northwind Analytics,Logistics,NA,Starter,10,306.32,2023-11-18,2026-08-25,2,7,0,,The tutorials are helpful; the data import could be smoother. We will see how the next release goes.
C03297,Crescent Analytics GmbH,Manufacturing,NA,Starter,4,109.41,2025-06-19,2026-08-19,2,8,0,,We sync with our warehouse nightly and it mostly works. We will see how the next release goes.
C03298,Ember Robotics Inc,Retail,LATAM,Starter,4,124.96,2023-10-14,2026-08-18,1,7,0,,"Fine for simple questions, weaker on technical issues."
C03299,Meridian Networks Inc,Retail,EMEA,Starter,2,56.44,2026-02-07,2026-08-25,2,7,0,,The tutorials are helpful; the data import could be smoother.
C03300,Brightline Studio,SaaS,NA,Enterprise,127,10772.93,2025-03-15,2026-08-28,0,7,0,,It does the job; adoption is growing slowly. Overall it is fine.
C03301,Redwood Networks Co,Logistics,APAC,Starter,4,121.94,2026-03-26,2026-06-27,2,6,1,Poor support experience,The support team is friendly but never actually fixes anything.
C03302,Granite Capital LLC,Fintech,NA,Starter,13,400.89,2023-08-31,2026-08-12,1,7,0,,Setup for SSO was fiddly but works now. Some room for improvement.
C03303,Riverbend Systems Inc,Fintech,NA,Growth,28,1683.05,2023-04-18,2026-08-31,1,5,0,,We were never shown how to use the reporting module.
C03304,Atlas Learning Ltd,Logistics,EMEA,Starter,6,169.17,2025-11-25,2026-08-24,1,8,0,,"The Slack integration is handy, the HubSpot one is limited."
C03305,Juniper Software,Education,NA,Starter,4,112.37,2024-01-04,2026-08-14,0,8,0,,The API works but the docs could be clearer. Overall it is fine.
C03306,Granite Foods,SaaS,EMEA,Growth,23,1325.79,2024-03-09,2026-08-28,5,8,0,,"Most of the team uses it weekly, a few power users daily. Some room for improvement."
C03307,Granite Supply,SaaS,APAC,Starter,13,405.49,2023-12-09,2026-08-14,5,4,0,,Honestly we barely used it; it never became part of our workflow.
C03308,Evergreen Systems Co,SaaS,LATAM,Enterprise,283,23449.47,2024-06-21,2026-08-20,0,8,0,,The mobile app lags behind the web app.
C03309,Keystone Foods GmbH,Healthcare,NA,Growth,35,1945.31,2026-02-20,2026-08-30,0,9,0,,The support team clearly knows the product inside out.
C03310,Evergreen Dynamics,SaaS,EMEA,Starter,2,55.58,2025-05-20,2026-08-28,1,7,0,,Documentation is solid but a guided setup call would have helped. We will see how the next release goes.
C03311,Copperfield Robotics Co,Logistics,NA,Growth,44,2302.61,2023-04-03,2026-08-30,0,10,0,,It became part of our daily workflow almost immediately.
C03312,Summit Capital,Logistics,EMEA,Enterprise,229,19290.69,2026-02-03,2026-08-26,4,5,0,,We outgrew the product; it is fine for small teams but not for us.
C03313,Northwind Group Co,Healthcare,NA,Starter,6,171.74,2024-07-17,2026-08-07,2,6,0,,Performance degraded badly as our dataset grew. Would not recommend at this point.
C03314,Ember Partners,Healthcare,EMEA,Growth,30,1752.18,2025-05-30,2026-06-07,0,10,0,,Every ticket we raised was resolved the same day. Keep up the great work.
C03315,Keystone Networks Co,Fintech,NA,Starter,10,272.84,2024-04-11,2026-01-31,10,2,1,Too expensive,We pay for features we never use; the plan tiers make no sense.
C03316,Beacon Foods Inc,SaaS,LATAM,Growth,36,1969.51,2023-05-01,2026-08-28,2,7,0,,"Does what it says, nothing spectacular."
C03317,Silverlake Capital GmbH,Manufacturing,APAC,Growth,48,2796.98,2024-06-19,2026-06-13,2,7,0,,The API works but the docs could be clearer.
C03318,Falcon Group,SaaS,NA,Starter,9,252.09,2024-03-07,2026-08-31,3,6,0,,Onboarding was confusing and we never really got set up properly.
C03319,Cobalt Systems,SaaS,APAC,Starter,4,120.16,2023-01-23,2026-04-20,6,3,1,Low usage / no longer needed,Reporting is too rigid; we ended up exporting to spreadsheets anyway. Renewal is unlikely.
C03320,Ironclad Robotics Inc,Fintech,NA,Starter,8,199.85,2025-08-15,2026-02-20,3,3,1,Integration gaps,Zapier is the only integration path and it is flaky.
C03321,Foxglove Logistics Co,SaaS,EMEA,Growth,24,1370.56,2026-01-04,2026-08-27,2,8,0,,Pricing is fair but the Growth tier is a big jump from Starter.
C03322,Quantum Robotics Inc,Retail,NA,Growth,22,1198.81,2026-03-04,2026-03-29,4,4,1,Company downsized,The price per seat is hard to justify for a team our size. Renewal is unlikely.
C03323,Bluepeak Works GmbH,Education,NA,Starter,7,213.04,2023-11-08,2026-07-06,9,3,1,Poor support experience,Chat support only sends links to docs we have already read. Frustrating overall.
C03324,Mosaic Capital,Manufacturing,EMEA,Starter,8,240.16,2025-03-19,2026-08-17,1,9,0,,Cheaper than what we replaced and far more capable.
C03325,Copperfield Digital Co,Healthcare,EMEA,Enterprise,104,8389.52,2024-11-09,2026-08-16,1,8,0,,"Good product, waiting on the custom fields feature. Happy enough to stay for now."
C03326,Summit Studio,Media,EMEA,Starter,4,117.34,2025-01-30,2026-08-31,1,9,0,,Uptime has been perfect for as long as we have used it.
C03327,Ember Logistics Co,Retail,EMEA,Starter,10,303.94,2025-10-15,2026-08-13,1,8,0,,The help center is good; live support is average.
C03328,Crescent Robotics GmbH,Media,NA,Starter,7,214.02,2024-04-28,2026-08-18,3,5,0,,The support team is friendly but never actually fixes anything. We are evaluating alternatives.
C03329,Redwood Networks,Retail,NA,Growth,52,2806.93,2023-12-17,2026-08-29,0,9,0,,Budget approval was easy because the ROI is obvious.
C03330,Foxglove Group,Fintech,EMEA,Starter,8,211.5,2024-09-01,2026-03-23,1,7,1,Low usage / no longer needed,Documentation is solid but a guided setup call would have helped. Some room for improvement.
C03331,Lumen Labs LLC,Logistics,EMEA,Enterprise,365,29610.81,2025-04-29,2026-08-15,1,6,0,,Frequent logouts and stale sessions made it unusable for the field team. We are evaluating alternatives.
C03332,Quantum Robotics Co,Fintech,NA,Growth,14,851.31,2024-07-05,2026-08-21,3,5,0,,Exports randomly fail with no error message.
C03333,Windmill Works,SaaS,NA,Starter,12,377.22,2024-01-23,2026-08-17,0,10,0,,Fair pricing and no surprise fees.
C03334,Copperfield Systems GmbH,Fintech,EMEA,Growth,20,1177.44,2023-03-12,2026-07-18,1,4,0,,Chat support only sends links to docs we have already read.
C03335,Keystone Dynamics,Retail,EMEA,Starter,10,282.96,2025-01-01,2026-08-30,0,7,0,,The help center is good; live support is average.
C03336,Northwind Health GmbH,Fintech,APAC,Starter,9,286.05,2023-01-28,2026-06-19,0,7,0,,The tutorials are helpful; the data import could be smoother.
C03337,Silverlake Media Inc,Healthcare,NA,Growth,12,719.49,2024-08-23,2026-08-16,2,3,0,,Reporting is too rigid; we ended up exporting to spreadsheets anyway.
C03338,Mosaic Capital Ltd,Media,EMEA,Starter,5,137.88,2025-02-26,2026-08-21,1,9,0,,The reporting and forecasting features are exactly what we needed.
C03339,Falcon Works Co,Fintech,EMEA,Enterprise,151,12646.21,2024-08-11,2026-08-11,2,8,0,,"Our account manager is responsive, tier-1 support less so."
C03340,Quantum Capital Inc,Healthcare,NA,Growth,37,2111.39,2024-10-12,2026-06-11,4,7,0,,Would love a two-way calendar sync. We will see how the next release goes.
C03341,Redwood Group,Fintech,NA,Starter,3,86.76,2023-12-21,2026-08-17,0,8,0,,The API works but the docs could be clearer.
C03342,Summit Logistics Inc,Manufacturing,NA,Enterprise,116,10071.56,2023-11-09,2026-08-24,2,7,0,,Support quality varies a lot depending on who picks up the ticket. Some room for improvement.
C03343,Brightline Labs GmbH,SaaS,APAC,Growth,39,2002.55,2025-12-14,2026-08-31,0,6,0,,The price per seat is hard to justify for a team our size. Would not recommend at this point.
C03344,Falcon Systems Inc,SaaS,NA,Starter,7,191.35,2026-02-13,2026-08-24,0,9,0,,Onboarding was smooth and the whole team was productive in a week. Keep up the great work.
C03345,Zenith Foods,Retail,EMEA,Growth,36,1917.26,2023-07-24,2026-08-16,2,8,0,,"The annual discount helped, monthly pricing feels steep."
C03346,Beacon Systems GmbH,Education,EMEA,Enterprise,444,36940.86,2023-09-21,2026-06-25,2,4,0,,It took weeks to import our data and the docs were out of date. It has been a disappointing year.
C03347,Keystone Capital GmbH,Manufacturing,NA,Starter,2,58.77,2024-03-31,2026-08-28,1,5,0,,Response times got noticeably worse over the last quarter. Frustrating overall.
C03348,Ember Networks,Healthcare,APAC,Starter,8,237.91,2025-06-12,2026-08-23,1,8,0,,"No major issues, some minor bugs here and there."
C03349,Juniper Learning,Manufacturing,EMEA,Growth,31,1868.76,2023-03-20,2026-05-24,0,7,1,Integration gaps,We sync with our warehouse nightly and it mostly works.
C03350,Halcyon Works GmbH,Retail,NA,Starter,9,253.29,2025-10-02,2026-03-26,6,5,1,Budget cuts,Too expensive compared with the alternatives we evaluated. We are evaluating alternatives.
C03351,Redwood Group Inc,SaaS,APAC,Starter,7,200.45,2023-01-09,2026-08-30,0,9,0,,Our account manager proactively checks in every month.
C03352,Aurora Media Inc,SaaS,EMEA,Growth,36,1919.17,2025-12-08,2026-08-15,1,8,0,,We are still ramping up usage across the team.
C03353,Vertex Robotics,SaaS,NA,Enterprise,102,8953.89,2023-02-22,2026-08-20,1,7,0,,Would prefer usage-based pricing over per-seat.
C03354,Evergreen Networks Co,Fintech,EMEA,Growth,22,1356.87,2025-12-07,2026-08-22,2,6,0,,We had three outages in one month during peak hours.
C03355,Brightline Labs Ltd,Retail,EMEA,Starter,4,113.92,2026-04-19,2026-08-26,1,8,0,,Integrations cover the basics; we still miss a native Jira connector. Happy enough to stay for now.
C03356,Tidewater Systems Ltd,Fintech,NA,Starter,11,345.36,2025-10-10,2026-08-15,0,10,0,,"Rock solid, we have never seen an outage. Keep up the great work."
C03357,Ember Studio Ltd,Healthcare,LATAM,Starter,7,197.24,2026-06-09,2026-08-12,4,6,0,,Reporting is too rigid; we ended up exporting to spreadsheets anyway.
C03358,Brightline Analytics Ltd,Retail,EMEA,Starter,6,181.17,2024-08-07,2026-08-15,1,9,0,,Plays nicely with every tool in our stack.
C03359,Harbor Partners Ltd,Education,EMEA,Growth,53,3077.31,2025-03-29,2026-08-30,1,6,0,,The API is rate limited so aggressively that our sync jobs fail nightly. We are evaluating alternatives.
C03360,Cobalt Analytics GmbH,Education,NA,Starter,7,191.94,2025-03-07,2026-04-14,3,5,1,Integration gaps,SSO setup with Okta took three support tickets to get working. It has been a disappointing year.
C03361,Tidewater Logistics Ltd,Fintech,NA,Enterprise,87,8195.17,2023-01-16,2026-08-14,2,5,0,,"No native Slack or HubSpot connector, so we had to build our own. We are evaluating alternatives."
C03362,Meridian Works Ltd,Fintech,NA,Growth,71,3471.12,2025-12-30,2026-08-21,1,9,0,,The HubSpot sync saved us hours every week.
C03363,Redwood Robotics Inc,Healthcare,EMEA,Growth,36,2040.44,2025-06-18,2026-08-19,0,7,0,,"The annual discount helped, monthly pricing feels steep."
C03364,Nimbus Partners GmbH,Healthcare,EMEA,Enterprise,135,10859.67,2024-06-20,2026-08-25,1,4,0,,"A competitor offered everything we needed at a lower price, so we switched."
C03365,Harbor Analytics,Fintech,APAC,Growth,29,1749.84,2023-10-01,2026-08-22,1,7,0,,Useful tool; the roadmap looks promising.
C03366,Summit Health Ltd,Fintech,NA,Enterprise,155,13437.15,2025-05-06,2026-08-30,3,5,0,,The support team is friendly but never actually fixes anything.
C03367,Falcon Capital,Education,EMEA,Growth,51,2923.75,2026-06-06,2026-08-24,0,5,0,,We were never shown how to use the reporting module. We are evaluating alternatives.
C03368,Cascade Digital GmbH,Education,APAC,Growth,22,1344.22,2023-07-23,2026-08-14,0,8,0,,We are on the fence at renewal because of the price increase. We will see how the next release goes.
C03369,Pioneer Group Co,SaaS,APAC,Starter,3,87.19,2026-03-19,2026-08-13,2,7,0,,"One outage this quarter, communicated well."
C03370,Zenith Learning,Retail,APAC,Starter,9,257.03,2024-12-21,2026-08-10,1,8,0,,"Good product, waiting on the custom fields feature."
C03371,Orbit Foods,Media,APAC,Enterprise,185,15521.43,2025-10-03,2026-08-16,0,10,0,,Every ticket we raised was resolved the same day.
C03372,Riverbend Retail,SaaS,NA,Starter,3,83.12,2023-06-29,2026-08-30,1,9,0,,The platform is fast and stable; no complaints. Would buy again without hesitation.
C03373,Brightline Retail Ltd,Media,EMEA,Enterprise,265,22110.93,2023-05-14,2026-08-27,1,6,0,,The price per seat is hard to justify for a team our size. It has been a disappointing year.
C03374,Foxglove Labs,SaaS,LATAM,Starter,7,200.64,2025-04-22,2026-04-02,5,3,1,Low usage / no longer needed,It took weeks to import our data and the docs were out of date.
C03375,Northwind Systems Inc,Retail,EMEA,Growth,27,1542.77,2023-12-28,2026-04-01,2,6,1,Budget cuts,Overage charges were a nasty surprise on the invoice. Renewal is unlikely.
C03376,Windmill Studio GmbH,Retail,NA,Starter,4,107.92,2024-04-25,2026-01-22,4,6,1,Budget cuts,Our budget was cut and the platform was the first thing to go.
C03377,Keystone Networks,SaaS,LATAM,Enterprise,167,13335.26,2025-03-04,2026-08-19,2,5,0,,Escalations go nowhere; we had to chase our account manager repeatedly. Renewal is unlikely.
C03378,Vertex Robotics Inc,Logistics,NA,Starter,4,101.38,2023-10-18,2026-08-31,4,5,0,,Zapier is the only integration path and it is flaky. It has been a disappointing year.
C03379,Sable Digital,Retail,NA,Starter,4,114.57,2024-03-11,2026-08-20,3,7,0,,The help center is good; live support is average.
C03380,Riverbend Logistics GmbH,Logistics,NA,Enterprise,222,18950.68,2024-04-05,2026-08-23,1,8,0,,"Mostly stable, with the occasional slow dashboard."
C03381,Bluepeak Labs LLC,Fintech,EMEA,Starter,2,51.78,2024-03-26,2026-08-13,2,7,0,,Onboarding was fine but could use more templates.
C03382,Quantum Systems Ltd,Media,NA,Starter,11,322.02,2025-06-14,2026-08-26,1,7,0,,"The Slack integration is handy, the HubSpot one is limited. Some room for improvement."
C03383,Riverbend Software,Logistics,EMEA,Enterprise,55,5039.04,2023-07-13,2026-08-11,3,3,0,,Our budget was cut and the platform was the first thing to go. Would not recommend at this point.
C03384,Lumen Studio,Healthcare,LATAM,Enterprise,172,13792.51,2026-03-04,2026-08-22,0,9,0,,Performance is excellent even at month-end peaks. Keep up the great work.
C03385,Cascade Health Inc,SaaS,EMEA,Starter,10,285.0,2025-07-02,2026-05-06,3,7,1,Integration gaps,"The annual discount helped, monthly pricing feels steep."
C03386,Silverlake Capital,Education,EMEA,Growth,64,3659.28,2023-01-15,2026-08-28,1,8,0,,Useful tool; the roadmap looks promising. We will see how the next release goes.
C03387,Granite Logistics,Healthcare,APAC,Starter,2,55.74,2024-12-22,2026-08-27,4,5,0,,Response times got noticeably worse over the last quarter.
C03388,Redwood Analytics,Logistics,APAC,Starter,3,87.27,2023-08-03,2026-08-31,1,10,0,,It became part of our daily workflow almost immediately. We plan to add more seats next quarter.
C03389,Foxglove Group Co,Retail,NA,Growth,22,1316.0,2023-07-14,2026-06-25,0,9,0,,"We were live in two days, which is unheard of for us."
C03390,Cascade Logistics Inc,Fintech,NA,Starter,9,252.42,2025-06-19,2026-08-31,2,6,0,,We had three outages in one month during peak hours.
C03391,Redwood Systems Inc,SaaS,EMEA,Growth,19,1166.21,2023-11-15,2026-08-12,1,4,0,,The setup wizard failed twice and we gave up on the advanced features. Would not recommend at this point.
C03392,Meridian Foods GmbH,Education,APAC,Starter,2,58.94,2024-12-26,2026-08-12,1,7,0,,We sync with our warehouse nightly and it mostly works.
C03393,Stellar Software Inc,Logistics,EMEA,Enterprise,402,33487.43,2023-12-29,2026-08-14,4,6,0,,Chat support only sends links to docs we have already read.
C03394,Tidewater Software,SaaS,NA,Growth,36,2162.05,2024-02-12,2026-08-30,0,10,0,,Easily worth the seat cost given the time saved. We plan to add more seats next quarter.
C03395,Cascade Health,Manufacturing,EMEA,Starter,6,181.05,2025-05-05,2026-08-29,3,7,0,,Reports are a bit slow at month end.
C03396,Windmill Labs Ltd,Logistics,EMEA,Enterprise,302,23699.26,2025-04-11,2026-07-21,3,6,0,,Performance degraded badly as our dataset grew.
C03397,Evergreen Robotics Inc,SaaS,EMEA,Enterprise,287,23775.11,2023-01-28,2026-08-17,2,9,0,,Cheaper than what we replaced and far more capable. Keep up the great work.
C03398,Foxglove Foods Inc,SaaS,APAC,Starter,3,95.58,2026-01-11,2026-08-18,6,3,0,,Overage charges were a nasty surprise on the invoice.
C03399,Summit Software GmbH,Education,APAC,Enterprise,151,12207.44,2025-01-19,2026-08-22,1,10,0,,Reliable exports and fast reports every time.
C03400,Quantum Works LLC,Education,EMEA,Starter,7,203.54,2023-11-26,2026-07-23,4,7,0,,"Mostly stable, with the occasional slow dashboard."
C03401,Falcon Capital GmbH,SaaS,EMEA,Starter,14,425.99,2023-05-24,2026-06-30,4,6,1,Company downsized,The price per seat is hard to justify for a team our size.
C03402,Nimbus Group Ltd,Media,EMEA,Starter,4,119.03,2024-09-11,2026-04-27,14,0,1,Company downsized,Pricing jumped at renewal and nobody warned us.
C03403,Harbor Retail GmbH,Healthcare,EMEA,Starter,12,359.09,2025-06-06,2026-08-26,2,7,0,,We are still ramping up usage across the team.
C03404,Mosaic Group Ltd,Media,EMEA,Growth,38,2146.58,2023-01-27,2026-08-20,1,9,0,,"Fast, friendly and technically sharp support."
C03405,Juniper Retail LLC,Media,EMEA,Growth,39,2142.1,2024-01-05,2026-08-24,4,2,0,,The support team is friendly but never actually fixes anything.
C03406,Windmill Supply,Manufacturing,EMEA,Enterprise,201,16378.1,2026-04-22,2026-08-22,0,9,0,,Onboarding was smooth and the whole team was productive in a week.
C03407,Halcyon Media Inc,Retail,EMEA,Starter,10,295.04,2023-05-08,2026-06-20,3,3,1,Reliability issues,Exports randomly fail with no error message. Renewal is unlikely.
C03408,Foxglove Media,Fintech,NA,Starter,14,399.46,2025-10-19,2026-08-27,0,6,0,,We outgrew the product; it is fine for small teams but not for us.
C03409,Beacon Capital Ltd,Retail,EMEA,Starter,9,255.97,2023-11-01,2026-03-31,4,6,1,Poor support experience,We opened four tickets for the same bug and got four different answers. Renewal is unlikely.
C03410,Brightline Dynamics Inc,SaaS,EMEA,Starter,10,307.2,2024-10-06,2026-08-15,0,10,0,,Easily worth the seat cost given the time saved.
C03411,Northwind Analytics,Education,NA,Enterprise,335,27760.64,2025-08-31,2026-08-16,1,5,0,,Honestly we barely used it; it never became part of our workflow. Renewal is unlikely.
C03412,Northwind Health LLC,SaaS,NA,Growth,21,1323.56,2026-06-19,2026-08-11,2,6,0,,"No native Slack or HubSpot connector, so we had to build our own. It has been a disappointing year."
C03413,Beacon Dynamics,Retail,NA,Growth,46,2549.94,2025-02-09,2026-08-12,4,3,0,,Data was missing for two days and nobody told us why.
C03414,Foxglove Analytics Inc,SaaS,LATAM,Growth,24,1406.99,2023-10-08,2026-08-25,0,8,0,,"No major issues, some minor bugs here and there. Overall it is fine."
C03415,Oakridge Systems Ltd,Fintech,APAC,Starter,7,188.24,2023-04-15,2026-06-22,1,9,0,,The HubSpot sync saved us hours every week. Highly recommended.
C03416,Frontier Analytics,Fintech,EMEA,Starter,10,314.59,2025-08-07,2026-06-23,2,9,0,,SSO and SCIM provisioning worked out of the box. Keep up the great work.
C03417,Juniper Capital Co,Healthcare,NA,Starter,3,86.98,2025-01-08,2026-06-13,13,0,0,,The Salesforce integration breaks every other week. Would not recommend at this point.
C03418,Orbit Analytics,Manufacturing,EMEA,Enterprise,355,27159.83,2025-09-08,2026-08-24,1,7,0,,"One outage this quarter, communicated well."
C03419,Brightline Dynamics,SaaS,EMEA,Starter,9,271.31,2026-06-13,2026-08-21,5,6,0,,Support tickets sit for days before anyone replies. It has been a disappointing year.
C03420,Foxglove Systems Co,Media,LATAM,Starter,7,202.59,2025-11-26,2026-05-27,3,7,1,Integration gaps,"The Slack integration is handy, the HubSpot one is limited. Happy enough to stay for now."
C03421,Brightline Group,Media,NA,Growth,65,3433.69,2024-10-02,2026-07-15,3,7,0,,Reports are a bit slow at month end.
C03422,Juniper Analytics,Fintech,NA,Starter,3,90.24,2025-05-24,2026-08-15,1,8,0,,Covers our core needs; advanced reporting is limited.
C03423,Aurora Dynamics Inc,Education,EMEA,Growth,23,1218.65,2025-03-08,2026-01-18,4,3,1,Poor support experience,The per-seat model punishes us every time we onboard a contractor. Frustrating overall.
C03424,Summit Foods,Retail,NA,Starter,5,140.86,2023-09-01,2026-07-16,4,2,1,Poor support experience,Support tickets sit for days before anyone replies. It has been a disappointing year.
C03425,Sable Robotics,SaaS,EMEA,Growth,12,699.52,2024-01-30,2026-08-22,0,10,0,,The HubSpot sync saved us hours every week. Keep up the great work.
C03426,Riverbend Health GmbH,Healthcare,APAC,Starter,4,119.95,2023-04-27,2026-08-13,0,7,0,,"Good product, waiting on the custom fields feature."
C03427,Brightline Capital Inc,SaaS,NA,Enterprise,275,25214.94,2024-04-15,2026-08-25,1,7,0,,Documentation is solid but a guided setup call would have helped.
C03428,Nimbus Health Ltd,Media,NA,Growth,38,2064.65,2023-08-19,2026-08-27,1,9,0,,Custom roles and audit logs made our compliance team happy. We plan to add more seats next quarter.
C03429,Atlas Logistics,Logistics,EMEA,Starter,5,147.67,2026-02-18,2026-08-18,5,7,0,,"The Slack integration is handy, the HubSpot one is limited."
C03430,Riverbend Retail Co,Manufacturing,APAC,Growth,22,1440.7,2025-12-31,2026-07-23,1,7,1,Poor support experience,Support quality varies a lot depending on who picks up the ticket.
C03431,Tidewater Health,Healthcare,EMEA,Growth,41,2250.1,2025-07-17,2026-08-29,2,8,0,,Uptime is fine; performance on large filters could improve. We will see how the next release goes.
C03432,Sable Systems Co,Healthcare,NA,Growth,23,1382.41,2024-05-27,2026-08-12,2,5,0,,Response times got noticeably worse over the last quarter.
C03433,Cobalt Digital Co,Logistics,EMEA,Enterprise,192,15357.13,2023-01-10,2026-08-19,1,7,0,,Costs are acceptable for what we use today.
C03434,Stellar Networks,Fintech,EMEA,Growth,31,1834.27,2024-11-27,2026-08-17,2,6,0,,Reporting is too rigid; we ended up exporting to spreadsheets anyway.
C03435,Riverbend Works LLC,SaaS,APAC,Starter,4,112.69,2023-02-01,2026-08-14,1,8,0,,Would like more flexible billing for seasonal staff. We will see how the next release goes.
C03436,Lumen Labs,Healthcare,EMEA,Starter,4,117.25,2023-02-02,2026-06-23,6,3,1,Reliability issues,We had three outages in one month during peak hours. Frustrating overall.
C03437,Redwood Supply Ltd,Fintech,NA,Starter,5,146.39,2023-07-17,2026-01-14,1,4,1,Low usage / no longer needed,We were never shown how to use the reporting module. It has been a disappointing year.
C03438,Stellar Software Ltd,Fintech,APAC,Growth,21,1243.23,2024-09-19,2026-08-12,3,8,0,,Reports are a bit slow at month end. We will see how the next release goes.
C03439,Evergreen Capital Co,SaaS,EMEA,Enterprise,92,8323.29,2025-08-13,2026-08-16,1,6,0,,Onboarding was confusing and we never really got set up properly. Frustrating overall.
C03440,Cascade Foods Inc,Healthcare,NA,Growth,31,1717.39,2024-06-06,2026-07-25,0,10,0,,Adoption was instant; people actually enjoy using it.
C03441,Beacon Labs Co,Fintech,EMEA,Starter,7,217.27,2025-09-16,2026-08-19,2,6,0,,Webhook payloads changed without notice and broke our pipeline. We are evaluating alternatives.
C03442,Nimbus Labs Inc,SaaS,LATAM,Enterprise,106,9733.73,2024-11-13,2026-08-26,2,6,0,,Honestly we barely used it; it never became part of our workflow. Renewal is unlikely.
C03443,Cascade Supply,SaaS,EMEA,Growth,20,1171.73,2026-02-14,2026-08-30,1,7,0,,"The Slack integration is handy, the HubSpot one is limited."
C03444,Vertex Media LLC,Retail,NA,Starter,3,85.44,2024-04-23,2026-06-05,4,6,1,Reliability issues,Exports randomly fail with no error message.
C03445,Aurora Robotics Ltd,Media,EMEA,Enterprise,43,3830.93,2024-01-19,2026-08-13,4,5,0,,The support team is friendly but never actually fixes anything. We are evaluating alternatives.
C03446,Stellar Systems Ltd,Fintech,NA,Starter,4,128.46,2023-04-07,2026-01-07,6,4,1,Reliability issues,Performance degraded badly as our dataset grew.
C03447,Lumen Supply,Education,EMEA,Growth,27,1601.21,2023-10-07,2026-04-22,1,6,1,Switched to competitor,We outgrew the product; it is fine for small teams but not for us.
C03448,Redwood Dynamics,Manufacturing,EMEA,Growth,22,1355.89,2023-02-26,2026-08-16,5,4,0,,Frequent logouts and stale sessions made it unusable for the field team. Would not recommend at this point.
C03449,Meridian Analytics,Fintech,NA,Enterprise,165,14271.67,2023-08-10,2026-08-18,2,7,0,,Setup for SSO was fiddly but works now.
C03450,Granite Logistics Co,Manufacturing,NA,Starter,5,157.81,2026-04-26,2026-04-27,2,7,1,Onboarding too complex,We are still ramping up usage across the team. Some room for improvement.
C03451,Beacon Logistics,Education,LATAM,Starter,6,172.28,2024-11-25,2026-01-10,5,4,1,Onboarding too complex,The setup wizard failed twice and we gave up on the advanced features.
C03452,Windmill Logistics GmbH,Healthcare,NA,Growth,52,2726.89,2025-02-09,2026-08-20,1,5,0,,Overage charges were a nasty surprise on the invoice.
C03453,Granite Capital,SaaS,APAC,Enterprise,69,6825.34,2024-05-05,2026-08-12,3,6,0,,No phone support and email replies take forever. We are evaluating alternatives.
C03454,Northwind Studio,SaaS,EMEA,Starter,2,60.1,2025-03-31,2026-03-16,3,5,1,Low usage / no longer needed,Onboarding was confusing and we never really got set up properly.
C03455,Zenith Software,Logistics,EMEA,Starter,15,442.94,2024-12-18,2026-08-31,7,2,0,,Performance degraded badly as our dataset grew.
C03456,Oakridge Systems Inc,Manufacturing,NA,Enterprise,186,16613.05,2026-03-14,2026-04-12,1,8,1,Reliability issues,"One outage this quarter, communicated well."
C03457,Evergreen Digital,Logistics,NA,Growth,46,2575.85,2025-10-12,2026-08-17,0,8,0,,Onboarding was fine but could use more templates.
C03458,Redwood Foods,Media,NA,Starter,5,154.11,2024-12-03,2026-08-30,1,8,0,,"Does what it says, nothing spectacular. We will see how the next release goes."
C03459,Northwind Analytics,SaaS,EMEA,Starter,5,146.43,2025-09-24,2026-08-12,5,3,0,,Zapier is the only integration path and it is flaky. Would not recommend at this point.
C03460,Quantum Works,Manufacturing,LATAM,Growth,21,1283.7,2025-02-24,2026-07-04,1,9,0,,Performance is excellent even at month-end peaks.
C03461,Stellar Works,Retail,APAC,Growth,17,1024.12,2026-06-23,2026-08-18,0,9,0,,Cheaper than what we replaced and far more capable. Highly recommended.
C03462,Nimbus Digital Inc,Manufacturing,NA,Growth,13,757.02,2024-10-29,2026-08-14,1,9,0,,Every ticket we raised was resolved the same day.
C03463,Solstice Works,SaaS,NA,Growth,23,1345.85,2025-12-21,2026-08-29,3,6,0,,We opened four tickets for the same bug and got four different answers. Frustrating overall.
C03464,Harbor Labs GmbH,Fintech,NA,Starter,7,199.81,2023-08-13,2026-08-30,3,8,0,,Good enough integration options for our stack. Some room for improvement.
C03465,Windmill Studio Ltd,Manufacturing,LATAM,Growth,33,1829.94,2023-08-03,2026-07-14,4,6,0,,The support team is friendly but never actually fixes anything. Frustrating overall.
C03466,Juniper Analytics GmbH,Manufacturing,NA,Starter,10,284.71,2024-02-02,2026-08-25,0,10,0,,The HubSpot sync saved us hours every week. Would buy again without hesitation.
C03467,Pioneer Partners,Healthcare,NA,Enterprise,235,20120.05,2025-11-16,2026-08-26,4,7,0,,We are on the fence at renewal because of the price increase.
C03468,Silverlake Logistics Ltd,Fintech,EMEA,Starter,6,176.8,2026-02-02,2026-08-20,2,9,0,,Webhooks are reliable and easy to configure.
C03469,Keystone Networks,Fintech,EMEA,Starter,4,116.95,2024-05-26,2026-07-11,1,7,0,,Uptime is fine; performance on large filters could improve.
C03470,Zenith Capital LLC,Logistics,NA,Starter,7,204.81,2024-07-20,2026-08-20,2,6,0,,The roadmap items we were promised never shipped. It has been a disappointing year.
C03471,Riverbend Logistics Ltd,Retail,EMEA,Starter,6,170.06,2024-09-16,2026-08-25,2,8,0,,The tutorials are helpful; the data import could be smoother.
C03472,Harbor Digital,Retail,NA,Starter,6,172.04,2023-09-18,2026-08-19,3,6,0,,The support team is friendly but never actually fixes anything.
C03473,Mosaic Retail Co,Healthcare,NA,Growth,30,1651.72,2024-11-16,2026-08-30,2,6,0,,"No audit log, which our compliance team requires."
C03474,Brightline Labs,Retail,NA,Enterprise,234,19596.69,2025-11-22,2026-08-20,4,6,0,,Honestly we barely used it; it never became part of our workflow.
C03475,Bluepeak Learning Inc,Healthcare,NA,Growth,69,3636.74,2025-08-16,2026-08-20,2,5,0,,Support tickets sit for days before anyone replies.
C03476,Crescent Partners GmbH,Retail,LATAM,Growth,51,2809.55,2023-04-22,2026-08-21,3,6,0,,Onboarding was confusing and we never really got set up properly. We are evaluating alternatives.
C03477,Silverlake Digital Ltd,Manufacturing,EMEA,Starter,13,366.23,2024-03-27,2026-08-26,5,5,0,,No phone support and email replies take forever. Would not recommend at this point.
C03478,Evergreen Systems,Media,APAC,Growth,17,920.73,2025-03-27,2026-08-17,1,5,0,,Chat support only sends links to docs we have already read.
C03479,Granite Partners Ltd,Logistics,NA,Starter,14,442.58,2025-01-26,2026-08-24,5,4,0,,We opened four tickets for the same bug and got four different answers. We are evaluating alternatives.
C03480,Tidewater Digital Ltd,Healthcare,EMEA,Starter,7,201.12,2025-06-12,2026-08-25,0,6,0,,Exports randomly fail with no error message.
C03481,Halcyon Partners,Retail,LATAM,Starter,3,92.04,2025-08-11,2026-08-28,2,8,0,,Would love a two-way calendar sync.
C03482,Northwind Robotics Co,Education,NA,Starter,7,198.72,2024-01-23,2026-05-12,2,8,1,Low usage / no longer needed,Onboarding was fine but could use more templates. Happy enough to stay for now.
C03483,Solstice Works Co,Media,LATAM,Growth,21,1323.16,2024-08-22,2026-08-22,1,7,0,,Reports are a bit slow at month end.
C03484,Ironclad Media,Healthcare,EMEA,Starter,12,331.97,2023-08-01,2026-08-22,3,6,0,,It took weeks to import our data and the docs were out of date.
C03485,Mosaic Studio,Education,EMEA,Starter,12,350.45,2025-07-03,2026-08-25,3,5,0,,We could not connect it to our data warehouse without a consultant.
C03486,Crescent Analytics,Manufacturing,NA,Enterprise,221,17784.61,2024-07-26,2026-08-24,3,6,0,,Chat support only sends links to docs we have already read.
C03487,Pioneer Partners Co,Education,EMEA,Starter,4,128.07,2024-03-20,2026-08-18,2,7,0,,Would like more flexible billing for seasonal staff. We will see how the next release goes.
C03488,Meridian Analytics Co,Manufacturing,EMEA,Growth,13,759.35,2025-08-21,2026-08-11,0,8,0,,Pricing is fair but the Growth tier is a big jump from Starter.
C03489,Cascade Supply Co,SaaS,LATAM,Starter,4,119.84,2026-04-11,2026-04-12,5,4,1,Too expensive,Too expensive compared with the alternatives we evaluated. Frustrating overall.
C03490,Riverbend Foods Inc,Retail,APAC,Enterprise,132,11308.0,2026-02-05,2026-08-13,3,7,0,,We like the dashboards but want more automation. Overall it is fine.
C03491,Meridian Systems Co,Healthcare,NA,Growth,20,1178.8,2023-06-22,2026-08-20,1,5,0,,Support tickets sit for days before anyone replies. It has been a disappointing year.
C03492,Windmill Dynamics,SaaS,LATAM,Starter,4,118.4,2025-11-06,2026-06-29,7,1,1,Integration gaps,The API is rate limited so aggressively that our sync jobs fail nightly. Renewal is unlikely.
C03493,Summit Systems GmbH,Media,APAC,Enterprise,210,18632.24,2024-12-24,2026-08-24,2,6,0,,Performance degraded badly as our dataset grew.
C03494,Northwind Retail Ltd,Healthcare,EMEA,Starter,10,297.75,2023-05-20,2026-02-21,0,10,1,Low usage / no longer needed,We are still ramping up usage across the team.
C03495,Bluepeak Analytics Inc,SaaS,NA,Starter,6,175.13,2024-05-09,2026-07-07,2,8,1,Budget cuts,Would prefer usage-based pricing over per-seat.
C03496,Zenith Digital,Manufacturing,NA,Growth,36,2016.35,2023-10-12,2026-08-13,7,3,0,,No phone support and email replies take forever. Would not recommend at this point.
C03497,Zenith Group Inc,Education,NA,Growth,17,1079.83,2023-11-26,2026-08-23,4,6,0,,Chat support only sends links to docs we have already read. Would not recommend at this point.
C03498,Riverbend Networks,Manufacturing,NA,Starter,5,142.58,2025-02-26,2026-03-22,1,10,1,Reliability issues,Reports are a bit slow at month end.
C03499,Beacon Digital,Retail,LATAM,Starter,5,134.25,2024-05-29,2026-06-12,4,6,0,,Half the team stopped logging in after the first month. Frustrating overall.
C03500,Cobalt Works Inc,Media,NA,Starter,4,110.91,2025-06-24,2026-08-20,3,6,0,,Onboarding was confusing and we never really got set up properly. We are evaluating alternatives.
C03501,Northwind Analytics Ltd,Retail,EMEA,Growth,16,905.4,2025-10-25,2026-08-30,0,7,0,,"Decent value, though we keep an eye on seat costs."
C03502,Bluepeak Labs GmbH,Healthcare,EMEA,Enterprise,441,35801.97,2023-01-12,2026-08-24,4,4,0,,Escalations go nowhere; we had to chase our account manager repeatedly. It has been a disappointing year.
C03503,Vertex Networks,SaaS,EMEA,Starter,11,308.19,2025-11-18,2026-01-06,7,2,1,Too expensive,We pay for features we never use; the plan tiers make no sense.
C03504,Riverbend Retail,Education,NA,Enterprise,188,15805.27,2023-07-01,2026-08-13,1,6,0,,Adoption stalled because the learning curve is steep.
C03505,Silverlake Labs,Education,EMEA,Starter,5,146.44,2023-01-08,2026-08-19,0,6,0,,No phone support and email replies take forever. Renewal is unlikely.
C03506,Beacon Networks,Healthcare,EMEA,Growth,19,1131.61,2023-04-30,2026-08-19,1,7,0,,We sync with our warehouse nightly and it mostly works.
C03507,Solstice Foods,Retail,EMEA,Enterprise,352,28755.54,2023-03-06,2026-08-25,2,9,0,,Budget approval was easy because the ROI is obvious. Keep up the great work.
C03508,Sable Capital Ltd,Manufacturing,NA,Growth,43,2453.21,2024-03-11,2026-06-16,2,8,0,,The tutorials are helpful; the data import could be smoother. Some room for improvement.
C03509,Lumen Systems LLC,Education,EMEA,Starter,4,118.48,2025-12-07,2026-08-13,0,9,0,,Powerful yet simple; it grows with us. Would buy again without hesitation.
C03510,Cobalt Logistics,Fintech,NA,Starter,8,246.67,2025-05-18,2026-08-22,1,7,0,,Reports are a bit slow at month end.
C03511,Windmill Capital Ltd,Logistics,EMEA,Starter,8,239.86,2024-07-18,2026-08-16,6,5,0,,Support tickets sit for days before anyone replies.
C03512,Nimbus Digital Co,Education,NA,Growth,12,698.1,2026-04-18,2026-08-19,1,8,0,,We are on the fence at renewal because of the price increase. Overall it is fine.
C03513,Tidewater Logistics LLC,Logistics,NA,Enterprise,171,15141.07,2024-09-13,2026-08-14,0,9,0,,"Support is outstanding, replies within the hour."
C03514,Ironclad Robotics,Logistics,APAC,Starter,8,234.54,2023-04-25,2026-08-25,2,8,0,,Good enough integration options for our stack.
C03515,Nimbus Systems Inc,Logistics,NA,Starter,10,299.26,2023-01-26,2026-08-22,2,6,0,,"A competitor offered everything we needed at a lower price, so we switched. Frustrating overall."
C03516,Crescent Software Co,Manufacturing,LATAM,Starter,3,89.51,2024-10-07,2026-08-21,0,7,0,,Reports are a bit slow at month end. Happy enough to stay for now.
C03517,Stellar Analytics,Healthcare,APAC,Growth,69,3767.2,2023-10-15,2026-04-16,8,5,1,Poor support experience,We were never shown how to use the reporting module.
C03518,Beacon Group,SaaS,NA,Growth,29,1718.07,2024-04-20,2026-08-27,1,6,0,,We had three outages in one month during peak hours. Would not recommend at this point.
C03519,Solstice Logistics Co,Healthcare,NA,Starter,1,28.85,2024-01-31,2026-08-19,4,5,0,,Support tickets sit for days before anyone replies. Would not recommend at this point.
C03520,Bluepeak Group,Manufacturing,NA,Growth,27,1538.65,2024-05-23,2026-06-07,2,5,0,,Chat support only sends links to docs we have already read.
C03521,Cascade Retail Ltd,Healthcare,APAC,Starter,2,53.02,2026-05-12,2026-08-26,0,8,0,,"Fine for simple questions, weaker on technical issues."
C03522,Tidewater Studio GmbH,Media,EMEA,Growth,33,1760.46,2023-03-28,2026-08-28,3,6,0,,No phone support and email replies take forever.
C03523,Tidewater Studio Inc,SaaS,NA,Starter,8,233.85,2023-05-20,2026-02-09,4,4,1,Too expensive,Our budget was cut and the platform was the first thing to go. Frustrating overall.
C03524,Beacon Studio,Retail,EMEA,Starter,12,363.11,2024-01-03,2026-08-27,2,7,0,,Reports are a bit slow at month end.
C03525,Pioneer Supply Co,Retail,NA,Growth,35,1981.6,2025-08-05,2026-02-07,6,2,1,Budget cuts,Pricing jumped at renewal and nobody warned us. We are evaluating alternatives.
C03526,Cascade Media,Retail,EMEA,Growth,31,1681.95,2023-11-19,2026-08-21,1,9,0,,Our account manager proactively checks in every month. We plan to add more seats next quarter.
C03527,Atlas Group GmbH,SaaS,EMEA,Starter,5,141.05,2023-11-14,2026-08-29,2,6,0,,Adoption stalled because the learning curve is steep. Frustrating overall.
C03528,Bluepeak Foods,SaaS,NA,Growth,34,1852.16,2025-07-05,2026-08-30,0,9,0,,The API is clean and well documented; we automated everything. We plan to add more seats next quarter.
C03529,Harbor Works Co,Media,APAC,Growth,27,1530.87,2025-02-06,2026-08-16,1,7,0,,Costs are acceptable for what we use today. Some room for improvement.
C03530,Nimbus Health Co,Retail,NA,Starter,9,238.92,2025-03-30,2026-03-18,1,7,1,Too expensive,Pricing is fair but the Growth tier is a big jump from Starter.
C03531,Bluepeak Systems Co,SaaS,EMEA,Enterprise,243,19184.62,2025-04-21,2026-08-13,1,8,0,,Would love a two-way calendar sync. Overall it is fine.
C03532,Quantum Partners Ltd,SaaS,EMEA,Enterprise,199,17666.7,2025-03-22,2026-08-02,0,10,0,,Our account manager proactively checks in every month. Keep up the great work.
C03533,Tidewater Learning,Retail,LATAM,Starter,9,280.39,2024-12-09,2026-04-03,6,5,1,Low usage / no longer needed,It took weeks to import our data and the docs were out of date.
C03534,Frontier Robotics,SaaS,EMEA,Enterprise,267,23145.63,2024-10-24,2026-08-28,2,6,0,,"No native Slack or HubSpot connector, so we had to build our own. Frustrating overall."
C03535,Granite Dynamics,Education,APAC,Growth,27,1589.29,2025-09-05,2026-08-29,0,8,0,,"The annual discount helped, monthly pricing feels steep. Happy enough to stay for now."
C03536,Juniper Dynamics,Manufacturing,NA,Starter,13,355.99,2024-03-12,2026-08-24,3,6,0,,Data was missing for two days and nobody told us why.
C03537,Ember Labs,Fintech,APAC,Growth,13,762.06,2024-02-15,2026-04-11,2,7,1,Switched to competitor,Useful tool; the roadmap looks promising. We will see how the next release goes.
C03538,Harbor Capital,Healthcare,NA,Starter,6,178.26,2023-11-08,2026-08-20,0,10,0,,The mobile app is snappy and dependable.
C03539,Crescent Labs Inc,SaaS,EMEA,Growth,43,2437.73,2025-11-25,2026-08-31,0,10,0,,Automation rules removed a ton of manual work.
C03540,Crescent Networks Ltd,Fintech,NA,Enterprise,366,31647.48,2023-01-15,2026-08-12,0,6,0,,Webhook payloads changed without notice and broke our pipeline. It has been a disappointing year.
C03541,Juniper Partners,Media,LATAM,Starter,4,121.61,2023-09-25,2026-05-27,5,3,1,Poor support experience,Chat support only sends links to docs we have already read.
C03542,Tidewater Networks Ltd,Healthcare,LATAM,Growth,40,2365.38,2023-07-08,2026-01-24,3,6,1,Integration gaps,SSO setup with Okta took three support tickets to get working.
C03543,Orbit Health,Media,NA,Starter,9,256.77,2024-04-21,2026-06-09,1,8,1,Too expensive,Would love a two-way calendar sync. Some room for improvement.
C03544,Nimbus Partners,Fintech,EMEA,Growth,43,2624.17,2023-10-08,2026-07-27,2,7,0,,It does the job; adoption is growing slowly.
C03545,Granite Media Ltd,Fintech,EMEA,Growth,64,3227.95,2024-10-06,2026-08-28,1,7,0,,Would love a two-way calendar sync.
C03546,Halcyon Digital,Retail,NA,Starter,10,280.97,2026-05-29,2026-08-17,1,9,0,,The reporting and forecasting features are exactly what we needed.
C03547,Harbor Robotics,Retail,EMEA,Growth,33,1825.2,2024-06-29,2026-08-31,2,4,0,,Missing basic features like bulk edit and custom roles.
C03548,Sable Retail Co,Logistics,EMEA,Starter,8,237.09,2026-05-23,2026-08-11,1,9,0,,The guided setup made data import painless. We plan to add more seats next quarter.
C03549,Copperfield Labs Ltd,SaaS,EMEA,Growth,58,3159.34,2024-01-30,2026-08-29,0,7,0,,"Most of the team uses it weekly, a few power users daily."
C03550,Atlas Labs Inc,Media,NA,Growth,32,1721.02,2025-09-06,2026-06-27,3,6,0,,The support team is friendly but never actually fixes anything. We are evaluating alternatives.
C03551,Summit Labs LLC,Media,APAC,Growth,33,1970.24,2023-06-26,2026-08-24,3,6,0,,Performance degraded badly as our dataset grew. Renewal is unlikely.
C03552,Juniper Media,Healthcare,NA,Starter,10,283.7,2025-02-17,2026-08-22,2,9,0,,Uptime has been perfect for as long as we have used it. Would buy again without hesitation.
C03553,Quantum Partners,Fintech,EMEA,Growth,41,2157.94,2025-08-16,2026-08-16,0,8,0,,"Our account manager is responsive, tier-1 support less so. We will see how the next release goes."
C03554,Mosaic Software GmbH,Retail,NA,Growth,23,1448.78,2025-05-03,2026-08-28,0,7,0,,"The Slack integration is handy, the HubSpot one is limited."
C03555,Keystone Capital Co,Fintech,NA,Growth,23,1403.09,2026-04-11,2026-06-23,1,8,0,,Would like faster responses on weekends.
C03556,Foxglove Works,Manufacturing,NA,Growth,35,2004.54,2025-02-05,2026-08-17,1,9,0,,Feature releases ship every month and they listen to feedback.
C03557,Atlas Robotics Co,Retail,NA,Enterprise,187,15859.34,2025-01-18,2026-08-21,1,10,0,,Plays nicely with every tool in our stack.
C03558,Bluepeak Labs,Logistics,EMEA,Starter,5,137.02,2025-04-05,2026-06-28,6,6,1,Poor support experience,Chat support only sends links to docs we have already read.
C03559,Halcyon Dynamics Ltd,Healthcare,EMEA,Starter,8,232.79,2024-03-27,2026-08-22,3,5,0,,Webhook payloads changed without notice and broke our pipeline.
C03560,Meridian Health Co,Retail,EMEA,Enterprise,294,23242.15,2023-10-07,2026-08-20,0,9,0,,Uptime has been perfect for as long as we have used it. Keep up the great work.
C03561,Redwood Retail GmbH,Education,EMEA,Starter,4,117.12,2026-03-01,2026-08-25,1,8,0,,Pricing is fair but the Growth tier is a big jump from Starter. We will see how the next release goes.
C03562,Evergreen Dynamics Inc,Retail,NA,Enterprise,357,30826.72,2026-05-31,2026-08-24,3,7,0,,"One outage this quarter, communicated well. Overall it is fine."
C03563,Falcon Health,Media,NA,Growth,16,984.61,2026-04-03,2026-08-11,0,9,0,,"Rock solid, we have never seen an outage."
C03564,Solstice Labs,SaaS,EMEA,Enterprise,308,25822.42,2025-08-23,2026-08-24,0,8,0,,It does the job; adoption is growing slowly.
C03565,Ironclad Learning Inc,Logistics,EMEA,Growth,24,1458.37,2023-10-13,2026-08-13,1,5,0,,Overage charges were a nasty surprise on the invoice. Renewal is unlikely.
C03566,Silverlake Labs,Manufacturing,EMEA,Enterprise,70,6211.89,2023-10-26,2026-08-22,0,10,0,,"Support is outstanding, replies within the hour. Keep up the great work."
C03567,Riverbend Logistics LLC,Media,NA,Growth,51,2906.57,2024-01-30,2026-07-01,0,7,0,,Good enough integration options for our stack. Some room for improvement.
C03568,Riverbend Partners,Retail,APAC,Growth,33,1859.57,2024-10-17,2026-08-27,0,8,0,,"Setup took longer than expected, mostly on our side."
C03569,Oakridge Partners Co,Media,NA,Starter,6,168.43,2023-10-29,2026-08-25,2,7,0,,"Mostly stable, with the occasional slow dashboard."
C03570,Silverlake Works,Fintech,EMEA,Starter,4,118.46,2025-10-04,2026-08-23,1,7,0,,We sync with our warehouse nightly and it mostly works.
C03571,Pioneer Supply,Manufacturing,NA,Starter,4,121.06,2023-04-18,2026-08-16,5,3,0,,The mobile app crashes whenever we open a large report.
C03572,Solstice Media,SaaS,EMEA,Enterprise,43,3971.46,2026-03-08,2026-08-14,1,5,0,,The support team is friendly but never actually fixes anything. Would not recommend at this point.
C03573,Nimbus Works LLC,Fintech,NA,Starter,2,56.09,2024-07-31,2026-06-22,2,6,1,Company downsized,Too expensive compared with the alternatives we evaluated.
C03574,Nimbus Group,Retail,EMEA,Growth,13,772.45,2024-05-04,2026-08-20,3,6,0,,Exports randomly fail with no error message. Frustrating overall.
C03575,Juniper Works LLC,Fintech,NA,Growth,16,964.86,2024-07-28,2026-04-07,1,9,1,Poor support experience,Every ticket we raised was resolved the same day. Highly recommended.
C03576,Cobalt Labs LLC,Retail,EMEA,Starter,8,224.3,2024-09-09,2026-06-16,1,8,0,,Costs are acceptable for what we use today.
C03577,Juniper Networks Co,Manufacturing,NA,Enterprise,357,28830.7,2024-12-04,2026-06-23,1,8,0,,"Most of the team uses it weekly, a few power users daily."
C03578,Redwood Networks Inc,Fintech,EMEA,Starter,11,325.66,2024-01-31,2026-08-17,2,9,0,,The Enterprise plan pays for itself in saved hours. Highly recommended.
C03579,Oakridge Media,Manufacturing,NA,Growth,62,3513.98,2024-01-23,2026-08-14,0,9,0,,"Great value for the price, especially on the annual plan."
C03580,Windmill Digital,SaaS,NA,Growth,67,3992.42,2024-04-25,2026-08-24,1,8,0,,Would like more flexible billing for seasonal staff.
C03581,Mosaic Health Co,Manufacturing,EMEA,Starter,5,148.86,2023-07-19,2026-08-17,3,6,0,,Our budget was cut and the platform was the first thing to go.
C03582,Summit Health Co,Manufacturing,NA,Starter,6,165.58,2023-10-18,2026-08-28,0,9,0,,Plays nicely with every tool in our stack.
C03583,Sable Software Co,Retail,NA,Growth,41,2433.22,2024-06-18,2026-08-16,2,8,0,,Reports are a bit slow at month end.
C03584,Crescent Capital,Education,APAC,Starter,1,30.22,2023-02-08,2026-06-27,2,5,0,,The price per seat is hard to justify for a team our size.
C03585,Redwood Foods Inc,Logistics,APAC,Growth,22,1193.89,2024-06-19,2026-08-11,0,8,0,,Onboarding was fine but could use more templates. Happy enough to stay for now.
C03586,Brightline Health Co,Manufacturing,APAC,Growth,29,1640.49,2024-06-15,2026-08-13,0,10,0,,The mobile app is snappy and dependable.
C03587,Northwind Capital,Retail,NA,Starter,5,142.15,2023-01-04,2026-08-18,4,4,0,,The roadmap items we were promised never shipped.
C03588,Halcyon Labs GmbH,Retail,EMEA,Starter,4,119.89,2024-08-23,2026-08-20,2,9,0,,"Great value for the price, especially on the annual plan. Highly recommended."
C03589,Stellar Systems GmbH,Manufacturing,APAC,Starter,7,183.68,2025-04-24,2026-08-15,1,7,0,,Tickets get resolved eventually but it takes follow-ups.
C03590,Redwood Capital Ltd,Fintech,NA,Growth,26,1526.69,2025-09-22,2026-08-31,3,3,0,,Webhook payloads changed without notice and broke our pipeline.
C03591,Redwood Networks,Manufacturing,EMEA,Growth,50,2829.21,2024-05-09,2026-08-27,0,9,0,,The support team clearly knows the product inside out.
C03592,Silverlake Partners GmbH,Fintech,NA,Starter,11,282.84,2024-10-28,2026-01-16,8,3,1,Poor support experience,We opened four tickets for the same bug and got four different answers. Renewal is unlikely.
C03593,Cascade Retail Co,Manufacturing,APAC,Growth,36,2034.32,2023-04-11,2026-08-29,2,5,0,,The API is rate limited so aggressively that our sync jobs fail nightly.
C03594,Frontier Partners,SaaS,EMEA,Growth,50,2838.64,2024-02-21,2026-08-26,0,8,0,,We are on the fence at renewal because of the price increase.
C03595,Sable Group,SaaS,EMEA,Growth,28,1596.05,2025-04-26,2026-08-20,1,6,0,,Too expensive compared with the alternatives we evaluated.
C03596,Ironclad Capital,Logistics,EMEA,Starter,6,165.97,2024-08-14,2026-08-26,2,9,0,,Best customer success team we have worked with. Keep up the great work.
C03597,Cobalt Software Ltd,Media,NA,Starter,8,224.0,2026-05-02,2026-05-18,7,5,1,Poor support experience,We opened four tickets for the same bug and got four different answers. Would not recommend at this point.
C03598,Orbit Labs LLC,Media,NA,Starter,8,207.2,2025-10-12,2026-08-12,2,8,0,,Feature set is competitive but not best in class.
C03599,Sable Group,Logistics,EMEA,Growth,57,3086.78,2026-03-03,2026-08-17,1,7,0,,Feature set is competitive but not best in class. We will see how the next release goes.
C03600,Cascade Dynamics GmbH,Retail,EMEA,Growth,31,1715.91,2024-09-05,2026-04-25,7,3,1,Reliability issues,Dashboards time out constantly when we filter more than a few weeks.
C03601,Ironclad Networks Inc,Fintech,EMEA,Starter,4,110.34,2023-04-08,2026-08-27,1,9,0,,"We were live in two days, which is unheard of for us."
C03602,Atlas Supply,SaaS,NA,Starter,5,150.64,2024-12-09,2026-08-16,0,5,0,,"No native Slack or HubSpot connector, so we had to build our own. Frustrating overall."
C03603,Nimbus Robotics,Retail,EMEA,Growth,31,1707.95,2026-04-21,2026-08-12,2,9,0,,"Support is outstanding, replies within the hour. Highly recommended."
C03604,Northwind Capital Inc,Fintech,NA,Starter,3,87.9,2023-08-09,2026-08-26,2,7,0,,We are still ramping up usage across the team. Happy enough to stay for now.
C03605,Northwind Software Inc,Logistics,NA,Growth,34,1835.58,2026-05-10,2026-08-29,1,7,0,,We are still ramping up usage across the team.
C03606,Mosaic Learning LLC,SaaS,LATAM,Starter,6,179.17,2023-01-10,2026-08-29,1,5,0,,The Salesforce integration breaks every other week. We are evaluating alternatives.
C03607,Pioneer Logistics Inc,SaaS,EMEA,Starter,11,335.47,2025-02-22,2026-08-11,4,7,0,,"Decent value, though we keep an eye on seat costs. Overall it is fine."
C03608,Ember Software,Fintech,EMEA,Growth,39,2105.05,2026-04-01,2026-08-30,2,7,0,,"Decent value, though we keep an eye on seat costs."
C03609,Bluepeak Media Co,SaaS,LATAM,Starter,6,179.3,2023-09-27,2026-08-22,0,10,0,,Fair pricing and no surprise fees. Keep up the great work.
C03610,Cobalt Works,Fintech,NA,Growth,59,3337.3,2023-12-08,2026-08-30,3,4,0,,Escalations go nowhere; we had to chase our account manager repeatedly. Would not recommend at this point.
C03611,Stellar Group Inc,Education,LATAM,Starter,6,176.91,2025-10-27,2026-08-25,0,8,0,,"Fine for simple questions, weaker on technical issues."
C03612,Harbor Partners,Fintech,EMEA,Starter,4,123.78,2024-03-19,2026-08-11,0,9,0,,"Great value for the price, especially on the annual plan. Keep up the great work."
C03613,Ironclad Labs,Healthcare,EMEA,Growth,32,1704.82,2025-04-16,2026-07-10,1,5,0,,The Salesforce integration breaks every other week.
C03614,Tidewater Works Ltd,Media,NA,Starter,5,142.56,2023-05-27,2026-04-09,3,4,1,Reliability issues,Exports randomly fail with no error message. Renewal is unlikely.
C03615,Windmill Supply Inc,Healthcare,NA,Growth,63,3349.38,2025-05-07,2026-08-31,1,6,0,,The mobile app crashes whenever we open a large report.
C03616,Crescent Logistics LLC,Education,NA,Growth,30,1821.33,2024-10-16,2026-08-16,0,6,0,,Missing basic features like bulk edit and custom roles.
C03617,Falcon Systems GmbH,Retail,NA,Enterprise,282,23471.65,2024-09-30,2026-08-27,2,6,0,,Support tickets sit for days before anyone replies.
C03618,Cobalt Foods,SaaS,NA,Starter,12,338.32,2025-07-29,2026-08-25,2,8,0,,"Setup took longer than expected, mostly on our side."
C03619,Redwood Analytics,Fintech,EMEA,Starter,5,154.65,2024-07-25,2026-08-16,2,7,0,,The help center is good; live support is average.
C03620,Ironclad Analytics Co,Logistics,EMEA,Starter,9,279.89,2025-05-25,2026-08-15,2,7,0,,We are still ramping up usage across the team.
C03621,Pioneer Networks,Healthcare,NA,Enterprise,414,34380.06,2024-06-27,2026-08-21,0,7,0,,Good enough integration options for our stack. Overall it is fine.
C03622,Stellar Dynamics Co,Fintech,EMEA,Starter,2,54.83,2025-12-27,2026-08-14,3,6,0,,Support tickets sit for days before anyone replies.
C03623,Quantum Networks,Retail,LATAM,Starter,3,93.49,2024-12-10,2026-05-30,5,5,1,Low usage / no longer needed,Half the team stopped logging in after the first month.
C03624,Halcyon Labs LLC,Media,EMEA,Growth,27,1622.99,2024-01-01,2026-06-30,1,6,0,,Pricing jumped at renewal and nobody warned us.
C03625,Beacon Health Ltd,Education,APAC,Starter,5,147.44,2026-01-26,2026-08-27,2,8,0,,It does the job; adoption is growing slowly.
C03626,Tidewater Capital Inc,Healthcare,EMEA,Growth,26,1540.44,2024-02-06,2026-06-24,2,8,0,,"Good product, waiting on the custom fields feature."
C03627,Solstice Retail Inc,Media,NA,Starter,11,308.79,2026-04-17,2026-08-31,2,6,0,,The mobile app crashes whenever we open a large report.
C03628,Meridian Capital,Education,NA,Growth,13,754.32,2026-05-17,2026-08-21,5,4,0,,We outgrew the product; it is fine for small teams but not for us. Frustrating overall.
C03629,Pioneer Digital GmbH,Education,LATAM,Growth,55,3099.66,2024-12-12,2026-08-29,0,5,0,,"A competitor offered everything we needed at a lower price, so we switched. We are evaluating alternatives."
C03630,Juniper Works Ltd,SaaS,EMEA,Starter,4,113.92,2024-08-05,2026-07-29,2,8,0,,"Fine for simple questions, weaker on technical issues. We will see how the next release goes."
C03631,Cascade Learning LLC,SaaS,APAC,Growth,17,1020.37,2023-12-06,2026-08-27,1,10,0,,Webhooks are reliable and easy to configure.
C03632,Tidewater Learning LLC,Logistics,LATAM,Growth,27,1593.85,2025-11-30,2026-08-31,2,6,0,,"No audit log, which our compliance team requires."
C03633,Foxglove Group Ltd,Healthcare,NA,Starter,9,249.97,2023-12-09,2026-08-28,1,8,0,,"Fine for simple questions, weaker on technical issues."
C03634,Harbor Works,Retail,NA,Enterprise,148,13261.8,2025-02-19,2026-08-14,2,7,0,,Onboarding was fine but could use more templates. Happy enough to stay for now.
C03635,Windmill Digital,Healthcare,EMEA,Growth,24,1449.65,2025-10-23,2026-08-12,5,8,0,,The help center is good; live support is average.
C03636,Nimbus Health,SaaS,NA,Enterprise,307,26175.73,2023-08-19,2026-08-22,1,10,0,,Uptime has been perfect for as long as we have used it.
C03637,Solstice Media,Manufacturing,EMEA,Growth,47,2636.14,2023-08-09,2026-08-21,1,9,0,,Onboarding was smooth and the whole team was productive in a week.
C03638,Nimbus Media Co,SaaS,APAC,Starter,4,107.68,2026-05-06,2026-08-21,3,5,0,,The forecasting module is too simplistic for our use case.
C03639,Orbit Group,Manufacturing,EMEA,Starter,7,199.0,2026-06-13,2026-08-19,0,9,0,,The mobile app is snappy and dependable. Would buy again without hesitation.
C03640,Summit Group GmbH,Healthcare,NA,Starter,7,190.6,2024-02-18,2026-02-23,8,5,1,Budget cuts,It took weeks to import our data and the docs were out of date.
C03641,Brightline Group,Fintech,EMEA,Starter,7,204.01,2023-10-24,2026-07-09,1,6,0,,"No native Slack or HubSpot connector, so we had to build our own. Would not recommend at this point."
C03642,Northwind Systems,SaaS,NA,Starter,5,146.89,2025-03-29,2026-05-24,5,3,1,Too expensive,We pay for features we never use; the plan tiers make no sense.
C03643,Harbor Group Ltd,Manufacturing,APAC,Starter,4,116.66,2025-01-14,2026-08-17,2,5,0,,The setup wizard failed twice and we gave up on the advanced features. Renewal is unlikely.
C03644,Frontier Analytics LLC,SaaS,NA,Starter,11,334.04,2023-11-21,2026-08-15,0,9,0,,The mobile app is snappy and dependable.
C03645,Brightline Learning Co,SaaS,APAC,Enterprise,314,24840.51,2023-10-03,2026-08-27,2,7,0,,It does the job; adoption is growing slowly. We will see how the next release goes.
C03646,Cascade Systems Co,Manufacturing,EMEA,Starter,7,196.51,2025-01-04,2026-08-31,1,8,0,,Would like more flexible billing for seasonal staff.
C03647,Harbor Health GmbH,Fintech,NA,Growth,63,3514.1,2023-12-17,2026-08-31,1,7,0,,Would like faster responses on weekends.
C03648,Solstice Robotics Inc,Retail,EMEA,Growth,52,2883.36,2024-11-21,2026-08-29,1,7,0,,"Decent value, though we keep an eye on seat costs."
C03649,Solstice Learning,Fintech,NA,Growth,27,1509.18,2025-05-27,2026-08-24,1,7,0,,The mobile app lags behind the web app. Happy enough to stay for now.
C03650,Aurora Capital,Media,EMEA,Starter,4,121.55,2023-11-30,2026-06-19,2,8,0,,"Setup took longer than expected, mostly on our side. Overall it is fine."
C03651,Granite Works,Fintech,APAC,Growth,32,1864.23,2024-12-30,2026-08-19,1,9,0,,"Best-in-class dashboards, our execs love them. Would buy again without hesitation."
C03652,Cobalt Capital GmbH,SaaS,APAC,Growth,24,1440.11,2026-06-15,2026-08-13,2,8,0,,"The Slack integration is handy, the HubSpot one is limited. Overall it is fine."
C03653,Mosaic Software,Fintech,NA,Enterprise,342,27042.1,2024-11-17,2026-08-13,0,6,0,,The roadmap items we were promised never shipped.
C03654,Pioneer Health Inc,SaaS,EMEA,Starter,5,145.93,2023-06-29,2026-08-30,0,9,0,,Performance is excellent even at month-end peaks.
C03655,Crescent Studio Ltd,Fintech,APAC,Starter,3,88.18,2025-07-26,2026-08-01,0,10,0,,Webhooks are reliable and easy to configure. Would buy again without hesitation.
C03656,Cascade Foods,SaaS,APAC,Growth,62,3364.95,2024-07-19,2026-08-20,0,9,0,,Pricing is transparent and scales sensibly with our team. We plan to add more seats next quarter.
C03657,Falcon Logistics,SaaS,NA,Starter,6,183.38,2025-07-03,2026-08-12,1,6,0,,No phone support and email replies take forever. Frustrating overall.
C03658,Mosaic Supply,Retail,NA,Growth,19,1115.8,2023-02-10,2026-06-14,0,7,0,,Uptime is fine; performance on large filters could improve.
C03659,Crescent Learning Co,Media,LATAM,Growth,66,3926.28,2025-06-27,2026-08-22,1,8,0,,We are still ramping up usage across the team.
C03660,Copperfield Digital Ltd,SaaS,NA,Growth,52,2942.62,2025-05-21,2026-08-26,0,8,0,,"One outage this quarter, communicated well. Some room for improvement."
C03661,Windmill Partners Inc,SaaS,NA,Enterprise,268,22801.25,2023-01-05,2026-07-23,2,7,0,,"No major issues, some minor bugs here and there. Some room for improvement."
C03662,Sable Retail Inc,Media,APAC,Growth,45,2560.06,2024-08-12,2026-08-31,2,4,0,,Webhook payloads changed without notice and broke our pipeline.
C03663,Beacon Partners GmbH,Media,NA,Enterprise,111,9912.63,2024-08-22,2026-06-08,1,7,0,,The help center is good; live support is average. Happy enough to stay for now.
C03664,Copperfield Health GmbH,Education,APAC,Growth,49,2785.32,2024-12-15,2026-08-18,2,7,0,,"Does what it says, nothing spectacular. We will see how the next release goes."
C03665,Northwind Health,Fintech,NA,Starter,6,173.47,2025-02-25,2026-08-21,2,9,0,,Custom roles and audit logs made our compliance team happy.
C03666,Vertex Foods,Retail,EMEA,Growth,27,1550.95,2025-06-10,2026-08-15,1,9,0,,Adoption was instant; people actually enjoy using it.
C03667,Windmill Robotics Ltd,SaaS,LATAM,Growth,26,1465.15,2026-03-11,2026-08-16,2,7,0,,Reports are a bit slow at month end. Happy enough to stay for now.
C03668,Falcon Learning Inc,SaaS,LATAM,Enterprise,264,20046.72,2025-09-01,2026-01-30,3,5,1,Reliability issues,Frequent logouts and stale sessions made it unusable for the field team. Frustrating overall.
C03669,Ember Analytics,Retail,LATAM,Starter,3,87.61,2024-02-01,2026-06-02,5,5,1,Poor support experience,Support tickets sit for days before anyone replies. It has been a disappointing year.
C03670,Keystone Foods Inc,Healthcare,APAC,Starter,6,171.3,2026-05-17,2026-08-28,3,4,0,,The per-seat model punishes us every time we onboard a contractor. Frustrating overall.
C03671,Tidewater Software,Fintech,NA,Enterprise,237,19677.0,2024-09-02,2026-04-08,1,8,1,Missing features,Covers our core needs; advanced reporting is limited. Overall it is fine.
C03672,Granite Labs,Healthcare,LATAM,Starter,8,241.55,2026-01-07,2026-08-20,0,7,0,,Would like faster responses on weekends.
C03673,Meridian Dynamics,Fintech,LATAM,Growth,29,1703.33,2024-09-11,2026-08-29,0,10,0,,The guided setup made data import painless.
C03674,Halcyon Digital GmbH,Fintech,EMEA,Growth,22,1396.39,2024-02-18,2026-08-27,2,7,0,,Support quality varies a lot depending on who picks up the ticket.
C03675,Atlas Studio,Manufacturing,NA,Starter,12,340.02,2025-07-11,2026-02-05,1,7,1,Onboarding too complex,"Setup took longer than expected, mostly on our side. Overall it is fine."
C03676,Redwood Capital,Media,NA,Starter,8,222.99,2025-07-16,2026-08-19,3,6,0,,The support team is friendly but never actually fixes anything. We are evaluating alternatives.
C03677,Cascade Analytics,Fintech,EMEA,Growth,47,2449.16,2023-06-03,2026-08-22,2,8,0,,We are on the fence at renewal because of the price increase.
C03678,Tidewater Software Co,Healthcare,EMEA,Starter,6,179.03,2023-04-07,2026-01-18,9,1,1,Poor support experience,Chat support only sends links to docs we have already read. Renewal is unlikely.
C03679,Brightline Foods Ltd,Fintech,NA,Growth,33,1894.11,2025-08-25,2026-08-19,3,6,0,,Response times got noticeably worse over the last quarter.
C03680,Redwood Media Inc,SaaS,NA,Growth,58,3106.79,2023-06-23,2026-08-20,3,6,0,,"A competitor offered everything we needed at a lower price, so we switched. Renewal is unlikely."
C03681,Frontier Health LLC,Manufacturing,EMEA,Growth,57,2994.48,2024-08-08,2026-08-19,3,7,0,,Reports are a bit slow at month end. Overall it is fine.
C03682,Halcyon Analytics Inc,SaaS,NA,Starter,9,276.98,2024-08-09,2026-08-25,1,6,0,,Support tickets sit for days before anyone replies.
C03683,Tidewater Learning,Retail,LATAM,Starter,4,109.27,2024-07-14,2026-08-30,5,5,0,,Frequent logouts and stale sessions made it unusable for the field team.
C03684,Meridian Supply,Retail,NA,Growth,21,1289.07,2024-08-09,2026-08-20,2,8,0,,Costs are acceptable for what we use today. Happy enough to stay for now.
C03685,Copperfield Systems,SaaS,NA,Starter,8,226.7,2026-04-28,2026-04-29,4,3,1,Too expensive,We could not connect it to our data warehouse without a consultant.
C03686,Meridian Partners Inc,SaaS,NA,Starter,1,29.46,2024-10-07,2026-08-21,0,9,0,,Custom roles and audit logs made our compliance team happy. Would buy again without hesitation.
C03687,Ember Digital Co,Fintech,APAC,Enterprise,159,13956.21,2026-01-12,2026-06-08,0,8,0,,Costs are acceptable for what we use today.
C03688,Vertex Media,Logistics,APAC,Starter,3,88.66,2024-08-29,2026-08-28,2,5,0,,Zapier is the only integration path and it is flaky.
C03689,Meridian Analytics,Healthcare,NA,Starter,7,200.6,2024-08-25,2026-08-16,2,7,0,,Integrations cover the basics; we still miss a native Jira connector.
C03690,Copperfield Supply,Retail,NA,Enterprise,128,11372.71,2025-03-29,2026-08-31,1,6,0,,Support tickets sit for days before anyone replies. It has been a disappointing year.
C03691,Lumen Retail,SaaS,NA,Starter,4,117.34,2023-10-26,2026-08-25,0,8,0,,Good enough integration options for our stack.
C03692,Frontier Group,Healthcare,NA,Starter,8,266.17,2026-05-02,2026-08-18,3,5,0,,SSO setup with Okta took three support tickets to get working.
C03693,Redwood Labs,SaaS,EMEA,Starter,8,216.18,2026-04-04,2026-04-05,2,9,1,Low usage / no longer needed,Excellent documentation and training videos. Would buy again without hesitation.
C03694,Redwood Digital Inc,Healthcare,NA,Growth,23,1263.64,2023-08-09,2026-08-26,3,7,0,,Integrations cover the basics; we still miss a native Jira connector.
C03695,Summit Networks,Manufacturing,EMEA,Enterprise,358,31323.81,2023-07-07,2026-08-21,0,6,0,,Performance degraded badly as our dataset grew.
C03696,Sable Systems GmbH,Retail,NA,Growth,30,1767.75,2024-04-01,2026-08-20,0,8,0,,Costs are acceptable for what we use today.
C03697,Zenith Works GmbH,Fintech,EMEA,Enterprise,112,9723.61,2023-08-31,2026-08-29,2,7,0,,"Fine for simple questions, weaker on technical issues. Overall it is fine."
C03698,Granite Works,SaaS,NA,Starter,3,83.18,2023-04-05,2026-08-31,2,5,0,,Escalations go nowhere; we had to chase our account manager repeatedly.
C03699,Silverlake Logistics,SaaS,NA,Growth,19,1123.43,2025-10-28,2026-01-13,4,3,1,Poor support experience,Chat support only sends links to docs we have already read.
C03700,Mosaic Labs Co,Retail,NA,Starter,5,147.65,2023-09-13,2026-08-26,2,9,0,,Onboarding was smooth and the whole team was productive in a week. We plan to add more seats next quarter.
C03701,Frontier Supply GmbH,Media,NA,Enterprise,182,14982.22,2024-04-15,2026-08-20,3,6,0,,"A competitor offered everything we needed at a lower price, so we switched. Would not recommend at this point."
C03702,Summit Dynamics Ltd,Fintech,NA,Enterprise,243,20638.07,2026-06-13,2026-08-31,0,7,0,,Reports are a bit slow at month end. Some room for improvement.
C03703,Copperfield Health Co,Healthcare,LATAM,Starter,7,191.94,2024-05-24,2026-06-24,4,4,1,Poor support experience,Response times got noticeably worse over the last quarter. Renewal is unlikely.
C03704,Mosaic Systems GmbH,Education,NA,Enterprise,430,36755.96,2023-02-20,2026-08-25,1,7,0,,Would like more flexible billing for seasonal staff.
C03705,Riverbend Group,SaaS,NA,Growth,44,2553.87,2023-11-07,2026-08-19,1,5,0,,Zapier is the only integration path and it is flaky. Frustrating overall.
C03706,Redwood Group Ltd,SaaS,NA,Starter,8,220.52,2023-09-30,2026-08-16,1,6,0,,It took weeks to import our data and the docs were out of date.
C03707,Riverbend Supply,Fintech,APAC,Growth,47,2445.0,2024-12-10,2026-08-16,2,6,0,,Escalations go nowhere; we had to chase our account manager repeatedly.
C03708,Copperfield Group,Education,LATAM,Enterprise,260,22920.37,2024-06-28,2026-07-27,0,7,0,,"Solid basics, some rough edges in the admin console."
C03709,Ember Media,Retail,APAC,Starter,10,274.74,2023-04-09,2026-01-06,8,2,1,Budget cuts,The price per seat is hard to justify for a team our size.
C03710,Harbor Digital,Manufacturing,EMEA,Starter,5,149.88,2024-01-09,2026-08-28,2,5,0,,Zapier is the only integration path and it is flaky.
C03711,Mosaic Group Inc,Media,APAC,Enterprise,151,12734.78,2024-08-20,2026-08-19,1,6,0,,Chat support only sends links to docs we have already read.
C03712,Lumen Works,Manufacturing,NA,Starter,10,285.15,2024-11-26,2026-08-29,0,9,0,,Plays nicely with every tool in our stack.
C03713,Foxglove Group GmbH,Logistics,APAC,Starter,5,153.51,2024-06-16,2026-08-23,2,6,0,,SSO setup with Okta took three support tickets to get working. Frustrating overall.
C03714,Mosaic Media,Manufacturing,APAC,Growth,46,2617.73,2026-06-17,2026-08-29,0,7,0,,"One outage this quarter, communicated well. Some room for improvement."
C03715,Ember Studio,Media,NA,Growth,33,1830.97,2024-09-19,2026-06-11,3,8,0,,"Fine for simple questions, weaker on technical issues."
C03716,Halcyon Digital Co,Media,EMEA,Starter,2,53.01,2025-06-17,2026-08-14,3,4,0,,No phone support and email replies take forever. Would not recommend at this point.
C03717,Windmill Works Inc,Manufacturing,NA,Starter,7,208.78,2024-12-30,2026-08-31,0,10,0,,"Support is outstanding, replies within the hour. Keep up the great work."
C03718,Juniper Group,Manufacturing,NA,Enterprise,87,7666.98,2024-06-01,2026-08-26,2,6,0,,Missing basic features like bulk edit and custom roles.
C03719,Meridian Digital,Logistics,APAC,Growth,54,2936.74,2023-02-06,2026-08-30,2,7,0,,Costs are acceptable for what we use today.
C03720,Crescent Partners,Retail,NA,Growth,39,2140.56,2025-05-21,2026-08-11,2,6,0,,The price per seat is hard to justify for a team our size.
C03721,Nimbus Dynamics Inc,Healthcare,EMEA,Enterprise,155,14033.12,2026-01-01,2026-08-13,0,10,0,,The platform is fast and stable; no complaints.
C03722,Meridian Studio,Retail,LATAM,Starter,4,114.82,2026-01-17,2026-08-20,6,4,0,,Frequent logouts and stale sessions made it unusable for the field team.
C03723,Bluepeak Robotics Inc,Media,EMEA,Enterprise,148,11745.42,2025-10-09,2026-08-28,0,8,0,,Documentation is solid but a guided setup call would have helped.
C03724,Falcon Supply Inc,Retail,NA,Growth,75,4357.17,2023-10-20,2026-08-11,4,7,0,,"Support is okay, sometimes quick, sometimes slow. Some room for improvement."
C03725,Bluepeak Group GmbH,Manufacturing,EMEA,Enterprise,322,27882.89,2024-07-30,2026-08-30,1,6,0,,We could not connect it to our data warehouse without a consultant.
C03726,Granite Media Co,Manufacturing,APAC,Starter,3,89.66,2025-07-03,2026-08-26,2,6,0,,Exports randomly fail with no error message.
C03727,Aurora Logistics GmbH,Logistics,NA,Starter,4,122.91,2025-07-22,2026-02-07,2,8,1,Too expensive,Costs are acceptable for what we use today.
C03728,Quantum Analytics,Fintech,NA,Growth,52,3049.91,2025-02-22,2026-06-24,5,1,1,Poor support experience,We opened four tickets for the same bug and got four different answers. Renewal is unlikely.
C03729,Falcon Group GmbH,Education,EMEA,Enterprise,170,13795.23,2023-03-04,2026-08-28,1,9,0,,Webhooks are reliable and easy to configure.
C03730,Solstice Retail Ltd,Manufacturing,LATAM,Enterprise,100,8694.73,2025-07-25,2026-08-12,3,6,0,,We pay for features we never use; the plan tiers make no sense. It has been a disappointing year.
C03731,Granite Retail,Logistics,NA,Starter,10,299.77,2024-12-22,2026-07-14,4,8,0,,Would like faster responses on weekends.
C03732,Silverlake Media,Media,NA,Growth,46,2497.52,2023-04-18,2026-08-28,0,6,0,,SSO setup with Okta took three support tickets to get working.
C03733,Pioneer Group Ltd,Healthcare,LATAM,Starter,11,316.81,2024-11-18,2026-08-11,1,7,0,,"Fine for simple questions, weaker on technical issues."
C03734,Summit Studio,Healthcare,NA,Growth,19,1070.7,2025-07-24,2026-08-11,2,7,0,,Uptime is fine; performance on large filters could improve.
C03735,Halcyon Networks,SaaS,NA,Enterprise,349,30054.27,2026-04-08,2026-08-29,0,8,0,,"Fine for simple questions, weaker on technical issues."
C03736,Lumen Digital,Logistics,EMEA,Growth,54,3010.64,2025-10-02,2026-08-24,1,7,0,,Would prefer usage-based pricing over per-seat. Overall it is fine.
C03737,Redwood Networks,Fintech,NA,Starter,13,374.66,2023-12-01,2026-07-06,0,8,0,,The API works but the docs could be clearer. We will see how the next release goes.
C03738,Orbit Health Co,Education,NA,Enterprise,66,5739.16,2025-05-26,2026-08-28,2,6,0,,"A competitor offered everything we needed at a lower price, so we switched."
C03739,Oakridge Health LLC,Manufacturing,EMEA,Starter,5,152.01,2025-05-11,2026-08-12,3,4,0,,It took weeks to import our data and the docs were out of date. We are evaluating alternatives.
C03740,Oakridge Supply Co,Retail,EMEA,Growth,26,1549.69,2023-09-09,2026-08-24,0,8,0,,Pricing is fair but the Growth tier is a big jump from Starter. Happy enough to stay for now.
C03741,Zenith Labs Co,SaaS,EMEA,Growth,31,1777.03,2025-11-25,2026-08-15,2,7,0,,"Setup took longer than expected, mostly on our side. Happy enough to stay for now."
C03742,Nimbus Software Co,SaaS,NA,Growth,33,1658.39,2023-07-25,2026-06-24,1,6,0,,Performance degraded badly as our dataset grew. Renewal is unlikely.
C03743,Copperfield Works GmbH,Media,EMEA,Growth,27,1596.62,2025-08-15,2026-08-23,3,10,0,,The platform is fast and stable; no complaints.
C03744,Frontier Retail,Retail,EMEA,Growth,18,1031.55,2025-07-31,2026-08-19,5,4,0,,Performance degraded badly as our dataset grew.
C03745,Cobalt Supply,SaaS,APAC,Starter,6,174.25,2026-05-11,2026-08-28,0,8,0,,"Fine for simple questions, weaker on technical issues. Overall it is fine."
C03746,Bluepeak Supply GmbH,Education,APAC,Starter,9,270.85,2025-04-06,2026-08-09,2,7,0,,The help center is good; live support is average.
C03747,Mosaic Dynamics,Fintech,EMEA,Growth,22,1317.21,2023-04-02,2026-08-22,0,7,0,,"Decent value, though we keep an eye on seat costs. Overall it is fine."
C03748,Halcyon Retail Ltd,Media,APAC,Growth,51,2800.4,2026-06-09,2026-08-25,2,6,0,,Reporting is too rigid; we ended up exporting to spreadsheets anyway.
C03749,Evergreen Software Ltd,Fintech,APAC,Growth,42,2305.72,2024-05-04,2026-08-23,1,7,0,,"Good product, waiting on the custom fields feature."
C03750,Sable Labs Co,SaaS,NA,Starter,5,135.95,2024-08-03,2026-08-25,4,5,0,,We had three outages in one month during peak hours. Renewal is unlikely.
C03751,Granite Retail LLC,SaaS,LATAM,Starter,5,139.74,2026-01-12,2026-08-26,1,10,0,,SSO and SCIM provisioning worked out of the box. We plan to add more seats next quarter.
C03752,Keystone Dynamics,Retail,APAC,Growth,65,3726.52,2023-10-20,2026-08-31,0,8,0,,"No major issues, some minor bugs here and there."
C03753,Evergreen Media,Retail,NA,Growth,53,2849.3,2025-04-25,2026-08-20,0,9,0,,Webhooks are reliable and easy to configure. Highly recommended.
C03754,Falcon Works GmbH,Manufacturing,NA,Growth,30,1850.74,2025-09-09,2026-08-18,2,7,0,,We are still ramping up usage across the team. Some room for improvement.
C03755,Frontier Dynamics GmbH,Retail,EMEA,Growth,50,2834.19,2024-11-06,2026-04-28,3,5,1,Reliability issues,Zapier is the only integration path and it is flaky.
C03756,Juniper Works Co,Fintech,NA,Starter,4,120.08,2025-08-13,2026-08-26,1,7,0,,Would love a two-way calendar sync.
C03757,Solstice Learning LLC,Fintech,EMEA,Starter,7,205.7,2025-06-29,2026-08-22,5,3,0,,We opened four tickets for the same bug and got four different answers.
C03758,Granite Networks,Fintech,EMEA,Starter,8,227.95,2024-10-28,2026-08-03,4,5,0,,Data was missing for two days and nobody told us why.
C03759,Halcyon Health Inc,Logistics,NA,Growth,38,2072.45,2023-04-27,2026-07-26,0,9,1,Low usage / no longer needed,It does the job; adoption is growing slowly.
C03760,Harbor Logistics LLC,SaaS,NA,Starter,5,148.71,2025-08-09,2026-08-21,0,8,0,,Support quality varies a lot depending on who picks up the ticket. Overall it is fine.
C03761,Bluepeak Partners,Logistics,APAC,Starter,2,53.07,2025-10-04,2026-08-22,0,5,0,,Our budget was cut and the platform was the first thing to go.
C03762,Orbit Media,Fintech,NA,Enterprise,51,4929.18,2024-02-01,2026-08-15,0,7,0,,Costs are acceptable for what we use today.
C03763,Copperfield Analytics,SaaS,EMEA,Starter,9,255.78,2025-11-10,2026-04-20,6,4,1,Low usage / no longer needed,Adoption stalled because the learning curve is steep. Renewal is unlikely.
C03764,Orbit Media Co,Fintech,NA,Growth,25,1469.91,2023-10-03,2026-08-18,0,7,0,,The tutorials are helpful; the data import could be smoother. Overall it is fine.
C03765,Summit Systems LLC,SaaS,EMEA,Starter,7,202.37,2023-08-07,2026-08-27,5,4,0,,The price per seat is hard to justify for a team our size.
C03766,Evergreen Learning,Manufacturing,EMEA,Starter,4,115.82,2023-06-10,2026-08-11,4,6,0,,We could not connect it to our data warehouse without a consultant.
C03767,Redwood Works,Retail,NA,Starter,5,137.38,2024-12-05,2026-07-17,4,5,1,Too expensive,Missing basic features like bulk edit and custom roles.
C03768,Beacon Dynamics,Fintech,EMEA,Enterprise,197,16678.16,2024-01-06,2026-08-18,3,5,0,,The roadmap items we were promised never shipped. It has been a disappointing year.
C03769,Sable Partners Ltd,Education,EMEA,Growth,70,3932.22,2025-06-05,2026-08-05,0,10,0,,Powerful yet simple; it grows with us.
C03770,Solstice Retail Co,Healthcare,NA,Growth,63,3174.12,2025-04-15,2026-08-24,1,6,0,,Our budget was cut and the platform was the first thing to go. Renewal is unlikely.
C03771,Foxglove Logistics,Logistics,NA,Enterprise,90,7855.15,2024-06-28,2026-08-02,1,6,0,,The forecasting module is too simplistic for our use case.
C03772,Harbor Analytics LLC,Logistics,EMEA,Starter,12,360.47,2023-11-26,2026-08-13,1,8,0,,The API works but the docs could be clearer.
C03773,Mosaic Studio GmbH,Education,EMEA,Growth,19,1152.83,2026-03-13,2026-08-12,1,6,0,,Performance degraded badly as our dataset grew. Would not recommend at this point.
C03774,Ironclad Group,Manufacturing,EMEA,Starter,7,205.43,2026-02-01,2026-02-02,1,6,1,Low usage / no longer needed,Escalations go nowhere; we had to chase our account manager repeatedly. It has been a disappointing year.
C03775,Oakridge Works,Manufacturing,APAC,Starter,7,197.46,2024-03-18,2026-08-22,1,9,0,,The support team clearly knows the product inside out.
C03776,Cascade Learning,Retail,NA,Enterprise,121,10473.61,2023-11-15,2026-08-28,1,7,0,,"One outage this quarter, communicated well."
C03777,Aurora Learning Inc,Education,NA,Starter,8,220.84,2025-10-22,2026-08-27,1,6,0,,The forecasting module is too simplistic for our use case. Would not recommend at this point.
C03778,Northwind Labs,SaaS,EMEA,Enterprise,449,37575.79,2025-05-23,2026-08-20,1,7,0,,"Mostly stable, with the occasional slow dashboard."
C03779,Beacon Works GmbH,Manufacturing,EMEA,Growth,54,2808.14,2024-08-05,2026-08-28,0,10,0,,It became part of our daily workflow almost immediately. Highly recommended.
C03780,Foxglove Works Ltd,Logistics,APAC,Starter,12,345.74,2024-11-04,2026-08-29,6,2,0,,We opened four tickets for the same bug and got four different answers.
C03781,Harbor Health,SaaS,NA,Starter,5,139.02,2025-07-14,2026-08-26,2,8,0,,The API works but the docs could be clearer. Some room for improvement.
C03782,Vertex Labs GmbH,Media,EMEA,Growth,17,1033.32,2023-09-27,2026-08-24,2,7,0,,"Good product, waiting on the custom fields feature. We will see how the next release goes."
C03783,Beacon Health LLC,Logistics,EMEA,Growth,63,3516.71,2026-06-25,2026-08-26,1,7,0,,We are on the fence at renewal because of the price increase.
C03784,Ember Logistics,Fintech,NA,Starter,4,113.35,2024-12-10,2026-06-24,3,6,1,Integration gaps,The Salesforce integration breaks every other week.
C03785,Keystone Media GmbH,Healthcare,EMEA,Growth,40,2290.52,2023-06-12,2026-01-26,0,10,1,Onboarding too complex,Onboarding was fine but could use more templates. Happy enough to stay for now.
C03786,Beacon Learning Co,Logistics,EMEA,Starter,5,139.45,2026-05-03,2026-06-18,7,3,1,Too expensive,Too expensive compared with the alternatives we evaluated.
C03787,Solstice Networks,Logistics,NA,Enterprise,335,28150.46,2026-06-25,2026-08-16,3,6,0,,The Salesforce integration breaks every other week.
C03788,Bluepeak Media LLC,SaaS,NA,Starter,9,254.58,2026-04-19,2026-08-27,0,8,0,,We are still ramping up usage across the team. Overall it is fine.
C03789,Silverlake Health,Fintech,NA,Growth,21,1275.79,2025-06-10,2026-08-31,1,7,0,,"Our account manager is responsive, tier-1 support less so. We will see how the next release goes."
C03790,Lumen Group Ltd,Education,APAC,Growth,52,2926.68,2024-01-08,2026-08-03,0,7,0,,"Fine for simple questions, weaker on technical issues. Overall it is fine."
C03791,Oakridge Foods,Fintech,NA,Growth,35,2020.46,2024-11-07,2026-08-23,1,6,0,,Too expensive compared with the alternatives we evaluated. Would not recommend at this point.
C03792,Juniper Partners Inc,Fintech,NA,Enterprise,297,25075.51,2024-11-15,2026-08-21,2,6,0,,The Salesforce integration breaks every other week. We are evaluating alternatives.
C03793,Windmill Studio Co,SaaS,NA,Enterprise,260,19288.88,2024-10-11,2026-08-18,4,4,0,,Escalations go nowhere; we had to chase our account manager repeatedly.
C03794,Evergreen Works Co,SaaS,NA,Starter,3,85.5,2023-07-12,2026-08-22,1,7,0,,It does the job; adoption is growing slowly.
C03795,Riverbend Partners,Healthcare,NA,Starter,4,123.26,2024-02-01,2026-03-18,4,4,1,Too expensive,The per-seat model punishes us every time we onboard a contractor. Frustrating overall.
C03796,Cascade Logistics,Education,EMEA,Growth,16,931.73,2024-08-21,2026-08-20,1,10,0,,The platform is fast and stable; no complaints. Highly recommended.
C03797,Cobalt Studio,Education,NA,Starter,4,107.1,2024-11-05,2026-08-20,0,10,0,,Feature releases ship every month and they listen to feedback.
C03798,Meridian Robotics Inc,Manufacturing,NA,Growth,51,2848.67,2024-02-15,2026-06-30,1,3,1,Integration gaps,SSO setup with Okta took three support tickets to get working. Renewal is unlikely.
C03799,Falcon Partners Ltd,Retail,NA,Starter,8,236.86,2025-07-21,2026-08-16,2,6,0,,Reporting is too rigid; we ended up exporting to spreadsheets anyway.
C03800,Copperfield Learning Co,Fintech,NA,Enterprise,82,7330.13,2026-04-01,2026-08-17,0,6,0,,Webhook payloads changed without notice and broke our pipeline.
C03801,Tidewater Media LLC,SaaS,NA,Growth,50,2716.42,2024-08-18,2026-08-17,1,7,0,,"Most of the team uses it weekly, a few power users daily. Overall it is fine."
C03802,Halcyon Retail LLC,SaaS,EMEA,Growth,33,1749.34,2025-03-18,2026-07-16,2,6,1,Switched to competitor,The price per seat is hard to justify for a team our size. Would not recommend at this point.
C03803,Quantum Capital,Fintech,EMEA,Starter,8,236.85,2023-09-03,2026-08-18,2,8,0,,"Mostly stable, with the occasional slow dashboard. We will see how the next release goes."
C03804,Meridian Learning,SaaS,EMEA,Enterprise,331,27916.71,2023-08-24,2026-08-29,0,7,0,,"Fine for simple questions, weaker on technical issues."
C03805,Zenith Digital Inc,SaaS,NA,Growth,46,2406.32,2023-04-04,2026-08-29,0,9,0,,Support even helped us design our dashboards. Would buy again without hesitation.
C03806,Tidewater Robotics Ltd,SaaS,APAC,Growth,14,825.68,2026-06-20,2026-08-20,0,10,0,,Fair pricing and no surprise fees. Keep up the great work.
C03807,Cascade Works Ltd,Education,EMEA,Enterprise,196,16009.8,2024-01-20,2026-08-16,1,6,0,,It took weeks to import our data and the docs were out of date. It has been a disappointing year.
C03808,Sable Group Inc,Healthcare,NA,Starter,5,153.47,2025-06-04,2026-08-29,3,7,0,,Would prefer usage-based pricing over per-seat.
C03809,Tidewater Works,Logistics,NA,Starter,4,120.15,2025-03-07,2026-08-18,0,8,0,,"Mostly stable, with the occasional slow dashboard."
C03810,Lumen Group Inc,Manufacturing,APAC,Starter,9,259.72,2023-06-21,2026-07-25,1,7,0,,Useful tool; the roadmap looks promising.
C03811,Oakridge Capital LLC,Healthcare,NA,Growth,27,1598.17,2023-08-01,2026-08-11,0,9,0,,Adoption was instant; people actually enjoy using it.
C03812,Summit Retail,SaaS,NA,Growth,43,2455.09,2025-10-17,2026-08-27,0,7,0,,Useful tool; the roadmap looks promising.
C03813,Brightline Software,Healthcare,EMEA,Starter,2,57.6,2025-10-12,2026-08-02,1,10,0,,We expanded to two more teams because it works so well. Would buy again without hesitation.
C03814,Riverbend Media LLC,SaaS,NA,Enterprise,100,9486.3,2024-12-12,2026-08-30,2,5,0,,The support team is friendly but never actually fixes anything. Renewal is unlikely.
C03815,Sable Media Co,Retail,LATAM,Starter,9,276.42,2024-03-15,2026-05-31,3,6,1,Low usage / no longer needed,It took weeks to import our data and the docs were out of date. We are evaluating alternatives.
C03816,Nimbus Learning,Retail,NA,Growth,23,1330.35,2024-05-25,2026-08-28,2,5,0,,Performance degraded badly as our dataset grew.
C03817,Zenith Partners,Retail,NA,Growth,32,1871.45,2025-10-06,2026-08-22,4,3,0,,The price per seat is hard to justify for a team our size. We are evaluating alternatives.
C03818,Evergreen Partners,Fintech,NA,Starter,4,122.29,2023-09-08,2026-06-28,2,5,1,Low usage / no longer needed,We outgrew the product; it is fine for small teams but not for us. It has been a disappointing year.
C03819,Quantum Works Co,Education,NA,Starter,11,322.17,2023-04-23,2026-08-12,6,4,0,,The per-seat model punishes us every time we onboard a contractor.
C03820,Sable Analytics,Media,APAC,Growth,63,3395.43,2023-12-21,2026-08-17,2,6,0,,The API is rate limited so aggressively that our sync jobs fail nightly.
C03821,Brightline Digital,Manufacturing,APAC,Growth,53,2935.58,2023-08-31,2026-07-18,4,3,1,Poor support experience,Support tickets sit for days before anyone replies.
C03822,Falcon Robotics GmbH,Healthcare,APAC,Starter,5,143.58,2023-08-02,2026-08-24,1,9,0,,Support even helped us design our dashboards.
C03823,Redwood Partners,Healthcare,EMEA,Growth,37,1965.81,2024-08-14,2026-08-11,3,3,0,,The support team is friendly but never actually fixes anything. Frustrating overall.
C03824,Solstice Dynamics GmbH,SaaS,NA,Growth,38,2129.45,2025-10-22,2026-03-01,2,8,1,Too expensive,Costs are acceptable for what we use today.
C03825,Atlas Digital,Education,NA,Starter,8,222.5,2025-06-01,2026-08-14,5,3,0,,We opened four tickets for the same bug and got four different answers. It has been a disappointing year.
C03826,Quantum Capital Ltd,Healthcare,NA,Growth,58,3139.36,2023-12-15,2026-08-22,4,5,0,,Frequent logouts and stale sessions made it unusable for the field team.
C03827,Foxglove Foods,Fintech,APAC,Starter,3,85.87,2024-06-25,2026-06-18,2,10,0,,Support even helped us design our dashboards.
C03828,Orbit Systems GmbH,Fintech,EMEA,Enterprise,150,11933.18,2024-08-22,2026-08-13,0,8,0,,"Good product, waiting on the custom fields feature. We will see how the next release goes."
C03829,Solstice Labs LLC,Logistics,EMEA,Growth,56,3153.65,2024-05-11,2026-08-30,0,8,0,,Costs are acceptable for what we use today.
C03830,Falcon Foods,Healthcare,EMEA,Starter,4,114.94,2026-05-20,2026-06-14,4,5,1,Poor support experience,Support tickets sit for days before anyone replies.
C03831,Crescent Robotics,Retail,APAC,Growth,17,1055.11,2026-04-27,2026-07-14,7,3,1,Onboarding too complex,We were never shown how to use the reporting module.
C03832,Summit Partners,Healthcare,NA,Starter,8,229.73,2026-06-23,2026-08-12,1,7,0,,Would like faster responses on weekends.
C03833,Cobalt Health LLC,Retail,EMEA,Enterprise,205,16970.19,2024-06-18,2026-02-13,5,5,1,Poor support experience,Dashboards time out constantly when we filter more than a few weeks. We are evaluating alternatives.
C03834,Orbit Networks,Retail,EMEA,Growth,33,1745.19,2025-10-06,2026-08-15,1,9,0,,Reliable exports and fast reports every time.
C03835,Frontier Systems GmbH,Fintech,APAC,Starter,7,203.32,2025-07-27,2026-07-11,3,4,1,Poor support experience,Support tickets sit for days before anyone replies.
C03836,Keystone Learning,Retail,NA,Growth,22,1300.32,2025-10-16,2026-08-10,2,6,0,,We pay for features we never use; the plan tiers make no sense.
C03837,Meridian Logistics GmbH,Education,NA,Starter,9,268.74,2023-07-26,2026-06-15,3,6,0,,Dashboards time out constantly when we filter more than a few weeks.
C03838,Brightline Systems,SaaS,EMEA,Enterprise,62,5723.64,2026-04-20,2026-08-19,2,5,0,,The price per seat is hard to justify for a team our size. We are evaluating alternatives.
C03839,Frontier Software GmbH,Manufacturing,APAC,Enterprise,139,12676.54,2026-04-12,2026-08-21,2,8,0,,"One outage this quarter, communicated well."
C03840,Lumen Digital,Fintech,LATAM,Growth,17,1021.3,2025-10-13,2026-08-20,2,7,0,,Reports are a bit slow at month end. Some room for improvement.
C03841,Juniper Partners Co,Education,EMEA,Growth,26,1473.45,2024-12-31,2026-08-27,3,7,0,,"Good product, waiting on the custom fields feature."
C03842,Harbor Labs,Education,NA,Growth,40,2100.73,2024-07-29,2026-08-11,0,9,0,,The API is clean and well documented; we automated everything.
C03843,Copperfield Dynamics Inc,Education,NA,Starter,7,207.34,2023-11-13,2026-08-28,0,7,0,,We are still ramping up usage across the team. Happy enough to stay for now.
C03844,Quantum Retail Inc,Healthcare,EMEA,Starter,7,194.73,2023-03-18,2026-08-16,4,6,0,,Webhook payloads changed without notice and broke our pipeline. Frustrating overall.
C03845,Ironclad Software Ltd,Logistics,NA,Enterprise,159,13698.21,2026-05-11,2026-08-30,4,5,0,,Reporting is too rigid; we ended up exporting to spreadsheets anyway. Would not recommend at this point.
C03846,Sable Group GmbH,Retail,EMEA,Starter,10,300.39,2023-09-23,2026-06-17,10,2,1,Company downsized,We pay for features we never use; the plan tiers make no sense. Renewal is unlikely.
C03847,Frontier Retail GmbH,Manufacturing,APAC,Starter,6,180.4,2024-03-11,2026-08-11,2,5,0,,We pay for features we never use; the plan tiers make no sense. Renewal is unlikely.
C03848,Evergreen Dynamics GmbH,Education,NA,Starter,11,307.91,2024-07-21,2026-08-18,0,9,0,,"We were live in two days, which is unheard of for us."
C03849,Quantum Digital Co,Fintech,NA,Enterprise,194,16926.82,2025-05-13,2026-08-14,2,6,0,,The forecasting module is too simplistic for our use case.
C03850,Mosaic Logistics Inc,Fintech,NA,Enterprise,49,4569.64,2023-12-05,2026-07-03,1,6,0,,Zapier is the only integration path and it is flaky.
C03851,Silverlake Retail,Retail,NA,Starter,5,141.47,2023-10-03,2026-06-18,1,9,1,Budget cuts,Costs are acceptable for what we use today.
C03852,Windmill Software GmbH,Fintech,EMEA,Starter,5,144.08,2024-02-25,2026-08-27,2,5,0,,The price per seat is hard to justify for a team our size.
C03853,Beacon Software Inc,Retail,NA,Growth,51,2851.12,2024-02-25,2026-03-31,5,3,1,Budget cuts,Overage charges were a nasty surprise on the invoice.
C03854,Halcyon Analytics Co,Retail,NA,Starter,9,253.98,2023-03-17,2026-03-05,10,0,1,Reliability issues,Frequent logouts and stale sessions made it unusable for the field team. Would not recommend at this point.
C03855,Tidewater Foods,Healthcare,NA,Enterprise,224,19077.2,2024-05-14,2026-08-17,0,8,0,,"Decent value, though we keep an eye on seat costs. Happy enough to stay for now."
C03856,Tidewater Logistics,SaaS,NA,Enterprise,125,11126.99,2024-12-05,2026-08-24,2,7,0,,The tutorials are helpful; the data import could be smoother. We will see how the next release goes.
C03857,Pioneer Digital,Manufacturing,EMEA,Growth,61,3476.14,2024-07-24,2026-08-27,2,5,0,,The price per seat is hard to justify for a team our size.
C03858,Vertex Works LLC,Retail,EMEA,Starter,2,58.19,2024-03-24,2026-08-24,4,4,0,,Escalations go nowhere; we had to chase our account manager repeatedly. We are evaluating alternatives.
C03859,Northwind Learning Ltd,Education,EMEA,Growth,31,1716.9,2026-03-16,2026-08-16,4,7,0,,"Reliable overall, exports could be faster. We will see how the next release goes."
C03860,Foxglove Media,SaaS,EMEA,Enterprise,235,19349.64,2023-11-27,2026-08-27,0,10,0,,The support team clearly knows the product inside out. Would buy again without hesitation.
C03861,Keystone Health LLC,Retail,NA,Starter,4,113.63,2025-12-11,2026-03-15,2,8,1,Poor support experience,"Support is okay, sometimes quick, sometimes slow."
C03862,Granite Supply,SaaS,EMEA,Enterprise,135,10661.73,2025-02-17,2026-08-24,0,8,0,,"The Slack integration is handy, the HubSpot one is limited. Happy enough to stay for now."
C03863,Mosaic Analytics Co,Education,NA,Starter,3,87.87,2025-04-12,2026-08-26,1,9,0,,The API is clean and well documented; we automated everything.
C03864,Bluepeak Systems,Fintech,LATAM,Enterprise,177,15301.17,2023-12-20,2026-08-21,1,6,0,,The API is rate limited so aggressively that our sync jobs fail nightly. Would not recommend at this point.
C03865,Aurora Digital Ltd,Logistics,NA,Growth,31,1696.15,2026-05-17,2026-08-17,2,4,0,,Dashboards time out constantly when we filter more than a few weeks.
C03866,Solstice Robotics,Fintech,NA,Starter,6,167.89,2024-08-30,2026-08-28,1,5,0,,Zapier is the only integration path and it is flaky. It has been a disappointing year.
C03867,Falcon Supply,Healthcare,NA,Growth,20,1183.12,2024-10-08,2026-08-14,1,7,0,,It does the job; adoption is growing slowly.
C03868,Bluepeak Logistics Ltd,Fintech,APAC,Starter,7,213.9,2023-11-11,2026-08-28,3,7,0,,"No major issues, some minor bugs here and there."
C03869,Ironclad Networks GmbH,Healthcare,NA,Starter,2,60.08,2024-09-02,2026-02-05,6,4,1,Reliability issues,The mobile app crashes whenever we open a large report. Frustrating overall.
C03870,Sable Digital Ltd,Retail,LATAM,Enterprise,244,20508.39,2025-05-18,2026-08-25,1,8,0,,"No major issues, some minor bugs here and there."
C03871,Zenith Digital Co,Retail,NA,Starter,4,125.5,2026-04-10,2026-07-11,3,7,0,,"One outage this quarter, communicated well."
C03872,Sable Studio Inc,SaaS,APAC,Enterprise,255,23774.64,2025-12-25,2026-08-31,0,8,0,,Would like more flexible billing for seasonal staff. We will see how the next release goes.
C03873,Mosaic Analytics Inc,SaaS,EMEA,Starter,5,142.22,2023-07-19,2026-01-19,1,8,1,Poor support experience,"Support is okay, sometimes quick, sometimes slow. Overall it is fine."
C03874,Pioneer Media Inc,SaaS,NA,Growth,22,1285.23,2023-04-15,2026-08-18,0,10,0,,Best customer success team we have worked with. Would buy again without hesitation.
C03875,Ironclad Software GmbH,Logistics,NA,Enterprise,74,7002.13,2026-04-30,2026-08-29,1,7,0,,Would prefer usage-based pricing over per-seat.
C03876,Copperfield Media Ltd,Retail,NA,Growth,18,1023.22,2025-11-12,2026-08-27,0,10,0,,The support team clearly knows the product inside out.
C03877,Nimbus Analytics,SaaS,APAC,Enterprise,215,18706.76,2023-07-13,2026-08-16,1,8,0,,We like the dashboards but want more automation.
C03878,Sable Labs,Logistics,APAC,Enterprise,321,27121.78,2025-12-22,2026-06-16,8,3,1,Missing features,Reporting is too rigid; we ended up exporting to spreadsheets anyway. Renewal is unlikely.
C03879,Halcyon Media,SaaS,NA,Growth,70,3898.0,2025-08-29,2026-08-15,3,5,0,,No phone support and email replies take forever. Frustrating overall.
C03880,Granite Software Co,Retail,NA,Growth,19,1095.2,2026-05-16,2026-08-24,0,5,0,,The Salesforce integration breaks every other week. It has been a disappointing year.
C03881,Harbor Media Inc,Education,NA,Starter,5,140.43,2023-07-25,2026-08-19,3,7,0,,"One outage this quarter, communicated well."
C03882,Northwind Health Inc,Logistics,NA,Starter,3,80.09,2025-11-22,2026-08-22,5,3,0,,Chat support only sends links to docs we have already read. Renewal is unlikely.
C03883,Halcyon Digital Inc,Education,EMEA,Starter,4,122.89,2024-04-10,2026-03-29,1,7,1,Poor support experience,The help center is good; live support is average. Happy enough to stay for now.
C03884,Ironclad Studio Co,Retail,NA,Enterprise,128,11176.82,2024-12-05,2026-08-12,1,8,0,,We are on the fence at renewal because of the price increase.
C03885,Solstice Partners GmbH,Logistics,NA,Growth,48,2704.7,2023-11-27,2026-08-15,1,6,0,,The mobile app crashes whenever we open a large report.
C03886,Riverbend Studio,SaaS,APAC,Growth,27,1615.2,2023-03-31,2026-08-31,7,3,0,,Too expensive compared with the alternatives we evaluated.
C03887,Evergreen Supply GmbH,Logistics,EMEA,Enterprise,214,16348.31,2025-06-08,2026-08-31,3,6,0,,We had three outages in one month during peak hours. We are evaluating alternatives.
C03888,Summit Media GmbH,Media,APAC,Starter,10,281.29,2023-04-05,2026-08-17,6,3,0,,Reporting is too rigid; we ended up exporting to spreadsheets anyway.
C03889,Zenith Foods Ltd,Logistics,NA,Enterprise,189,15741.44,2024-08-16,2026-08-25,2,6,0,,Onboarding was confusing and we never really got set up properly. Frustrating overall.
C03890,Zenith Systems Ltd,Fintech,APAC,Starter,8,221.97,2023-09-08,2026-08-21,8,2,0,,The per-seat model punishes us every time we onboard a contractor. It has been a disappointing year.
C03891,Oakridge Retail LLC,SaaS,EMEA,Starter,5,135.18,2026-03-19,2026-08-22,3,7,0,,"Fine for simple questions, weaker on technical issues."
C03892,Crescent Networks,Education,EMEA,Growth,36,1898.1,2024-07-24,2026-08-18,4,6,0,,The Salesforce integration breaks every other week.
C03893,Pioneer Robotics,Retail,NA,Starter,4,116.23,2023-08-26,2026-08-14,0,7,0,,We are on the fence at renewal because of the price increase.
C03894,Stellar Works Co,Healthcare,APAC,Growth,57,3133.77,2026-05-04,2026-08-11,0,9,0,,"Great value for the price, especially on the annual plan."
C03895,Sable Group Ltd,Logistics,EMEA,Growth,64,3639.16,2025-05-27,2026-08-27,4,3,0,,No phone support and email replies take forever. Renewal is unlikely.
C03896,Keystone Learning Inc,Healthcare,APAC,Enterprise,338,30790.0,2023-08-12,2026-08-29,2,6,0,,No phone support and email replies take forever. It has been a disappointing year.
C03897,Frontier Foods Inc,Fintech,EMEA,Starter,3,89.39,2024-03-28,2026-08-25,4,7,0,,"Fine for simple questions, weaker on technical issues."
C03898,Crescent Systems Inc,Retail,APAC,Starter,5,143.98,2024-11-18,2026-01-18,1,8,1,Switched to competitor,"Does what it says, nothing spectacular."
C03899,Frontier Works,SaaS,EMEA,Starter,5,155.44,2025-09-19,2026-08-05,0,8,0,,"The Slack integration is handy, the HubSpot one is limited."
C03900,Northwind Software,SaaS,LATAM,Growth,24,1326.4,2026-06-27,2026-08-17,0,7,0,,"Our account manager is responsive, tier-1 support less so. Overall it is fine."
C03901,Riverbend Capital LLC,SaaS,NA,Starter,11,292.47,2025-12-08,2026-06-06,2,8,1,Poor support experience,"Our account manager is responsive, tier-1 support less so. We will see how the next release goes."
C03902,Bluepeak Logistics Inc,Manufacturing,NA,Starter,9,251.74,2023-01-18,2026-08-22,1,7,0,,Would like more flexible billing for seasonal staff. Overall it is fine.
C03903,Keystone Retail Inc,Education,EMEA,Enterprise,187,16247.27,2024-08-30,2026-08-29,0,8,0,,Setup for SSO was fiddly but works now.
C03904,Pioneer Systems,Healthcare,EMEA,Enterprise,401,33971.67,2023-03-01,2026-08-28,7,3,0,,Support tickets sit for days before anyone replies. Frustrating overall.
C03905,Ember Labs,Retail,EMEA,Enterprise,254,20409.42,2024-01-21,2026-04-19,0,9,1,Company downsized,Pricing is transparent and scales sensibly with our team. Keep up the great work.
C03906,Brightline Partners,Education,EMEA,Starter,6,168.94,2023-12-11,2026-08-28,3,5,0,,Frequent logouts and stale sessions made it unusable for the field team. Frustrating overall.
C03907,Atlas Works,Manufacturing,EMEA,Growth,61,3180.86,2023-12-06,2026-08-23,1,7,0,,Tickets get resolved eventually but it takes follow-ups.
C03908,Northwind Foods Ltd,Media,APAC,Starter,3,82.68,2023-10-15,2026-07-04,1,9,0,,The Enterprise plan pays for itself in saved hours.
C03909,Orbit Learning LLC,Healthcare,NA,Starter,8,246.39,2024-05-25,2026-08-17,2,7,0,,Would like more flexible billing for seasonal staff. We will see how the next release goes.
C03910,Northwind Media GmbH,Manufacturing,APAC,Starter,12,346.0,2024-09-28,2026-08-17,0,8,0,,"Setup took longer than expected, mostly on our side."
C03911,Copperfield Foods Inc,Retail,NA,Enterprise,223,20093.73,2026-05-03,2026-08-21,3,6,0,,Frequent logouts and stale sessions made it unusable for the field team. Would not recommend at this point.
C03912,Keystone Supply,Retail,EMEA,Growth,24,1365.59,2024-06-20,2026-08-20,5,4,0,,No phone support and email replies take forever.
C03913,Evergreen Health Co,Media,APAC,Starter,3,88.71,2023-01-31,2026-06-09,3,5,0,,Half the team stopped logging in after the first month. Would not recommend at this point.
C03914,Bluepeak Robotics,Retail,NA,Growth,51,2823.79,2025-01-14,2026-08-29,1,5,0,,Webhook payloads changed without notice and broke our pipeline. We are evaluating alternatives.
C03915,Sable Software,Retail,NA,Enterprise,148,12892.43,2024-01-19,2026-08-27,0,8,0,,Uptime is fine; performance on large filters could improve.
C03916,Aurora Studio Inc,Fintech,NA,Starter,10,292.95,2023-07-07,2026-08-30,2,6,0,,We had three outages in one month during peak hours.
C03917,Ironclad Foods Ltd,Retail,EMEA,Growth,12,735.9,2025-05-05,2026-08-25,5,6,0,,No phone support and email replies take forever.
C03918,Foxglove Networks GmbH,Healthcare,NA,Starter,4,118.57,2025-05-25,2026-08-24,0,8,0,,Reports are a bit slow at month end.
C03919,Ironclad Labs Ltd,Education,NA,Starter,8,221.87,2024-03-21,2026-07-15,7,3,1,Too expensive,We pay for features we never use; the plan tiers make no sense.
C03920,Frontier Partners Ltd,Retail,APAC,Enterprise,234,20268.22,2023-10-01,2026-08-29,0,6,0,,Support tickets sit for days before anyone replies.
C03921,Ember Software Inc,SaaS,NA,Starter,4,115.52,2024-09-17,2026-08-22,0,7,0,,"Reliable overall, exports could be faster. Happy enough to stay for now."
C03922,Crescent Group Ltd,Media,EMEA,Growth,36,1913.95,2024-07-30,2026-08-29,6,2,0,,Webhook payloads changed without notice and broke our pipeline. We are evaluating alternatives.
C03923,Crescent Networks Inc,Fintech,EMEA,Starter,7,208.64,2026-05-21,2026-08-16,5,6,0,,No phone support and email replies take forever.
C03924,Redwood Foods Ltd,Logistics,NA,Growth,46,2617.06,2023-02-12,2026-08-17,2,6,0,,The Salesforce integration breaks every other week.
C03925,Beacon Labs LLC,SaaS,NA,Growth,54,2905.67,2023-08-17,2026-08-19,0,7,0,,Useful tool; the roadmap looks promising.
C03926,Summit Works,Healthcare,LATAM,Enterprise,109,9043.73,2025-10-15,2026-08-22,0,10,0,,Our account manager proactively checks in every month. Highly recommended.
C03927,Crescent Robotics Inc,Healthcare,EMEA,Enterprise,181,14386.05,2026-04-25,2026-08-13,4,6,0,,We opened four tickets for the same bug and got four different answers.
C03928,Pioneer Systems,Manufacturing,NA,Growth,54,2749.09,2025-03-11,2026-08-18,0,7,0,,"Support is okay, sometimes quick, sometimes slow."
C03929,Silverlake Analytics,SaaS,APAC,Starter,4,114.88,2024-02-08,2026-08-13,1,7,0,,The help center is good; live support is average. We will see how the next release goes.
C03930,Redwood Supply GmbH,Media,EMEA,Starter,7,209.43,2023-09-24,2026-08-24,1,7,0,,Tickets get resolved eventually but it takes follow-ups.
C03931,Juniper Retail,Healthcare,NA,Growth,26,1498.82,2025-12-13,2026-08-20,2,8,0,,"Decent value, though we keep an eye on seat costs."
C03932,Oakridge Dynamics,Healthcare,EMEA,Growth,55,3190.2,2025-02-06,2026-06-29,0,9,0,,The Enterprise plan pays for itself in saved hours. Highly recommended.
C03933,Evergreen Digital Inc,Retail,EMEA,Starter,7,201.33,2024-06-04,2026-01-06,4,6,1,Too expensive,The mobile app crashes whenever we open a large report.
C03934,Mosaic Digital,SaaS,NA,Enterprise,146,12187.12,2024-07-11,2026-08-08,6,4,0,,Honestly we barely used it; it never became part of our workflow. We are evaluating alternatives.
C03935,Oakridge Digital Inc,Retail,APAC,Starter,7,200.65,2023-07-09,2026-08-24,2,7,0,,Would love a two-way calendar sync. We will see how the next release goes.
C03936,Foxglove Robotics Co,Fintech,NA,Starter,8,241.11,2025-11-20,2026-06-10,4,6,1,Missing features,The forecasting module is too simplistic for our use case.
C03937,Atlas Foods,Fintech,NA,Enterprise,260,21039.8,2023-03-04,2026-08-26,1,10,0,,The support team clearly knows the product inside out. Keep up the great work.
C03938,Redwood Software Co,Education,NA,Growth,27,1584.78,2026-06-09,2026-06-10,4,4,1,Poor support experience,No phone support and email replies take forever. It has been a disappointing year.
C03939,Keystone Partners Ltd,Retail,APAC,Growth,23,1327.29,2023-08-02,2026-08-16,2,6,0,,"No native Slack or HubSpot connector, so we had to build our own. Frustrating overall."
C03940,Nimbus Works GmbH,SaaS,EMEA,Starter,3,85.05,2023-06-08,2026-08-11,2,6,0,,SSO setup with Okta took three support tickets to get working.
C03941,Cobalt Systems Co,SaaS,APAC,Starter,8,232.33,2023-04-03,2026-08-11,3,4,0,,The per-seat model punishes us every time we onboard a contractor.
C03942,Orbit Networks,SaaS,NA,Growth,9,528.59,2024-09-17,2026-07-19,1,6,0,,Exports randomly fail with no error message. Would not recommend at this point.
C03943,Tidewater Dynamics,SaaS,APAC,Starter,4,120.88,2023-03-13,2026-06-21,2,8,0,,Reports are a bit slow at month end.
C03944,Riverbend Networks,Healthcare,EMEA,Growth,24,1415.39,2023-11-26,2026-08-12,0,5,0,,Performance degraded badly as our dataset grew. Frustrating overall.
C03945,Meridian Media Co,SaaS,NA,Starter,8,237.15,2025-10-16,2026-06-30,3,6,0,,No phone support and email replies take forever. Frustrating overall.
C03946,Bluepeak Health Inc,Media,NA,Starter,3,87.6,2025-08-14,2026-08-26,0,5,0,,The Salesforce integration breaks every other week. Frustrating overall.
C03947,Ember Foods Co,SaaS,APAC,Starter,6,183.77,2024-03-13,2026-06-23,2,8,0,,Costs are acceptable for what we use today. We will see how the next release goes.
C03948,Bluepeak Digital GmbH,SaaS,NA,Starter,5,143.25,2023-02-13,2026-08-18,5,8,0,,"Mostly stable, with the occasional slow dashboard."
C03949,Frontier Robotics,Media,EMEA,Starter,13,372.48,2023-07-21,2026-08-20,1,5,0,,Response times got noticeably worse over the last quarter. We are evaluating alternatives.
C03950,Vertex Labs Inc,Fintech,EMEA,Growth,19,1154.41,2024-11-25,2026-08-24,0,5,0,,No phone support and email replies take forever.
C03951,Foxglove Software,Retail,NA,Growth,43,2329.59,2024-08-18,2026-08-24,2,7,0,,Tickets get resolved eventually but it takes follow-ups.
C03952,Aurora Capital Ltd,Logistics,LATAM,Starter,7,207.05,2025-12-29,2026-03-10,3,5,1,Onboarding too complex,Overage charges were a nasty surprise on the invoice. Renewal is unlikely.
C03953,Orbit Foods,Logistics,APAC,Growth,20,1290.35,2024-09-08,2026-06-16,3,5,0,,The support team is friendly but never actually fixes anything.
C03954,Granite Robotics Ltd,Education,EMEA,Starter,3,83.59,2024-05-11,2026-08-14,2,8,0,,"Most of the team uses it weekly, a few power users daily."
C03955,Riverbend Group GmbH,SaaS,EMEA,Starter,8,246.21,2025-03-09,2026-08-16,4,6,0,,The support team is friendly but never actually fixes anything.
C03956,Frontier Capital,Healthcare,EMEA,Enterprise,297,24500.49,2025-12-05,2026-08-13,1,8,0,,"Reliable overall, exports could be faster. Some room for improvement."
C03957,Mosaic Systems Inc,Logistics,EMEA,Growth,38,2196.63,2025-11-08,2026-08-30,2,6,0,,It took weeks to import our data and the docs were out of date.
C03958,Orbit Analytics LLC,Logistics,NA,Growth,19,1151.76,2023-07-07,2026-08-13,1,8,0,,We are on the fence at renewal because of the price increase.
C03959,Falcon Studio,SaaS,NA,Starter,4,118.79,2024-06-18,2026-03-22,1,7,1,Switched to competitor,"Solid basics, some rough edges in the admin console. Overall it is fine."
C03960,Copperfield Systems Co,Retail,NA,Starter,5,144.12,2026-03-17,2026-08-26,1,8,0,,"Most of the team uses it weekly, a few power users daily."
C03961,Riverbend Labs Co,Fintech,EMEA,Growth,45,2444.41,2025-10-28,2026-08-13,1,8,0,,We are on the fence at renewal because of the price increase.
C03962,Foxglove Supply Co,SaaS,EMEA,Growth,25,1432.4,2025-10-06,2026-03-29,1,7,1,Low usage / no longer needed,It does the job; adoption is growing slowly. We will see how the next release goes.
C03963,Ironclad Networks Ltd,Education,NA,Growth,26,1534.39,2023-05-28,2026-06-07,7,1,1,Integration gaps,"No native Slack or HubSpot connector, so we had to build our own."
C03964,Quantum Works GmbH,Fintech,LATAM,Enterprise,388,32410.01,2024-05-14,2026-06-11,3,6,0,,Webhook payloads changed without notice and broke our pipeline.
C03965,Mosaic Labs LLC,Fintech,NA,Starter,5,146.11,2025-11-27,2026-08-17,3,6,0,,No phone support and email replies take forever.
C03966,Keystone Labs,SaaS,NA,Growth,41,2122.73,2023-06-16,2026-08-28,0,7,0,,"Decent value, though we keep an eye on seat costs."
C03967,Frontier Retail Co,Retail,NA,Growth,64,3514.86,2025-07-04,2026-08-28,2,9,0,,Support even helped us design our dashboards.
C03968,Orbit Labs Inc,SaaS,EMEA,Starter,9,274.18,2024-10-26,2026-05-01,5,5,1,Poor support experience,The support team is friendly but never actually fixes anything.
C03969,Tidewater Labs GmbH,Retail,NA,Starter,12,361.14,2025-07-18,2026-08-25,2,7,0,,Reports are a bit slow at month end. Happy enough to stay for now.
C03970,Beacon Supply Inc,SaaS,EMEA,Growth,74,4064.12,2025-05-05,2026-08-24,5,3,0,,Performance degraded badly as our dataset grew. We are evaluating alternatives.
C03971,Tidewater Works Inc,Logistics,EMEA,Starter,12,383.67,2023-05-01,2026-08-15,2,7,0,,Uptime is fine; performance on large filters could improve. We will see how the next release goes.
C03972,Cobalt Learning,SaaS,NA,Growth,28,1613.85,2023-06-14,2026-06-02,2,6,1,Switched to competitor,We outgrew the product; it is fine for small teams but not for us.
C03973,Juniper Logistics,Healthcare,LATAM,Growth,65,3554.19,2024-03-05,2026-08-22,2,9,0,,"Rock solid, we have never seen an outage. We plan to add more seats next quarter."
C03974,Keystone Capital,SaaS,NA,Starter,4,109.27,2026-04-05,2026-04-06,6,8,1,Reliability issues,Uptime is fine; performance on large filters could improve.
C03975,Tidewater Works,SaaS,EMEA,Growth,40,2159.36,2026-04-10,2026-04-23,3,6,1,Poor support experience,Support tickets sit for days before anyone replies. Renewal is unlikely.
C03976,Oakridge Logistics,SaaS,NA,Growth,60,3527.63,2025-08-31,2026-08-23,0,7,0,,Tickets get resolved eventually but it takes follow-ups. Overall it is fine.
C03977,Ember Supply Inc,SaaS,EMEA,Growth,13,755.79,2023-11-02,2026-08-22,0,7,0,,"Most of the team uses it weekly, a few power users daily. Happy enough to stay for now."
C03978,Aurora Robotics Inc,SaaS,APAC,Enterprise,131,10349.96,2026-04-29,2026-06-08,0,6,0,,Overage charges were a nasty surprise on the invoice. It has been a disappointing year.
C03979,Juniper Foods GmbH,Retail,NA,Starter,3,90.03,2025-07-04,2026-02-28,10,1,1,Budget cuts,We opened four tickets for the same bug and got four different answers. We are evaluating alternatives.
C03980,Brightline Learning Ltd,Education,NA,Enterprise,358,30594.71,2024-01-17,2026-08-30,2,6,0,,The API is rate limited so aggressively that our sync jobs fail nightly.
C03981,Ember Media,SaaS,NA,Starter,10,299.64,2025-06-26,2026-08-19,0,7,0,,Uptime is fine; performance on large filters could improve. We will see how the next release goes.
C03982,Stellar Networks Ltd,Retail,NA,Starter,5,143.28,2024-07-07,2026-08-13,5,6,0,,Reporting is too rigid; we ended up exporting to spreadsheets anyway. Would not recommend at this point.
C03983,Beacon Studio Inc,Healthcare,LATAM,Growth,14,792.72,2024-09-02,2026-07-09,1,9,0,,The Salesforce and Slack integrations work flawlessly.
C03984,Ironclad Digital,Fintech,EMEA,Starter,7,201.51,2023-11-03,2026-08-16,1,9,0,,"We were live in two days, which is unheard of for us. We plan to add more seats next quarter."
C03985,Copperfield Foods,Retail,EMEA,Starter,13,385.37,2025-03-31,2026-08-28,2,8,0,,Useful tool; the roadmap looks promising. Some room for improvement.
C03986,Ironclad Health LLC,SaaS,LATAM,Starter,4,115.66,2023-12-16,2026-08-24,1,8,0,,Integrations cover the basics; we still miss a native Jira connector. Overall it is fine.
C03987,Harbor Learning Co,Fintech,APAC,Growth,17,1018.56,2026-03-23,2026-08-25,1,8,0,,"Our account manager is responsive, tier-1 support less so."
C03988,Brightline Works,Retail,APAC,Growth,51,2738.28,2023-07-05,2026-08-19,6,6,0,,The roadmap items we were promised never shipped. It has been a disappointing year.
C03989,Northwind Foods,Logistics,NA,Starter,5,147.47,2023-11-18,2026-08-26,2,6,0,,Honestly we barely used it; it never became part of our workflow.
C03990,Vertex Learning,Logistics,NA,Growth,20,1179.86,2023-06-09,2026-06-14,1,8,0,,"Solid basics, some rough edges in the admin console."
C03991,Stellar Labs,Logistics,NA,Starter,10,281.81,2023-11-04,2026-08-29,0,7,0,,Feature set is competitive but not best in class.
C03992,Tidewater Studio,Retail,NA,Enterprise,336,28432.68,2025-05-05,2026-08-29,1,10,0,,Automation rules removed a ton of manual work. Would buy again without hesitation.
C03993,Stellar Logistics Ltd,SaaS,NA,Starter,8,228.41,2026-04-21,2026-07-03,0,8,1,Budget cuts,Would prefer usage-based pricing over per-seat. Overall it is fine.
C03994,Tidewater Labs Inc,Fintech,NA,Growth,21,1269.59,2023-07-20,2026-08-11,0,10,0,,Great templates got us started immediately. Would buy again without hesitation.
C03995,Ember Group,Fintech,NA,Growth,38,2157.88,2023-10-12,2026-08-30,3,6,0,,Pricing jumped at renewal and nobody warned us.
C03996,Oakridge Media GmbH,SaaS,NA,Growth,67,3750.04,2023-06-20,2026-08-24,1,8,0,,We are still ramping up usage across the team.
C03997,Silverlake Labs LLC,SaaS,NA,Enterprise,345,27133.09,2025-10-28,2026-08-20,1,7,0,,"Most of the team uses it weekly, a few power users daily. Overall it is fine."
C03998,Halcyon Capital Inc,Retail,NA,Starter,12,334.57,2024-11-13,2026-02-07,0,10,1,Budget cuts,"The annual discount helped, monthly pricing feels steep. We will see how the next release goes."
C03999,Halcyon Software Co,Fintech,NA,Growth,37,1978.5,2024-04-09,2026-08-31,1,8,0,,It does the job; adoption is growing slowly.
C04000,Lumen Studio GmbH,SaaS,EMEA,Starter,7,196.53,2025-06-17,2026-07-13,7,6,1,Poor support experience,Support tickets sit for days before anyone replies. Frustrating overall.
C04001,Summit Learning,Education,EMEA,Growth,47,2522.89,2023-04-19,2026-08-16,0,9,0,,Reliable exports and fast reports every time. Keep up the great work.
C04002,Zenith Retail,Fintech,EMEA,Starter,5,150.37,2025-09-19,2026-08-16,5,4,0,,Performance degraded badly as our dataset grew. Renewal is unlikely.
C04003,Granite Studio Co,Media,NA,Starter,10,298.1,2023-05-02,2026-08-19,2,8,0,,"Fine for simple questions, weaker on technical issues. Happy enough to stay for now."
C04004,Stellar Studio,Fintech,NA,Starter,9,256.57,2025-01-10,2026-08-31,0,9,0,,Connected to Snowflake in an afternoon.
C04005,Frontier Labs,Healthcare,NA,Starter,12,356.24,2023-02-09,2026-07-27,6,3,1,Reliability issues,"A competitor offered everything we needed at a lower price, so we switched. Would not recommend at this point."
C04006,Keystone Works GmbH,SaaS,NA,Enterprise,287,24468.73,2023-09-15,2026-06-10,3,6,0,,Performance degraded badly as our dataset grew.
C04007,Orbit Group,Retail,NA,Growth,22,1296.29,2025-03-08,2026-07-17,4,6,0,,We could not connect it to our data warehouse without a consultant.
C04008,Juniper Supply Inc,SaaS,LATAM,Starter,6,181.99,2025-01-01,2026-08-21,1,7,0,,Would love a two-way calendar sync. We will see how the next release goes.
C04009,Quantum Supply Co,SaaS,NA,Growth,61,3258.53,2024-07-25,2026-08-24,1,7,0,,The help center is good; live support is average.
C04010,Atlas Analytics Co,Healthcare,NA,Growth,16,945.99,2025-03-09,2026-06-24,2,5,0,,Honestly we barely used it; it never became part of our workflow.
C04011,Cobalt Dynamics,Fintech,EMEA,Starter,6,166.69,2025-12-03,2026-08-14,2,7,0,,Feature set is competitive but not best in class.
C04012,Foxglove Software,SaaS,EMEA,Starter,5,139.18,2023-11-26,2026-08-23,2,7,0,,"Our account manager is responsive, tier-1 support less so."
C04013,Mosaic Capital,Logistics,NA,Growth,25,1394.71,2026-05-25,2026-05-26,3,4,1,Missing features,Missing basic features like bulk edit and custom roles.
C04014,Beacon Retail GmbH,SaaS,NA,Starter,4,111.43,2023-07-04,2026-08-18,0,6,0,,We could not connect it to our data warehouse without a consultant. Renewal is unlikely.
C04015,Stellar Media Inc,Healthcare,LATAM,Growth,32,1761.68,2026-06-02,2026-08-13,4,5,0,,No phone support and email replies take forever. We are evaluating alternatives.
C04016,Meridian Software GmbH,Healthcare,NA,Starter,14,401.09,2026-03-27,2026-07-01,5,6,0,,Performance degraded badly as our dataset grew. Frustrating overall.
C04017,Foxglove Logistics LLC,Fintech,EMEA,Starter,13,372.93,2024-06-30,2026-01-20,0,9,1,Switched to competitor,Uptime has been perfect for as long as we have used it.
C04018,Cascade Digital,Retail,APAC,Growth,23,1340.76,2023-05-03,2026-06-04,5,5,1,Reliability issues,Data was missing for two days and nobody told us why.
C04019,Brightline Supply Ltd,SaaS,NA,Growth,43,2526.72,2024-06-03,2026-04-08,2,6,1,Switched to competitor,We outgrew the product; it is fine for small teams but not for us. Renewal is unlikely.
C04020,Orbit Foods,Education,EMEA,Enterprise,142,11405.76,2023-12-20,2026-03-01,2,6,1,Integration gaps,The Salesforce integration breaks every other week.
C04021,Pioneer Retail,Fintech,NA,Starter,6,165.34,2025-01-09,2026-06-08,4,3,1,Poor support experience,We opened four tickets for the same bug and got four different answers.
C04022,Cobalt Capital Co,SaaS,NA,Growth,43,2279.62,2023-10-23,2026-08-25,0,8,0,,The tutorials are helpful; the data import could be smoother. Happy enough to stay for now.
C04023,Silverlake Works Co,Fintech,NA,Enterprise,354,29703.43,2023-03-28,2026-07-09,3,5,0,,The price per seat is hard to justify for a team our size. We are evaluating alternatives.
C04024,Ironclad Systems LLC,Media,LATAM,Growth,23,1384.94,2026-02-12,2026-08-25,1,9,0,,Feature releases ship every month and they listen to feedback.
C04025,Quantum Retail,Manufacturing,NA,Enterprise,235,20264.56,2026-01-10,2026-08-27,4,4,0,,Chat support only sends links to docs we have already read.
C04026,Silverlake Robotics Inc,Logistics,NA,Enterprise,287,25063.61,2024-10-02,2026-08-16,1,6,0,,The roadmap items we were promised never shipped.
C04027,Ironclad Logistics,Education,LATAM,Growth,11,646.19,2025-12-22,2026-06-18,4,6,1,Switched to competitor,"No audit log, which our compliance team requires. Frustrating overall."
C04028,Beacon Partners,Education,NA,Enterprise,127,10517.63,2026-05-05,2026-08-21,0,7,0,,"Our account manager is responsive, tier-1 support less so. Some room for improvement."
C04029,Solstice Retail GmbH,Retail,APAC,Growth,17,1068.53,2026-03-20,2026-08-31,2,7,0,,Setup for SSO was fiddly but works now. Happy enough to stay for now.
C04030,Windmill Systems LLC,Media,EMEA,Growth,9,471.86,2025-11-22,2026-08-26,1,9,0,,Support even helped us design our dashboards.
C04031,Crescent Works LLC,Retail,EMEA,Enterprise,116,9785.9,2023-02-25,2026-08-17,2,6,0,,Data was missing for two days and nobody told us why. We are evaluating alternatives.
C04032,Crescent Media GmbH,Fintech,APAC,Enterprise,144,12326.03,2025-08-21,2026-08-11,2,5,0,,The price per seat is hard to justify for a team our size.
C04033,Falcon Supply Ltd,Education,EMEA,Starter,12,374.08,2026-03-18,2026-08-31,4,7,0,,"Mostly stable, with the occasional slow dashboard."
C04034,Cobalt Labs Ltd,Healthcare,NA,Starter,5,135.37,2023-08-14,2026-07-07,1,8,0,,It does the job; adoption is growing slowly. Overall it is fine.
C04035,Zenith Logistics Ltd,SaaS,LATAM,Starter,10,285.13,2023-03-26,2026-08-31,2,6,0,,No phone support and email replies take forever. Renewal is unlikely.
C04036,Cobalt Health Inc,Retail,LATAM,Enterprise,208,16552.7,2024-03-15,2026-03-12,5,3,1,Reliability issues,We had three outages in one month during peak hours. We are evaluating alternatives.
C04037,Atlas Capital LLC,Fintech,APAC,Starter,8,215.31,2025-11-16,2026-08-20,2,5,0,,Missing basic features like bulk edit and custom roles. Renewal is unlikely.
C04038,Lumen Networks,Media,EMEA,Starter,8,230.1,2025-11-12,2026-08-30,0,7,0,,Costs are acceptable for what we use today. We will see how the next release goes.
C04039,Granite Retail Inc,Retail,EMEA,Growth,60,3401.91,2025-01-15,2026-05-15,4,3,1,Integration gaps,"No native Slack or HubSpot connector, so we had to build our own. Would not recommend at this point."
C04040,Crescent Digital Co,Manufacturing,EMEA,Starter,8,243.19,2026-06-08,2026-08-18,1,8,0,,Onboarding was fine but could use more templates. Some room for improvement.
C04041,Zenith Studio,Retail,NA,Enterprise,181,14907.11,2023-07-28,2026-08-28,0,6,0,,Webhook payloads changed without notice and broke our pipeline. Would not recommend at this point.
C04042,Tidewater Systems Inc,Manufacturing,EMEA,Growth,40,2253.32,2026-01-25,2026-08-24,2,6,0,,Reporting is too rigid; we ended up exporting to spreadsheets anyway.
C04043,Aurora Logistics,SaaS,EMEA,Starter,8,230.17,2026-01-16,2026-08-25,0,7,0,,Uptime is fine; performance on large filters could improve.
C04044,Summit Dynamics Inc,Logistics,EMEA,Starter,10,296.46,2026-04-25,2026-08-17,1,8,0,,Support quality varies a lot depending on who picks up the ticket. Happy enough to stay for now.
C04045,Northwind Digital Co,Retail,NA,Growth,20,1234.49,2024-01-08,2026-07-03,0,10,0,,Powerful yet simple; it grows with us.
C04046,Vertex Foods,Fintech,EMEA,Growth,18,1053.75,2025-03-30,2026-08-18,0,10,0,,Excellent documentation and training videos.
C04047,Riverbend Foods GmbH,Fintech,EMEA,Growth,52,2976.15,2023-12-18,2026-08-19,2,6,0,,Half the team stopped logging in after the first month. We are evaluating alternatives.
C04048,Lumen Software,Fintech,NA,Starter,5,137.96,2024-09-08,2026-08-25,1,7,0,,"Fine for simple questions, weaker on technical issues. Overall it is fine."
C04049,Atlas Logistics,Retail,LATAM,Enterprise,360,31089.53,2026-05-10,2026-08-31,0,7,0,,Would love a two-way calendar sync.
C04050,Frontier Networks Co,Education,EMEA,Growth,52,2971.21,2024-10-18,2026-08-24,4,5,0,,The API is rate limited so aggressively that our sync jobs fail nightly. Frustrating overall.
C04051,Zenith Foods Co,Logistics,NA,Growth,63,3585.43,2025-09-08,2026-08-21,1,5,0,,Webhook payloads changed without notice and broke our pipeline.
C04052,Oakridge Health Inc,Education,NA,Starter,10,276.25,2024-08-08,2026-08-16,3,6,0,,Reporting is too rigid; we ended up exporting to spreadsheets anyway. Frustrating overall.
C04053,Crescent Robotics Co,Healthcare,EMEA,Enterprise,62,5661.35,2023-01-01,2026-08-15,1,7,0,,"Setup took longer than expected, mostly on our side. Happy enough to stay for now."
C04054,Northwind Supply Inc,Retail,NA,Growth,21,1253.98,2023-07-17,2026-08-31,3,6,0,,Chat support only sends links to docs we have already read.
C04055,Windmill Systems,Manufacturing,APAC,Starter,4,118.06,2025-05-07,2026-01-12,4,3,1,Low usage / no longer needed,We were never shown how to use the reporting module. Renewal is unlikely.
C04056,Oakridge Media Co,Media,NA,Enterprise,94,8694.69,2024-01-26,2026-08-24,1,8,0,,Support quality varies a lot depending on who picks up the ticket. We will see how the next release goes.
C04057,Cobalt Dynamics Inc,Fintech,NA,Enterprise,157,13966.82,2024-02-03,2026-08-14,1,6,0,,Escalations go nowhere; we had to chase our account manager repeatedly. Renewal is unlikely.
C04058,Falcon Digital,Logistics,NA,Growth,35,1820.92,2023-04-26,2026-08-27,0,9,0,,Powerful yet simple; it grows with us.
C04059,Zenith Analytics,Retail,EMEA,Growth,19,1110.23,2025-11-13,2026-08-13,1,6,0,,SSO setup with Okta took three support tickets to get working. We are evaluating alternatives.
C04060,Keystone Dynamics,Manufacturing,LATAM,Starter,4,108.17,2023-04-24,2026-03-11,3,6,1,Onboarding too complex,We were never shown how to use the reporting module. It has been a disappointing year.
C04061,Beacon Software GmbH,Logistics,APAC,Growth,51,2867.91,2024-11-16,2026-08-18,2,7,0,,Tickets get resolved eventually but it takes follow-ups.
C04062,Crescent Networks,Education,EMEA,Starter,8,237.15,2024-02-02,2026-08-27,3,7,0,,Would like faster responses on weekends.
C04063,Granite Retail,SaaS,APAC,Growth,30,2007.08,2026-03-02,2026-07-01,0,7,0,,"Support is okay, sometimes quick, sometimes slow. Overall it is fine."
C04064,Northwind Supply Co,Healthcare,NA,Starter,9,271.72,2025-04-29,2026-08-17,0,9,0,,We expanded to two more teams because it works so well.
C04065,Bluepeak Robotics GmbH,SaaS,EMEA,Starter,11,323.23,2023-03-29,2026-08-26,7,4,0,,The mobile app crashes whenever we open a large report. Renewal is unlikely.
C04066,Pioneer Health LLC,Manufacturing,LATAM,Enterprise,119,10115.95,2025-02-22,2026-08-15,3,7,0,,Integrations cover the basics; we still miss a native Jira connector. We will see how the next release goes.
C04067,Brightline Studio Co,Fintech,NA,Starter,4,114.53,2023-07-31,2026-08-27,0,9,0,,The platform is fast and stable; no complaints.
C04068,Orbit Retail,Education,LATAM,Enterprise,178,15056.88,2024-12-14,2026-08-25,0,7,0,,"Most of the team uses it weekly, a few power users daily."
C04069,Pioneer Networks,Logistics,NA,Starter,3,87.96,2023-11-07,2026-08-28,2,6,0,,Response times got noticeably worse over the last quarter.
C04070,Windmill Capital,SaaS,NA,Starter,6,160.33,2025-08-13,2026-04-07,3,7,1,Integration gaps,The API works but the docs could be clearer. We will see how the next release goes.
C04071,Beacon Studio,Retail,EMEA,Starter,11,321.51,2024-08-26,2026-08-15,1,7,0,,"Mostly stable, with the occasional slow dashboard. Some room for improvement."
C04072,Sable Software Inc,Education,APAC,Starter,13,378.52,2024-06-23,2026-05-14,0,6,1,Switched to competitor,The forecasting module is too simplistic for our use case.
C04073,Granite Supply Co,Retail,NA,Starter,10,310.35,2026-01-25,2026-08-18,2,6,0,,"No audit log, which our compliance team requires."
C04074,Mosaic Retail,SaaS,APAC,Starter,6,173.08,2024-07-18,2026-08-27,4,3,0,,No phone support and email replies take forever. Would not recommend at this point.
C04075,Nimbus Foods GmbH,SaaS,NA,Growth,44,2340.35,2023-10-27,2026-08-15,1,6,0,,Overage charges were a nasty surprise on the invoice.
C04076,Vertex Robotics,Retail,EMEA,Growth,14,834.87,2024-10-22,2026-08-16,3,5,0,,The Salesforce integration breaks every other week. Would not recommend at this point.
C04077,Riverbend Supply Co,Education,EMEA,Starter,10,290.86,2025-10-30,2026-08-12,4,8,0,,"Good product, waiting on the custom fields feature."
C04078,Frontier Health,Healthcare,NA,Starter,4,115.39,2023-03-26,2026-08-25,0,8,0,,"Support is okay, sometimes quick, sometimes slow."
C04079,Beacon Learning,SaaS,EMEA,Starter,12,330.2,2023-12-27,2026-08-26,1,8,0,,We like the dashboards but want more automation.
C04080,Sable Media Ltd,Retail,EMEA,Starter,7,201.73,2025-01-12,2026-06-14,13,0,1,Too expensive,Exports randomly fail with no error message. Renewal is unlikely.
C04081,Zenith Partners GmbH,Retail,EMEA,Starter,5,141.64,2023-11-05,2026-08-30,1,7,0,,Would like faster responses on weekends. Happy enough to stay for now.
C04082,Windmill Supply GmbH,Fintech,NA,Growth,50,2719.74,2025-08-15,2026-07-23,1,7,0,,Uptime is fine; performance on large filters could improve. Overall it is fine.
C04083,Ember Media,Education,NA,Growth,23,1396.74,2023-03-14,2026-08-23,0,6,0,,We could not connect it to our data warehouse without a consultant.
C04084,Summit Analytics,Fintech,LATAM,Enterprise,278,22762.52,2023-12-03,2026-08-18,1,9,0,,Reliable exports and fast reports every time. Highly recommended.
C04085,Riverbend Group Co,Healthcare,EMEA,Growth,54,2936.76,2025-01-20,2026-06-18,1,5,0,,Zapier is the only integration path and it is flaky. Would not recommend at this point.
C04086,Tidewater Labs LLC,Logistics,APAC,Growth,22,1326.1,2025-12-26,2026-08-23,2,8,0,,Useful tool; the roadmap looks promising.
C04087,Stellar Retail,Healthcare,EMEA,Starter,7,200.81,2024-03-26,2026-08-21,0,8,0,,Uptime is fine; performance on large filters could improve.
C04088,Summit Learning Co,Healthcare,APAC,Starter,9,288.24,2023-12-06,2026-05-11,9,1,1,Too expensive,Pricing jumped at renewal and nobody warned us.
C04089,Ironclad Learning,SaaS,NA,Growth,50,2770.81,2026-03-29,2026-08-17,1,6,0,,Reporting is too rigid; we ended up exporting to spreadsheets anyway. We are evaluating alternatives.
C04090,Quantum Logistics,SaaS,EMEA,Starter,4,110.24,2024-10-16,2026-08-13,0,10,0,,The platform is fast and stable; no complaints. Keep up the great work.
C04091,Frontier Dynamics,SaaS,EMEA,Starter,3,84.08,2023-09-16,2026-02-24,0,8,1,Poor support experience,The help center is good; live support is average.
C04092,Silverlake Learning Co,Manufacturing,NA,Enterprise,466,37739.56,2026-01-20,2026-08-18,2,7,0,,Documentation is solid but a guided setup call would have helped. We will see how the next release goes.
C04093,Cobalt Supply GmbH,Media,NA,Starter,9,252.39,2023-02-06,2026-08-31,1,9,0,,The HubSpot sync saved us hours every week.
C04094,Beacon Analytics,SaaS,EMEA,Starter,12,355.47,2025-07-30,2026-08-20,0,8,0,,The mobile app lags behind the web app.
C04095,Keystone Learning GmbH,SaaS,APAC,Enterprise,127,10214.04,2026-03-01,2026-08-29,0,10,0,,The HubSpot sync saved us hours every week.
C04096,Summit Health,Fintech,EMEA,Starter,8,228.93,2025-01-05,2026-08-23,5,6,0,,We could not connect it to our data warehouse without a consultant. Renewal is unlikely.
C04097,Granite Health Inc,Healthcare,NA,Starter,3,90.98,2026-03-13,2026-08-11,0,7,0,,"Solid basics, some rough edges in the admin console."
C04098,Lumen Learning Inc,Healthcare,LATAM,Starter,8,227.18,2025-03-05,2026-08-16,5,6,0,,"A competitor offered everything we needed at a lower price, so we switched. It has been a disappointing year."
C04099,Ironclad Networks,Education,NA,Starter,3,89.34,2025-02-01,2026-07-03,2,4,0,,The roadmap items we were promised never shipped.
C04100,Harbor Digital Ltd,Media,NA,Enterprise,142,11144.89,2023-05-19,2026-08-28,1,7,0,,Documentation is solid but a guided setup call would have helped.
C04101,Beacon Group Co,Fintech,LATAM,Growth,20,1162.51,2023-08-16,2026-08-26,1,6,0,,The support team is friendly but never actually fixes anything. It has been a disappointing year.
C04102,Halcyon Systems GmbH,Education,APAC,Growth,43,2275.8,2025-06-11,2026-03-15,2,6,1,Integration gaps,It took weeks to import our data and the docs were out of date.
C04103,Nimbus Dynamics Ltd,Healthcare,LATAM,Starter,5,146.74,2025-05-19,2026-08-25,2,10,0,,The HubSpot sync saved us hours every week.
C04104,Vertex Learning,Fintech,APAC,Starter,2,55.6,2025-02-19,2026-07-28,3,3,0,,We had three outages in one month during peak hours.
C04105,Northwind Studio Inc,Media,EMEA,Growth,50,2970.62,2023-09-24,2026-08-21,1,8,0,,"No major issues, some minor bugs here and there. Happy enough to stay for now."
C04106,Vertex Logistics Inc,SaaS,NA,Starter,6,162.59,2023-04-18,2026-08-30,4,6,0,,Dashboards time out constantly when we filter more than a few weeks.
C04107,Quantum Group,Education,NA,Starter,5,151.59,2023-04-19,2026-08-18,1,8,0,,"Mostly stable, with the occasional slow dashboard."
C04108,Orbit Logistics Co,Education,LATAM,Growth,29,1771.11,2023-06-08,2026-05-03,5,3,1,Onboarding too complex,Honestly we barely used it; it never became part of our workflow. Renewal is unlikely.
C04109,Juniper Systems Ltd,Logistics,APAC,Enterprise,299,25472.7,2023-10-06,2026-08-22,0,9,0,,Easily worth the seat cost given the time saved.
C04110,Cascade Partners Co,Retail,NA,Enterprise,143,12059.65,2026-05-24,2026-08-19,1,7,0,,"The annual discount helped, monthly pricing feels steep."
C04111,Windmill Learning GmbH,Fintech,NA,Enterprise,272,24587.11,2025-09-22,2026-08-16,0,9,0,,Budget approval was easy because the ROI is obvious.
C04112,Harbor Retail,Manufacturing,NA,Growth,24,1555.96,2023-08-16,2026-08-19,2,5,0,,Response times got noticeably worse over the last quarter. Frustrating overall.
C04113,Ironclad Systems GmbH,Manufacturing,NA,Growth,28,1638.3,2024-01-27,2026-08-25,1,7,0,,"Fine for simple questions, weaker on technical issues. Happy enough to stay for now."
C04114,Redwood Digital Co,Retail,APAC,Enterprise,230,19476.64,2026-02-17,2026-08-19,0,9,0,,Feature releases ship every month and they listen to feedback.
C04115,Zenith Dynamics GmbH,Manufacturing,NA,Starter,3,85.08,2024-07-27,2026-08-20,1,7,0,,"One outage this quarter, communicated well."
C04116,Granite Analytics,Fintech,NA,Starter,5,138.22,2023-12-18,2026-08-12,1,7,0,,"One outage this quarter, communicated well."
C04117,Vertex Group,Healthcare,LATAM,Starter,8,236.3,2024-02-23,2026-08-12,1,8,0,,Support quality varies a lot depending on who picks up the ticket. We will see how the next release goes.
C04118,Cascade Media Ltd,Media,EMEA,Enterprise,341,28981.67,2024-05-20,2026-08-20,0,8,0,,Useful tool; the roadmap looks promising. We will see how the next release goes.
C04119,Brightline Foods,Fintech,EMEA,Enterprise,75,6460.49,2024-11-23,2026-06-12,1,7,0,,"Decent value, though we keep an eye on seat costs."
C04120,Falcon Software,Retail,NA,Growth,26,1561.98,2024-12-09,2026-08-15,0,6,0,,The setup wizard failed twice and we gave up on the advanced features.
C04121,Meridian Digital,Logistics,NA,Starter,5,146.64,2024-11-10,2026-08-23,0,7,0,,We are on the fence at renewal because of the price increase.
C04122,Meridian Group Co,Manufacturing,NA,Enterprise,441,36217.66,2025-03-09,2026-08-20,3,5,0,,Chat support only sends links to docs we have already read. It has been a disappointing year.
C04123,Brightline Partners,Media,NA,Starter,3,84.68,2024-01-15,2026-08-19,2,5,0,,It took weeks to import our data and the docs were out of date. Renewal is unlikely.
C04124,Vertex Labs,Retail,NA,Starter,7,206.44,2024-09-27,2026-08-15,4,5,0,,The mobile app crashes whenever we open a large report.
C04125,Cobalt Media LLC,Logistics,NA,Growth,41,2394.45,2025-11-24,2026-08-28,1,7,0,,We sync with our warehouse nightly and it mostly works. Some room for improvement.
C04126,Bluepeak Logistics LLC,SaaS,NA,Growth,15,899.1,2024-03-20,2026-06-30,2,6,0,,SSO setup with Okta took three support tickets to get working.
C04127,Brightline Health LLC,Retail,NA,Enterprise,421,36533.16,2026-06-07,2026-08-12,0,7,0,,"Mostly stable, with the occasional slow dashboard. Happy enough to stay for now."
C04128,Bluepeak Labs Co,Retail,LATAM,Starter,9,252.31,2024-09-28,2026-01-21,3,7,1,Switched to competitor,"Solid basics, some rough edges in the admin console. Overall it is fine."
C04129,Juniper Networks,Manufacturing,NA,Starter,10,285.19,2024-04-24,2026-08-31,6,4,0,,Support tickets sit for days before anyone replies.
C04130,Sable Analytics,Media,NA,Starter,6,178.23,2025-06-13,2026-08-19,3,7,0,,Support quality varies a lot depending on who picks up the ticket.
C04131,Solstice Software GmbH,Manufacturing,APAC,Starter,8,219.39,2024-05-14,2026-08-21,0,9,0,,Reliable exports and fast reports every time. Keep up the great work.
C04132,Ironclad Analytics Inc,Healthcare,NA,Enterprise,69,6405.48,2024-05-20,2026-08-24,2,4,0,,Dashboards time out constantly when we filter more than a few weeks.
C04133,Zenith Robotics,Retail,EMEA,Starter,10,295.72,2024-04-22,2026-08-19,4,7,0,,The help center is good; live support is average. Some room for improvement.
C04134,Ember Works,Retail,APAC,Starter,8,231.64,2024-11-26,2026-02-16,3,6,1,Budget cuts,Overage charges were a nasty surprise on the invoice.
C04135,Nimbus Health,Retail,EMEA,Starter,6,176.22,2023-02-23,2026-08-31,3,8,0,,It does the job; adoption is growing slowly.
C04136,Solstice Partners,SaaS,NA,Growth,14,827.91,2024-04-28,2026-08-18,3,4,0,,Onboarding was confusing and we never really got set up properly. Renewal is unlikely.
C04137,Vertex Software Inc,Retail,EMEA,Enterprise,204,16739.38,2025-09-07,2026-08-26,1,7,0,,The API works but the docs could be clearer.
C04138,Copperfield Analytics,Media,EMEA,Starter,3,82.9,2024-02-25,2026-07-15,1,9,0,,Cheaper than what we replaced and far more capable.
C04139,Foxglove Group Inc,Education,NA,Starter,5,144.48,2024-11-18,2026-08-16,8,4,0,,Dashboards time out constantly when we filter more than a few weeks.
C04140,Zenith Analytics,Manufacturing,NA,Enterprise,177,15671.75,2024-01-17,2026-08-16,0,9,0,,The Enterprise plan pays for itself in saved hours. Would buy again without hesitation.
C04141,Zenith Systems,Retail,NA,Growth,25,1535.44,2026-04-16,2026-08-29,1,9,0,,"Support is outstanding, replies within the hour. Would buy again without hesitation."
C04142,Windmill Digital Ltd,Healthcare,APAC,Starter,5,143.0,2023-10-13,2026-08-04,5,5,0,,Half the team stopped logging in after the first month.
C04143,Ember Media Ltd,SaaS,NA,Starter,5,142.88,2025-09-18,2026-01-28,3,3,1,Too expensive,We pay for features we never use; the plan tiers make no sense. It has been a disappointing year.
C04144,Ember Systems LLC,Retail,NA,Enterprise,139,11491.12,2025-08-28,2026-08-17,1,5,0,,The forecasting module is too simplistic for our use case.
C04145,Copperfield Capital,Retail,EMEA,Growth,25,1449.06,2024-06-01,2026-08-23,0,9,0,,Adoption was instant; people actually enjoy using it. Keep up the great work.
C04146,Orbit Health GmbH,Fintech,LATAM,Starter,12,352.01,2026-06-09,2026-08-11,3,4,0,,No phone support and email replies take forever.
C04147,Juniper Studio GmbH,SaaS,NA,Starter,4,120.91,2026-06-12,2026-08-27,0,10,0,,"Rock solid, we have never seen an outage."
C04148,Zenith Systems,Education,NA,Starter,7,221.37,2023-02-06,2026-08-16,1,8,0,,Good enough integration options for our stack.
C04149,Frontier Retail Ltd,Retail,NA,Starter,14,392.52,2024-12-26,2026-04-28,3,8,1,Missing features,"Good product, waiting on the custom fields feature."
C04150,Aurora Dynamics,Retail,EMEA,Starter,7,208.29,2023-09-08,2026-08-16,2,6,0,,The API is rate limited so aggressively that our sync jobs fail nightly.
C04151,Keystone Foods,Fintech,EMEA,Starter,4,118.52,2026-06-28,2026-08-24,0,10,0,,Every ticket we raised was resolved the same day. Would buy again without hesitation.
C04152,Beacon Robotics GmbH,Healthcare,APAC,Starter,13,372.03,2026-05-15,2026-08-17,5,4,0,,SSO setup with Okta took three support tickets to get working.
C04153,Halcyon Robotics GmbH,Retail,NA,Starter,5,139.05,2024-06-23,2026-03-19,8,2,1,Budget cuts,Overage charges were a nasty surprise on the invoice. Frustrating overall.
C04154,Halcyon Capital,Retail,NA,Growth,21,1252.65,2024-03-12,2026-08-18,0,8,0,,The tutorials are helpful; the data import could be smoother.
C04155,Bluepeak Works,Healthcare,NA,Starter,2,62.92,2025-11-10,2026-08-19,0,6,0,,Chat support only sends links to docs we have already read.
C04156,Riverbend Media Co,SaaS,NA,Enterprise,438,37254.36,2024-05-11,2026-08-18,3,5,0,,Half the team stopped logging in after the first month.
C04157,Solstice Labs Co,Media,EMEA,Starter,6,168.52,2025-07-21,2026-06-23,0,6,1,Poor support experience,The support team is friendly but never actually fixes anything.
C04158,Evergreen Robotics Co,SaaS,APAC,Enterprise,120,10034.48,2025-04-25,2026-08-11,0,8,0,,"Mostly stable, with the occasional slow dashboard."
C04159,Zenith Foods,Retail,NA,Enterprise,141,11324.02,2023-12-29,2026-08-21,0,9,0,,Budget approval was easy because the ROI is obvious.
C04160,Beacon Supply Co,SaaS,EMEA,Enterprise,57,5251.88,2024-03-26,2026-08-18,1,7,0,,Would love a two-way calendar sync. We will see how the next release goes.
C04161,Atlas Partners GmbH,Healthcare,NA,Starter,4,119.17,2026-04-05,2026-07-24,4,5,1,Poor support experience,We opened four tickets for the same bug and got four different answers.
C04162,Crescent Systems LLC,Fintech,EMEA,Starter,10,281.97,2024-09-20,2026-05-08,1,6,1,Switched to competitor,The roadmap items we were promised never shipped. Renewal is unlikely.
C04163,Keystone Capital Ltd,Media,NA,Growth,46,2195.33,2024-06-16,2026-08-24,0,8,0,,We like the dashboards but want more automation.
C04164,Granite Logistics Inc,Retail,EMEA,Starter,4,117.28,2026-02-23,2026-08-27,8,2,0,,Dashboards time out constantly when we filter more than a few weeks.
C04165,Evergreen Logistics Inc,Healthcare,NA,Starter,10,284.18,2024-12-31,2026-08-20,0,10,0,,Budget approval was easy because the ROI is obvious. Would buy again without hesitation.
C04166,Crescent Robotics,Fintech,LATAM,Starter,2,56.26,2024-12-21,2026-08-26,0,9,0,,Onboarding was smooth and the whole team was productive in a week. Keep up the great work.
C04167,Orbit Systems Co,SaaS,APAC,Growth,13,743.7,2024-05-11,2026-08-23,2,7,0,,We are on the fence at renewal because of the price increase. Overall it is fine.
C04168,Foxglove Digital GmbH,Retail,APAC,Growth,62,3456.41,2025-04-30,2026-08-01,0,8,1,Switched to competitor,"Solid basics, some rough edges in the admin console. Overall it is fine."
C04169,Zenith Software,Healthcare,APAC,Starter,12,342.32,2023-02-26,2026-03-12,8,2,1,Too expensive,We pay for features we never use; the plan tiers make no sense. Renewal is unlikely.
C04170,Copperfield Media Co,Retail,NA,Enterprise,229,19987.55,2023-10-04,2026-06-16,1,9,0,,The HubSpot sync saved us hours every week.
C04171,Copperfield Studio,Logistics,EMEA,Growth,48,2734.1,2025-11-12,2026-08-21,0,8,0,,"The annual discount helped, monthly pricing feels steep."
C04172,Oakridge Retail Co,Education,NA,Starter,2,57.37,2023-11-30,2026-06-25,3,5,0,,Chat support only sends links to docs we have already read.
C04173,Vertex Software Ltd,Logistics,APAC,Starter,12,340.75,2026-06-09,2026-08-15,2,5,0,,Data was missing for two days and nobody told us why.
C04174,Stellar Media,Fintech,NA,Starter,3,87.44,2026-02-11,2026-08-28,0,10,0,,Connected to Snowflake in an afternoon. Keep up the great work.
C04175,Bluepeak Retail GmbH,Manufacturing,NA,Enterprise,344,28779.25,2024-05-01,2026-08-14,0,7,0,,The tutorials are helpful; the data import could be smoother.
C04176,Lumen Dynamics,Healthcare,EMEA,Growth,30,1645.92,2026-03-16,2026-08-14,1,10,0,,It became part of our daily workflow almost immediately. Would buy again without hesitation.
C04177,Harbor Foods GmbH,Healthcare,NA,Growth,56,3307.98,2025-07-01,2026-08-18,2,7,0,,Support quality varies a lot depending on who picks up the ticket. Overall it is fine.
C04178,Sable Learning,Logistics,EMEA,Growth,40,2257.51,2025-10-26,2026-08-12,1,9,0,,It became part of our daily workflow almost immediately.
C04179,Bluepeak Networks GmbH,Education,NA,Starter,11,313.09,2024-08-22,2026-07-27,0,9,0,,Connected to Snowflake in an afternoon.
C04180,Redwood Supply Co,Media,EMEA,Enterprise,243,18880.97,2023-06-05,2026-08-11,0,7,0,,Tickets get resolved eventually but it takes follow-ups. Overall it is fine.
C04181,Quantum Partners Inc,Education,APAC,Enterprise,253,21136.29,2024-11-28,2026-08-29,0,9,0,,The platform is fast and stable; no complaints. Would buy again without hesitation.
C04182,Halcyon Supply Inc,SaaS,EMEA,Growth,38,2036.02,2025-11-10,2026-08-31,2,6,0,,The API is rate limited so aggressively that our sync jobs fail nightly.
C04183,Evergreen Foods Co,Education,NA,Growth,26,1530.28,2023-04-26,2026-08-23,2,10,0,,Plays nicely with every tool in our stack. Highly recommended.
C04184,Meridian Digital,Retail,NA,Starter,10,264.9,2023-01-25,2026-07-16,9,1,1,Budget cuts,Reporting is too rigid; we ended up exporting to spreadsheets anyway. Renewal is unlikely.
C04185,Sable Supply,Logistics,NA,Starter,7,199.17,2025-11-13,2026-08-20,3,6,0,,Chat support only sends links to docs we have already read. Would not recommend at this point.
C04186,Oakridge Software,Manufacturing,NA,Starter,2,57.05,2025-01-31,2026-06-09,7,3,1,Reliability issues,Frequent logouts and stale sessions made it unusable for the field team. Renewal is unlikely.
C04187,Cobalt Software Inc,SaaS,EMEA,Growth,42,2286.82,2024-10-27,2026-08-15,2,8,0,,Feature set is competitive but not best in class. Overall it is fine.
C04188,Copperfield Robotics Ltd,SaaS,NA,Growth,20,1168.85,2025-05-11,2026-08-12,2,2,0,,Our budget was cut and the platform was the first thing to go. Frustrating overall.
C04189,Keystone Robotics,SaaS,NA,Enterprise,89,8211.36,2025-05-23,2026-08-25,4,6,0,,We were never shown how to use the reporting module.
C04190,Aurora Labs GmbH,Retail,NA,Starter,7,215.35,2024-06-28,2026-01-07,6,2,1,Poor support experience,Support tickets sit for days before anyone replies. We are evaluating alternatives.
C04191,Meridian Learning Inc,SaaS,LATAM,Starter,7,198.82,2025-02-18,2026-07-20,4,7,1,Reliability issues,Uptime is fine; performance on large filters could improve.
C04192,Lumen Partners Ltd,Education,NA,Starter,7,195.6,2024-09-03,2026-06-08,7,2,0,,Response times got noticeably worse over the last quarter. Frustrating overall.
C04193,Nimbus Foods,Healthcare,NA,Enterprise,277,21699.02,2023-09-22,2026-08-20,0,6,0,,The setup wizard failed twice and we gave up on the advanced features. Renewal is unlikely.
C04194,Aurora Capital,Media,EMEA,Growth,35,1881.19,2025-08-04,2026-06-09,3,4,1,Missing features,The price per seat is hard to justify for a team our size.
C04195,Crescent Logistics Ltd,Fintech,NA,Growth,19,1058.17,2024-04-24,2026-08-24,0,10,0,,"We were live in two days, which is unheard of for us. We plan to add more seats next quarter."
C04196,Halcyon Learning Inc,Retail,LATAM,Growth,32,1823.27,2026-02-15,2026-08-23,0,8,0,,Covers our core needs; advanced reporting is limited.
C04197,Zenith Health,SaaS,NA,Growth,40,2186.36,2024-05-21,2026-06-24,1,10,0,,Excellent documentation and training videos. Would buy again without hesitation.
C04198,Lumen Networks Co,Media,EMEA,Starter,7,210.63,2023-08-30,2026-04-15,1,10,1,Poor support experience,"Fast, friendly and technically sharp support."
C04199,Copperfield Studio,SaaS,EMEA,Starter,13,399.1,2025-11-22,2026-08-30,1,9,0,,Adoption was instant; people actually enjoy using it.
C04200,Ironclad Supply Ltd,SaaS,APAC,Starter,14,391.95,2023-06-26,2026-08-12,3,6,0,,The support team is friendly but never actually fixes anything.
C04201,Windmill Learning,SaaS,EMEA,Starter,6,171.58,2026-06-13,2026-08-27,1,8,0,,Good enough integration options for our stack. Some room for improvement.
C04202,Oakridge Learning Inc,Manufacturing,APAC,Growth,21,1305.0,2025-03-14,2026-08-22,2,8,0,,"Mostly stable, with the occasional slow dashboard. Happy enough to stay for now."
C04203,Oakridge Learning GmbH,SaaS,NA,Starter,3,87.66,2024-09-06,2026-08-16,0,10,0,,"Great value for the price, especially on the annual plan. We plan to add more seats next quarter."
C04204,Harbor Learning GmbH,Healthcare,EMEA,Growth,23,1385.31,2023-10-22,2026-08-11,5,4,0,,The mobile app crashes whenever we open a large report.
C04205,Meridian Retail,Manufacturing,EMEA,Growth,52,2971.13,2023-09-15,2026-08-31,1,8,0,,"Fine for simple questions, weaker on technical issues."
C04206,Quantum Partners,Manufacturing,EMEA,Growth,24,1466.78,2023-09-05,2026-08-17,5,4,0,,Data was missing for two days and nobody told us why. It has been a disappointing year.
C04207,Pioneer Partners Inc,SaaS,EMEA,Enterprise,179,15310.1,2025-11-28,2026-08-20,1,4,0,,Our budget was cut and the platform was the first thing to go.
C04208,Crescent Media Co,SaaS,NA,Starter,3,91.86,2023-09-17,2026-06-14,0,7,0,,The help center is good; live support is average. Some room for improvement.
C04209,Harbor Software,Retail,NA,Growth,18,1059.1,2023-02-15,2026-06-18,2,8,0,,The API works but the docs could be clearer.
C04210,Halcyon Health LLC,SaaS,NA,Starter,8,236.82,2023-09-09,2026-08-29,10,3,0,,Escalations go nowhere; we had to chase our account manager repeatedly.
C04211,Cobalt Capital LLC,Education,NA,Growth,27,1581.74,2025-02-17,2026-08-29,5,4,0,,Too expensive compared with the alternatives we evaluated.
C04212,Solstice Dynamics Ltd,Fintech,NA,Growth,64,3655.03,2024-08-31,2026-08-21,2,5,0,,Dashboards time out constantly when we filter more than a few weeks. Would not recommend at this point.
C04213,Foxglove Learning Inc,Retail,NA,Starter,13,366.43,2024-04-20,2026-04-23,3,5,1,Budget cuts,Too expensive compared with the alternatives we evaluated. It has been a disappointing year.
C04214,Zenith Software Inc,SaaS,EMEA,Starter,6,162.29,2026-05-15,2026-08-23,2,7,0,,Good enough integration options for our stack.
C04215,Sable Systems LLC,Healthcare,EMEA,Growth,44,2477.53,2024-03-14,2026-08-16,1,7,0,,"One outage this quarter, communicated well."
C04216,Copperfield Analytics,SaaS,EMEA,Growth,38,1999.98,2025-11-22,2026-08-29,2,8,0,,Support quality varies a lot depending on who picks up the ticket.
C04217,Solstice Analytics Ltd,Education,EMEA,Growth,54,2830.33,2023-06-08,2026-08-19,1,10,0,,Plays nicely with every tool in our stack. Would buy again without hesitation.
C04218,Atlas Systems Co,SaaS,NA,Starter,3,91.4,2024-11-24,2026-01-11,2,5,1,Poor support experience,We opened four tickets for the same bug and got four different answers.
C04219,Meridian Foods,Logistics,NA,Growth,42,2393.61,2023-06-17,2026-08-31,1,9,0,,Budget approval was easy because the ROI is obvious.
C04220,Mosaic Capital LLC,Education,EMEA,Growth,52,2814.15,2023-04-14,2026-07-25,3,7,0,,Support quality varies a lot depending on who picks up the ticket.
C04221,Cobalt Supply Co,SaaS,APAC,Starter,5,127.34,2025-05-17,2026-08-17,1,6,0,,"No native Slack or HubSpot connector, so we had to build our own."
C04222,Keystone Systems Co,SaaS,EMEA,Growth,42,2353.69,2025-05-08,2026-07-29,0,9,0,,Great templates got us started immediately. Would buy again without hesitation.
C04223,Zenith Retail,Fintech,EMEA,Growth,56,3154.15,2025-01-03,2026-08-18,0,6,0,,The price per seat is hard to justify for a team our size.
C04224,Aurora Logistics Co,SaaS,EMEA,Enterprise,197,16920.25,2024-07-29,2026-08-31,1,7,0,,"Good product, waiting on the custom fields feature. We will see how the next release goes."
C04225,Ember Capital LLC,SaaS,EMEA,Starter,5,147.73,2023-12-12,2026-08-28,1,10,0,,Plays nicely with every tool in our stack.
C04226,Meridian Digital Co,Media,EMEA,Starter,14,403.05,2025-09-20,2026-08-28,3,8,0,,Good enough integration options for our stack.
C04227,Copperfield Dynamics,Healthcare,EMEA,Enterprise,231,19119.49,2023-08-30,2026-08-29,4,6,0,,The roadmap items we were promised never shipped.
C04228,Sable Studio,SaaS,NA,Enterprise,434,34905.17,2024-09-22,2026-08-17,2,6,0,,Performance degraded badly as our dataset grew. Would not recommend at this point.
C04229,Cascade Capital GmbH,Healthcare,NA,Starter,8,225.53,2026-04-17,2026-07-18,6,6,1,Reliability issues,We had three outages in one month during peak hours. Would not recommend at this point.
C04230,Silverlake Dynamics,Fintech,NA,Enterprise,290,24717.31,2025-05-02,2026-08-11,1,10,0,,The platform is fast and stable; no complaints. We plan to add more seats next quarter.
C04231,Foxglove Learning,Logistics,EMEA,Starter,3,88.18,2025-12-14,2026-08-28,2,6,0,,Escalations go nowhere; we had to chase our account manager repeatedly.
C04232,Tidewater Media Ltd,SaaS,APAC,Enterprise,265,23004.27,2023-09-13,2026-08-30,1,9,0,,Onboarding was smooth and the whole team was productive in a week.
C04233,Sable Labs LLC,Manufacturing,NA,Starter,5,136.84,2023-02-02,2026-07-27,0,7,0,,Good enough integration options for our stack.
C04234,Vertex Foods Ltd,Manufacturing,NA,Starter,2,54.15,2025-11-29,2026-08-26,1,7,0,,Reports are a bit slow at month end. Overall it is fine.
C04235,Stellar Robotics,SaaS,APAC,Enterprise,185,15331.3,2024-12-19,2026-08-16,1,8,0,,"Decent value, though we keep an eye on seat costs."
C04236,Quantum Supply GmbH,SaaS,NA,Starter,8,222.53,2025-09-21,2026-08-19,0,5,0,,The setup wizard failed twice and we gave up on the advanced features. Would not recommend at this point.
C04237,Quantum Networks,Retail,APAC,Enterprise,76,7049.38,2025-12-11,2026-08-16,0,8,0,,"Most of the team uses it weekly, a few power users daily."
C04238,Brightline Supply Inc,Media,NA,Growth,40,2079.8,2024-04-22,2026-07-25,0,9,0,,Automation rules removed a ton of manual work. Keep up the great work.
C04239,Riverbend Retail Inc,Healthcare,NA,Starter,8,242.95,2023-05-22,2026-08-29,7,2,0,,Support tickets sit for days before anyone replies.
C04240,Crescent Digital GmbH,Education,NA,Enterprise,216,17578.72,2026-05-14,2026-06-05,3,7,0,,Reports are a bit slow at month end. Some room for improvement.
C04241,Quantum Digital,Manufacturing,NA,Growth,25,1568.97,2024-01-24,2026-08-29,1,5,0,,Pricing jumped at renewal and nobody warned us.
C04242,Brightline Networks,Manufacturing,NA,Enterprise,257,22080.1,2023-07-24,2026-08-19,3,7,0,,"Support is okay, sometimes quick, sometimes slow."
C04243,Brightline Studio Inc,Retail,NA,Enterprise,273,22003.28,2024-12-29,2026-08-12,0,6,0,,"No native Slack or HubSpot connector, so we had to build our own."
C04244,Bluepeak Dynamics GmbH,Retail,NA,Starter,3,94.29,2023-01-26,2026-08-24,3,6,0,,The setup wizard failed twice and we gave up on the advanced features.
C04245,Falcon Labs LLC,Education,NA,Starter,5,146.54,2023-03-18,2026-08-21,0,9,0,,The Salesforce and Slack integrations work flawlessly.
C04246,Stellar Software,Fintech,APAC,Starter,11,321.12,2025-08-31,2026-07-14,3,6,0,,Chat support only sends links to docs we have already read. Renewal is unlikely.
C04247,Oakridge Foods,Media,NA,Growth,14,823.85,2023-04-23,2026-08-29,6,4,0,,The roadmap items we were promised never shipped.
C04248,Summit Software,SaaS,NA,Starter,10,295.41,2025-02-05,2026-01-10,2,6,1,Poor support experience,Escalations go nowhere; we had to chase our account manager repeatedly. Frustrating overall.
C04249,Ironclad Capital,SaaS,NA,Starter,7,207.27,2024-08-01,2026-08-24,2,9,0,,The support team clearly knows the product inside out.
C04250,Silverlake Analytics Co,Manufacturing,LATAM,Growth,18,1025.26,2023-05-22,2026-08-17,1,6,0,,Data was missing for two days and nobody told us why. It has been a disappointing year.
C04251,Zenith Systems,Fintech,APAC,Starter,6,172.51,2026-04-18,2026-08-31,3,5,0,,Exports randomly fail with no error message.
C04252,Beacon Systems Inc,SaaS,LATAM,Growth,35,1929.34,2023-07-23,2026-08-13,5,5,0,,Overage charges were a nasty surprise on the invoice. Would not recommend at this point.
C04253,Northwind Networks Co,SaaS,APAC,Growth,69,3874.28,2025-04-10,2026-08-18,1,6,0,,The roadmap items we were promised never shipped. It has been a disappointing year.
C04254,Sable Retail Ltd,Healthcare,NA,Starter,14,415.74,2023-06-17,2026-08-28,7,4,0,,Zapier is the only integration path and it is flaky. Renewal is unlikely.
C04255,Ember Health Inc,Media,EMEA,Starter,8,233.53,2025-01-23,2026-08-21,2,7,0,,"Solid basics, some rough edges in the admin console."
C04256,Aurora Works,SaaS,NA,Starter,12,340.34,2023-08-01,2026-08-19,2,8,0,,Documentation is solid but a guided setup call would have helped. Some room for improvement.
C04257,Frontier Health,SaaS,APAC,Growth,48,2570.38,2026-02-07,2026-08-13,3,6,0,,We had three outages in one month during peak hours.
C04258,Falcon Media LLC,Retail,NA,Starter,3,82.85,2024-08-11,2026-07-15,11,3,1,Budget cuts,The per-seat model punishes us every time we onboard a contractor.
C04259,Nimbus Software,Logistics,NA,Enterprise,238,20502.44,2023-01-12,2026-08-14,2,7,0,,Integrations cover the basics; we still miss a native Jira connector. Some room for improvement.
C04260,Crescent Analytics Co,Fintech,APAC,Growth,49,2622.38,2023-03-07,2026-08-25,3,4,0,,The support team is friendly but never actually fixes anything. It has been a disappointing year.
C04261,Pioneer Logistics Co,Logistics,APAC,Starter,4,115.11,2024-11-23,2026-08-30,1,6,0,,We opened four tickets for the same bug and got four different answers. Frustrating overall.
C04262,Silverlake Software,Media,LATAM,Enterprise,150,12742.54,2024-10-24,2026-08-23,0,8,0,,Would prefer usage-based pricing over per-seat.
C04263,Evergreen Retail,Fintech,NA,Enterprise,131,11025.38,2024-02-26,2026-08-13,0,7,0,,Would like more flexible billing for seasonal staff. We will see how the next release goes.
C04264,Sable Digital GmbH,Manufacturing,NA,Starter,2,57.99,2025-02-11,2026-07-03,1,7,0,,"Decent value, though we keep an eye on seat costs. Overall it is fine."
C04265,Falcon Labs GmbH,Education,NA,Enterprise,98,8696.25,2025-10-14,2026-08-22,2,6,0,,Response times got noticeably worse over the last quarter. Would not recommend at this point.
C04266,Copperfield Systems,Retail,NA,Starter,10,293.12,2025-07-17,2026-08-24,2,7,0,,Tickets get resolved eventually but it takes follow-ups.
C04267,Oakridge Health,Retail,EMEA,Growth,43,2329.89,2025-08-14,2026-07-19,2,7,0,,"Fine for simple questions, weaker on technical issues."
C04268,Redwood Logistics,Manufacturing,NA,Starter,8,231.2,2026-04-22,2026-04-23,3,5,1,Poor support experience,No phone support and email replies take forever. Frustrating overall.
C04269,Copperfield Networks GmbH,Manufacturing,APAC,Growth,60,3444.69,2023-09-21,2026-08-29,1,7,0,,Setup for SSO was fiddly but works now. Overall it is fine.
C04270,Harbor Supply Inc,Manufacturing,NA,Enterprise,272,23351.45,2023-04-16,2026-08-30,0,9,0,,The platform is fast and stable; no complaints.
C04271,Stellar Works Ltd,Logistics,EMEA,Enterprise,429,35276.1,2023-06-04,2026-08-11,3,8,0,,The help center is good; live support is average. Some room for improvement.
C04272,Granite Group Co,Retail,APAC,Enterprise,212,17733.54,2023-02-14,2026-08-19,3,4,0,,Honestly we barely used it; it never became part of our workflow.
C04273,Bluepeak Digital,Manufacturing,EMEA,Starter,4,123.42,2024-01-10,2026-08-15,1,6,0,,Performance degraded badly as our dataset grew.
C04274,Juniper Digital GmbH,Media,NA,Growth,47,2547.18,2023-06-27,2026-08-22,1,10,0,,"Best-in-class dashboards, our execs love them."
C04275,Tidewater Analytics,SaaS,NA,Starter,13,377.6,2026-03-21,2026-04-06,5,5,1,Poor support experience,No phone support and email replies take forever. We are evaluating alternatives.
C04276,Stellar Foods,SaaS,NA,Starter,12,357.24,2024-03-06,2026-08-11,2,10,0,,Powerful yet simple; it grows with us.
C04277,Northwind Learning,Retail,EMEA,Starter,4,117.0,2023-10-06,2026-08-11,4,6,0,,Support tickets sit for days before anyone replies.
C04278,Nimbus Systems Co,Media,EMEA,Enterprise,261,21635.62,2024-11-01,2026-08-19,1,9,0,,The reporting and forecasting features are exactly what we needed.
C04279,Northwind Media Co,Fintech,NA,Growth,24,1373.89,2024-07-03,2026-08-12,1,4,0,,Frequent logouts and stale sessions made it unusable for the field team. Renewal is unlikely.
C04280,Orbit Retail,Education,LATAM,Starter,8,231.91,2023-01-06,2026-08-27,1,6,0,,Overage charges were a nasty surprise on the invoice. Would not recommend at this point.
C04281,Riverbend Health Co,SaaS,EMEA,Enterprise,268,23145.79,2026-05-09,2026-08-29,0,10,0,,Fair pricing and no surprise fees.
C04282,Copperfield Capital,Fintech,APAC,Growth,34,1964.15,2025-06-02,2026-08-30,1,6,0,,"No native Slack or HubSpot connector, so we had to build our own. It has been a disappointing year."
C04283,Cascade Software Ltd,Healthcare,NA,Starter,8,218.4,2025-11-18,2026-08-24,0,8,0,,"Does what it says, nothing spectacular."
C04284,Mosaic Group GmbH,SaaS,LATAM,Growth,30,1894.81,2026-05-05,2026-08-13,3,7,0,,Would love a two-way calendar sync.
C04285,Pioneer Robotics,Media,NA,Growth,21,1224.71,2026-02-03,2026-08-30,3,7,0,,The tutorials are helpful; the data import could be smoother. We will see how the next release goes.
C04286,Granite Studio,SaaS,NA,Growth,23,1407.2,2023-11-15,2026-08-16,1,9,0,,"We were live in two days, which is unheard of for us."
C04287,Cascade Studio Inc,Media,APAC,Growth,25,1431.49,2025-08-31,2026-08-27,0,10,0,,Adoption was instant; people actually enjoy using it. Would buy again without hesitation.
C04288,Vertex Capital Co,SaaS,APAC,Growth,21,1159.17,2023-01-12,2026-08-19,0,10,0,,The Salesforce and Slack integrations work flawlessly.
C04289,Harbor Labs,Logistics,EMEA,Starter,1,27.48,2024-04-06,2026-03-30,2,6,1,Onboarding too complex,Frequent logouts and stale sessions made it unusable for the field team.
C04290,Tidewater Studio,Healthcare,NA,Growth,23,1339.04,2025-08-19,2026-02-10,2,7,1,Switched to competitor,"Good product, waiting on the custom fields feature."
C04291,Granite Dynamics GmbH,SaaS,NA,Starter,8,236.86,2025-06-11,2026-03-21,3,3,1,Too expensive,The per-seat model punishes us every time we onboard a contractor.
C04292,Ironclad Digital,SaaS,APAC,Starter,4,116.14,2025-09-09,2026-08-31,1,8,0,,The help center is good; live support is average. Some room for improvement.
C04293,Keystone Logistics,SaaS,APAC,Starter,11,315.81,2025-08-24,2026-03-11,1,8,1,Poor support experience,"Support is okay, sometimes quick, sometimes slow."
C04294,Atlas Digital,Healthcare,NA,Growth,61,3496.75,2023-02-25,2026-08-19,0,7,0,,Feature set is competitive but not best in class. Some room for improvement.
C04295,Juniper Networks Inc,Manufacturing,NA,Starter,10,290.02,2025-01-14,2026-08-20,3,6,0,,The support team is friendly but never actually fixes anything.
C04296,Ironclad Analytics Ltd,Retail,EMEA,Starter,11,322.57,2025-02-26,2026-03-04,1,6,1,Onboarding too complex,Onboarding was confusing and we never really got set up properly. Renewal is unlikely.
C04297,Summit Analytics Co,Retail,EMEA,Starter,9,293.48,2023-07-18,2026-08-29,0,8,0,,"One outage this quarter, communicated well."
C04298,Copperfield Learning Inc,Healthcare,NA,Enterprise,117,9842.38,2023-11-06,2026-08-16,0,5,0,,Pricing jumped at renewal and nobody warned us. We are evaluating alternatives.
C04299,Mosaic Networks,Healthcare,EMEA,Starter,4,112.77,2024-09-13,2026-06-26,0,9,0,,"Support is outstanding, replies within the hour."
C04300,Stellar Networks,Education,LATAM,Starter,5,147.79,2025-03-18,2026-08-13,5,6,0,,Support tickets sit for days before anyone replies. Frustrating overall.
C04301,Copperfield Analytics Ltd,Retail,NA,Starter,8,238.81,2025-12-20,2026-07-10,0,10,1,Too expensive,The Enterprise plan pays for itself in saved hours. Keep up the great work.
C04302,Windmill Robotics,Education,EMEA,Growth,28,1671.89,2025-07-15,2026-08-12,0,6,0,,The price per seat is hard to justify for a team our size. Would not recommend at this point.
C04303,Vertex Analytics GmbH,Logistics,EMEA,Starter,5,145.91,2026-05-29,2026-08-17,0,8,0,,Documentation is solid but a guided setup call would have helped.
C04304,Silverlake Systems Inc,Fintech,EMEA,Starter,8,245.76,2023-10-12,2026-08-30,1,7,0,,Covers our core needs; advanced reporting is limited. We will see how the next release goes.
C04305,Copperfield Capital,SaaS,APAC,Enterprise,124,11001.09,2024-05-15,2026-07-11,1,8,0,,"No major issues, some minor bugs here and there."
C04306,Foxglove Health,SaaS,EMEA,Growth,53,2894.49,2023-11-29,2026-04-10,2,7,1,Integration gaps,Setup for SSO was fiddly but works now.
C04307,Harbor Labs,Healthcare,EMEA,Growth,16,919.7,2026-02-10,2026-08-17,0,9,0,,The platform is fast and stable; no complaints.
C04308,Lumen Learning,Fintech,NA,Growth,71,3962.65,2025-02-19,2026-08-19,2,4,0,,We could not connect it to our data warehouse without a consultant. Would not recommend at this point.
C04309,Pioneer Retail,Logistics,EMEA,Enterprise,128,10491.48,2024-10-10,2026-06-14,2,5,1,Missing features,We outgrew the product; it is fine for small teams but not for us. It has been a disappointing year.
C04310,Orbit Supply GmbH,Healthcare,NA,Enterprise,392,34154.75,2025-01-12,2026-08-22,2,10,0,,"Support is outstanding, replies within the hour."
C04311,Juniper Learning LLC,Healthcare,NA,Growth,49,2734.24,2024-02-22,2026-08-29,4,5,0,,Exports randomly fail with no error message. It has been a disappointing year.
C04312,Sable Learning Ltd,Manufacturing,EMEA,Growth,60,3643.81,2026-02-04,2026-08-18,3,5,0,,It took weeks to import our data and the docs were out of date. It has been a disappointing year.
C04313,Crescent Media,Fintech,EMEA,Enterprise,64,6239.73,2025-02-23,2026-08-21,0,9,0,,Pricing is transparent and scales sensibly with our team.
C04314,Pioneer Supply Ltd,Manufacturing,LATAM,Enterprise,217,17472.61,2024-10-13,2026-08-21,0,10,0,,The API is clean and well documented; we automated everything.
C04315,Evergreen Software,SaaS,EMEA,Starter,5,141.99,2025-06-18,2026-08-12,1,10,0,,Pricing is transparent and scales sensibly with our team. We plan to add more seats next quarter.
C04316,Pioneer Capital Co,Healthcare,APAC,Enterprise,170,13210.3,2025-10-17,2026-08-29,1,7,0,,Reports are a bit slow at month end. Overall it is fine.
C04317,Beacon Logistics LLC,Logistics,NA,Growth,36,1806.41,2024-05-19,2026-08-25,0,8,0,,The mobile app lags behind the web app.
C04318,Crescent Systems GmbH,Manufacturing,EMEA,Growth,41,2259.91,2025-07-23,2026-07-23,0,8,0,,"Solid basics, some rough edges in the admin console."
C04319,Ember Learning,Media,LATAM,Starter,4,110.47,2025-10-15,2026-08-22,0,7,0,,The mobile app lags behind the web app. Overall it is fine.
C04320,Mosaic Dynamics GmbH,Retail,NA,Starter,6,185.42,2025-04-29,2026-06-28,3,5,1,Missing features,Missing basic features like bulk edit and custom roles.
C04321,Stellar Labs Inc,Manufacturing,APAC,Growth,28,1728.52,2023-05-29,2026-08-23,1,8,0,,We sync with our warehouse nightly and it mostly works.
C04322,Aurora Supply,Healthcare,EMEA,Growth,31,1682.5,2023-09-02,2026-06-26,2,6,0,,No phone support and email replies take forever. Frustrating overall.
C04323,Sable Works GmbH,Healthcare,NA,Starter,8,228.95,2023-02-09,2026-08-30,3,6,0,,Escalations go nowhere; we had to chase our account manager repeatedly. We are evaluating alternatives.
C04324,Tidewater Networks,SaaS,EMEA,Growth,48,2790.24,2023-12-19,2026-07-13,2,8,1,Onboarding too complex,"Our account manager is responsive, tier-1 support less so. We will see how the next release goes."
C04325,Evergreen Retail Co,SaaS,NA,Starter,6,185.93,2023-07-30,2026-08-11,2,6,0,,It took weeks to import our data and the docs were out of date. It has been a disappointing year.
C04326,Granite Digital Co,Healthcare,NA,Growth,15,851.99,2024-12-24,2026-08-24,1,7,0,,Pricing is fair but the Growth tier is a big jump from Starter. We will see how the next release goes.
C04327,Oakridge Software Co,SaaS,NA,Growth,14,790.94,2026-03-06,2026-08-11,2,5,0,,Support tickets sit for days before anyone replies.
C04328,Pioneer Analytics Ltd,Manufacturing,NA,Growth,57,3089.92,2023-03-26,2026-05-05,3,6,1,Company downsized,The price per seat is hard to justify for a team our size.
C04329,Juniper Supply Co,Media,NA,Starter,8,236.0,2023-12-30,2026-08-21,4,7,0,,"Our account manager is responsive, tier-1 support less so."
C04330,Meridian Analytics LLC,Logistics,APAC,Starter,6,170.42,2023-02-27,2026-08-12,5,4,0,,The mobile app crashes whenever we open a large report.
C04331,Pioneer Learning GmbH,SaaS,NA,Starter,9,265.72,2023-04-17,2026-08-30,2,7,0,,"Mostly stable, with the occasional slow dashboard."
C04332,Harbor Systems Co,Logistics,APAC,Growth,19,1208.45,2023-03-05,2026-03-12,2,8,1,Low usage / no longer needed,Onboarding was fine but could use more templates.
C04333,Juniper Systems,SaaS,EMEA,Enterprise,256,20330.83,2025-02-13,2026-08-19,0,8,0,,Documentation is solid but a guided setup call would have helped.
C04334,Brightline Robotics Inc,Retail,NA,Growth,46,2479.02,2026-03-21,2026-08-22,0,10,0,,Adoption was instant; people actually enjoy using it. Highly recommended.
C04335,Frontier Media,Media,NA,Growth,22,1225.99,2025-07-13,2026-08-23,0,6,0,,The Salesforce integration breaks every other week.
C04336,Mosaic Works,SaaS,LATAM,Starter,8,224.24,2025-05-29,2026-08-16,2,8,0,,Covers our core needs; advanced reporting is limited.
C04337,Riverbend Analytics Inc,SaaS,EMEA,Starter,7,200.61,2023-07-19,2026-06-14,4,8,0,,"Most of the team uses it weekly, a few power users daily."
C04338,Halcyon Group Co,SaaS,LATAM,Enterprise,131,10702.99,2025-12-03,2026-08-29,2,6,0,,Webhook payloads changed without notice and broke our pipeline. Would not recommend at this point.
C04339,Lumen Logistics,Retail,NA,Growth,29,1746.59,2025-01-09,2026-07-27,1,6,0,,Frequent logouts and stale sessions made it unusable for the field team.
C04340,Riverbend Software Co,Manufacturing,EMEA,Starter,6,175.05,2026-05-14,2026-08-26,1,7,0,,The mobile app lags behind the web app. We will see how the next release goes.
C04341,Foxglove Systems,SaaS,APAC,Growth,26,1552.35,2024-05-13,2026-08-30,3,6,0,,No phone support and email replies take forever. Renewal is unlikely.
C04342,Redwood Capital,SaaS,LATAM,Growth,34,1842.69,2025-06-13,2026-08-13,3,7,0,,Tickets get resolved eventually but it takes follow-ups. Some room for improvement.
C04343,Silverlake Software Inc,Healthcare,NA,Starter,7,201.26,2024-09-05,2026-01-31,8,1,1,Poor support experience,The price per seat is hard to justify for a team our size. Frustrating overall.
C04344,Brightline Retail,Fintech,LATAM,Starter,2,57.19,2024-10-19,2026-02-06,0,7,1,Low usage / no longer needed,We are still ramping up usage across the team.
C04345,Tidewater Dynamics GmbH,Manufacturing,NA,Growth,53,2879.19,2023-05-16,2026-08-22,1,7,0,,Would love a two-way calendar sync.
C04346,Bluepeak Media Ltd,Logistics,APAC,Starter,8,235.89,2024-09-03,2026-08-21,3,7,0,,"One outage this quarter, communicated well."
C04347,Ember Capital,Manufacturing,EMEA,Starter,4,107.08,2023-08-02,2026-08-17,1,9,0,,Reliable exports and fast reports every time. We plan to add more seats next quarter.
C04348,Sable Partners,Media,EMEA,Enterprise,418,35579.83,2025-08-09,2026-08-18,1,8,0,,Pricing is fair but the Growth tier is a big jump from Starter. Happy enough to stay for now.
C04349,Northwind Logistics,Retail,NA,Enterprise,158,12833.68,2025-06-23,2026-08-26,0,8,0,,"One outage this quarter, communicated well. Some room for improvement."
C04350,Nimbus Media,Media,APAC,Starter,10,286.07,2026-01-12,2026-07-15,3,5,0,,Reporting is too rigid; we ended up exporting to spreadsheets anyway.
C04351,Harbor Digital Inc,SaaS,NA,Starter,10,271.89,2024-08-11,2026-08-27,0,9,0,,The Salesforce and Slack integrations work flawlessly. Keep up the great work.
C04352,Falcon Supply GmbH,SaaS,EMEA,Growth,57,3082.72,2025-11-24,2026-08-26,3,8,0,,The tutorials are helpful; the data import could be smoother.
C04353,Aurora Health GmbH,Education,EMEA,Starter,6,175.93,2026-02-09,2026-08-12,2,5,0,,Response times got noticeably worse over the last quarter. Would not recommend at this point.
C04354,Lumen Analytics Ltd,SaaS,EMEA,Enterprise,386,33075.78,2024-09-20,2026-08-12,1,8,0,,"Setup took longer than expected, mostly on our side."
C04355,Juniper Dynamics Ltd,Media,EMEA,Growth,23,1292.61,2026-04-23,2026-08-26,1,8,0,,"Reliable overall, exports could be faster."
C04356,Orbit Capital LLC,Education,EMEA,Starter,10,294.74,2025-09-13,2026-08-24,0,8,0,,Would like faster responses on weekends.
C04357,Foxglove Supply Ltd,Logistics,EMEA,Growth,27,1665.63,2024-01-06,2026-03-26,4,4,1,Poor support experience,We opened four tickets for the same bug and got four different answers.
C04358,Oakridge Learning,Fintech,EMEA,Starter,8,227.42,2024-08-31,2026-02-28,6,2,1,Poor support experience,Escalations go nowhere; we had to chase our account manager repeatedly. It has been a disappointing year.
C04359,Beacon Foods Co,Retail,EMEA,Growth,54,2963.09,2023-05-09,2026-08-25,1,6,0,,The Salesforce integration breaks every other week. We are evaluating alternatives.
C04360,Cobalt Systems LLC,Manufacturing,EMEA,Enterprise,232,17907.45,2024-05-05,2026-08-29,1,7,0,,Useful tool; the roadmap looks promising.
C04361,Harbor Logistics,Fintech,APAC,Starter,3,83.88,2024-04-05,2026-08-14,2,7,0,,"The Slack integration is handy, the HubSpot one is limited. Happy enough to stay for now."
C04362,Cobalt Robotics,Healthcare,EMEA,Starter,9,263.82,2024-01-15,2026-08-20,0,7,0,,"The Slack integration is handy, the HubSpot one is limited. We will see how the next release goes."
C04363,Cobalt Partners,Education,NA,Enterprise,180,15725.9,2024-03-29,2026-08-26,0,10,0,,The HubSpot sync saved us hours every week.
C04364,Cascade Learning Inc,Logistics,EMEA,Growth,18,1036.54,2023-03-11,2026-04-19,2,2,1,Low usage / no longer needed,Adoption stalled because the learning curve is steep.
C04365,Tidewater Partners,Manufacturing,NA,Starter,14,449.35,2024-08-01,2026-08-30,0,9,0,,Plays nicely with every tool in our stack. Keep up the great work.
C04366,Quantum Works Ltd,SaaS,NA,Starter,2,58.73,2023-09-14,2026-08-21,2,7,0,,"Reliable overall, exports could be faster."
C04367,Lumen Health,Retail,APAC,Starter,4,110.09,2023-10-20,2026-04-22,1,9,1,Budget cuts,"The annual discount helped, monthly pricing feels steep."
C04368,Stellar Logistics GmbH,Healthcare,NA,Growth,19,1178.72,2025-07-20,2026-08-16,0,6,0,,The mobile app crashes whenever we open a large report.
C04369,Copperfield Networks Co,SaaS,EMEA,Starter,7,192.83,2026-02-07,2026-08-18,2,7,0,,"The annual discount helped, monthly pricing feels steep."
C04370,Frontier Studio,Retail,LATAM,Starter,6,176.29,2023-08-08,2026-07-19,1,7,0,,"Solid basics, some rough edges in the admin console."
C04371,Summit Capital,Fintech,NA,Starter,8,223.38,2024-12-17,2026-07-11,0,9,0,,"Great value for the price, especially on the annual plan. We plan to add more seats next quarter."
C04372,Sable Health GmbH,SaaS,NA,Growth,33,1712.39,2026-02-23,2026-08-19,0,10,0,,Powerful yet simple; it grows with us. Highly recommended.
C04373,Ember Software,Retail,NA,Enterprise,284,24818.36,2025-02-14,2026-08-17,3,5,0,,Data was missing for two days and nobody told us why. Renewal is unlikely.
C04374,Harbor Logistics Co,SaaS,NA,Growth,50,2714.99,2023-04-11,2026-08-27,3,6,0,,Too expensive compared with the alternatives we evaluated.
C04375,Northwind Group GmbH,Healthcare,EMEA,Growth,27,1702.96,2025-09-15,2026-08-28,1,8,0,,"No major issues, some minor bugs here and there."
C04376,Stellar Networks GmbH,SaaS,APAC,Growth,16,905.56,2023-03-07,2026-08-12,1,6,0,,Missing basic features like bulk edit and custom roles. Would not recommend at this point.
C04377,Tidewater Supply Co,Education,EMEA,Starter,7,190.34,2025-02-26,2026-01-18,9,2,1,Poor support experience,The support team is friendly but never actually fixes anything.
C04378,Ironclad Supply Inc,SaaS,NA,Starter,9,255.99,2024-09-05,2026-06-01,8,2,1,Too expensive,We pay for features we never use; the plan tiers make no sense. We are evaluating alternatives.
C04379,Northwind Group,Media,EMEA,Starter,3,97.06,2024-11-04,2026-08-27,7,2,0,,Chat support only sends links to docs we have already read. We are evaluating alternatives.
C04380,Vertex Learning,SaaS,NA,Starter,6,179.8,2023-10-12,2026-08-26,2,8,0,,The tutorials are helpful; the data import could be smoother.
C04381,Meridian Dynamics Co,Healthcare,EMEA,Enterprise,220,18923.17,2026-02-04,2026-08-21,2,6,0,,The mobile app crashes whenever we open a large report. Renewal is unlikely.
C04382,Orbit Capital,Fintech,EMEA,Starter,10,296.81,2023-05-12,2026-08-30,1,8,0,,Would like faster responses on weekends.
C04383,Silverlake Media Ltd,Fintech,NA,Enterprise,111,9159.5,2026-04-11,2026-08-22,0,9,0,,Our account manager proactively checks in every month. Keep up the great work.
C04384,Atlas Systems GmbH,Retail,APAC,Starter,5,160.83,2023-03-18,2026-08-28,2,10,0,,Plays nicely with every tool in our stack.
C04385,Lumen Health Ltd,Media,APAC,Starter,6,177.19,2024-01-23,2026-08-16,1,7,0,,We like the dashboards but want more automation.
C04386,Granite Media GmbH,Logistics,NA,Starter,2,58.85,2024-11-03,2026-08-28,0,9,0,,Custom roles and audit logs made our compliance team happy.
C04387,Silverlake Networks Co,Fintech,EMEA,Starter,4,120.57,2024-10-20,2026-08-31,0,8,0,,Support quality varies a lot depending on who picks up the ticket.
C04388,Frontier Software,SaaS,EMEA,Starter,6,165.14,2023-11-28,2026-08-17,2,6,0,,The setup wizard failed twice and we gave up on the advanced features. Would not recommend at this point.
C04389,Redwood Partners GmbH,Education,NA,Growth,68,3599.92,2024-01-03,2026-08-19,0,9,0,,We expanded to two more teams because it works so well. Highly recommended.
C04390,Orbit Systems,Healthcare,NA,Growth,64,3477.19,2024-12-10,2026-08-31,0,8,0,,"One outage this quarter, communicated well."
C04391,Granite Studio Ltd,SaaS,EMEA,Enterprise,273,23883.9,2023-01-28,2026-08-18,1,7,0,,"Decent value, though we keep an eye on seat costs. Some room for improvement."
C04392,Vertex Robotics GmbH,Manufacturing,LATAM,Enterprise,229,18269.79,2023-07-09,2026-08-26,3,6,0,,We opened four tickets for the same bug and got four different answers.
C04393,Northwind Learning GmbH,Retail,EMEA,Growth,42,2298.33,2024-05-19,2026-08-11,2,10,0,,The reporting and forecasting features are exactly what we needed.
C04394,Pioneer Logistics,Education,EMEA,Enterprise,224,18692.13,2023-02-01,2026-08-23,1,6,0,,Dashboards time out constantly when we filter more than a few weeks.
C04395,Lumen Networks Ltd,Fintech,EMEA,Starter,5,135.87,2023-04-21,2026-05-07,3,6,1,Missing features,Reporting is too rigid; we ended up exporting to spreadsheets anyway.
C04396,Juniper Retail,Retail,NA,Starter,8,227.28,2023-02-04,2026-01-27,3,7,1,Budget cuts,We are on the fence at renewal because of the price increase.
C04397,Vertex Learning Ltd,SaaS,NA,Starter,7,207.4,2025-11-09,2026-08-29,1,8,0,,"Does what it says, nothing spectacular. Happy enough to stay for now."
C04398,Windmill Retail LLC,Manufacturing,NA,Growth,44,2271.04,2023-05-24,2026-06-11,1,9,0,,Connected to Snowflake in an afternoon. Keep up the great work.
C04399,Pioneer Media,SaaS,APAC,Growth,63,3651.96,2023-08-24,2026-08-24,5,4,0,,Escalations go nowhere; we had to chase our account manager repeatedly. It has been a disappointing year.
C04400,Cobalt Logistics GmbH,Manufacturing,APAC,Growth,41,2291.79,2025-10-12,2026-08-15,1,6,0,,We were never shown how to use the reporting module. Renewal is unlikely.
C04401,Brightline Digital Ltd,Manufacturing,LATAM,Enterprise,286,24399.99,2024-07-06,2026-08-22,0,8,0,,Setup for SSO was fiddly but works now.
C04402,Crescent Retail GmbH,Manufacturing,NA,Starter,11,319.1,2024-07-26,2026-08-14,0,7,0,,The help center is good; live support is average. Some room for improvement.
C04403,Riverbend Studio GmbH,SaaS,EMEA,Growth,50,2623.63,2025-04-17,2026-08-24,1,8,0,,"The annual discount helped, monthly pricing feels steep."
C04404,Ember Retail GmbH,Fintech,EMEA,Growth,33,1763.65,2025-03-07,2026-03-31,2,5,1,Reliability issues,Overage charges were a nasty surprise on the invoice. We are evaluating alternatives.
C04405,Juniper Digital,Retail,NA,Growth,23,1376.64,2024-06-11,2026-08-12,1,8,0,,"Support is okay, sometimes quick, sometimes slow."
C04406,Vertex Software Co,Healthcare,NA,Starter,10,282.44,2026-01-21,2026-08-17,0,6,0,,The forecasting module is too simplistic for our use case.
C04407,Orbit Learning,Logistics,APAC,Starter,4,116.88,2023-10-18,2026-08-11,0,8,0,,"Our account manager is responsive, tier-1 support less so. Happy enough to stay for now."
C04408,Windmill Media GmbH,Retail,EMEA,Starter,2,55.91,2023-09-29,2026-02-05,3,7,1,Reliability issues,"Reliable overall, exports could be faster."
C04409,Cascade Studio,Media,EMEA,Growth,54,3016.48,2024-10-18,2026-08-30,2,5,0,,Half the team stopped logging in after the first month. Renewal is unlikely.
C04410,Cobalt Capital,SaaS,NA,Growth,44,2465.08,2026-01-16,2026-08-30,1,9,0,,"Support is outstanding, replies within the hour."
C04411,Atlas Software,Retail,EMEA,Starter,10,271.12,2026-02-18,2026-08-31,1,7,0,,"The annual discount helped, monthly pricing feels steep."
C04412,Beacon Labs,SaaS,NA,Growth,26,1538.13,2025-08-09,2026-02-03,3,4,1,Low usage / no longer needed,We outgrew the product; it is fine for small teams but not for us.
C04413,Stellar Group,Manufacturing,NA,Growth,40,2061.21,2023-01-05,2026-08-16,1,8,0,,"Reliable overall, exports could be faster. Happy enough to stay for now."
C04414,Cascade Media Co,SaaS,EMEA,Enterprise,254,19782.98,2025-07-19,2026-06-07,0,7,0,,"Does what it says, nothing spectacular. We will see how the next release goes."
C04415,Juniper Analytics Ltd,Fintech,NA,Growth,52,2785.46,2023-07-29,2026-08-15,0,9,0,,"Great value for the price, especially on the annual plan. Keep up the great work."
C04416,Sable Studio,Manufacturing,LATAM,Growth,25,1640.02,2026-01-16,2026-08-16,1,6,0,,We pay for features we never use; the plan tiers make no sense. Renewal is unlikely.
C04417,Ember Networks Inc,Healthcare,EMEA,Growth,49,2772.02,2023-05-25,2026-08-30,1,7,0,,"Good product, waiting on the custom fields feature."
C04418,Northwind Networks Inc,SaaS,NA,Growth,17,1058.85,2023-06-10,2026-08-23,4,6,0,,We opened four tickets for the same bug and got four different answers.
C04419,Ember Supply Co,SaaS,NA,Starter,5,148.53,2024-10-19,2026-08-11,2,7,0,,We are on the fence at renewal because of the price increase.
C04420,Tidewater Learning Co,Retail,EMEA,Starter,5,146.19,2024-11-20,2026-05-31,2,7,1,Company downsized,Would prefer usage-based pricing over per-seat. We will see how the next release goes.
C04421,Foxglove Retail LLC,Fintech,NA,Enterprise,167,14556.37,2024-03-09,2026-08-31,0,8,0,,"No major issues, some minor bugs here and there."
C04422,Solstice Logistics GmbH,SaaS,NA,Growth,40,2138.65,2024-09-08,2026-07-17,2,8,0,,Tickets get resolved eventually but it takes follow-ups.
C04423,Orbit Logistics,Healthcare,NA,Growth,78,4360.41,2025-06-30,2026-01-24,6,3,1,Budget cuts,Our budget was cut and the platform was the first thing to go.
C04424,Northwind Dynamics Co,Fintech,NA,Growth,56,3217.4,2025-04-27,2026-07-10,0,4,0,,The per-seat model punishes us every time we onboard a contractor.
C04425,Cascade Robotics,Healthcare,EMEA,Growth,57,3215.09,2025-06-27,2026-08-15,4,5,0,,The price per seat is hard to justify for a team our size. It has been a disappointing year.
C04426,Foxglove Works Co,Retail,EMEA,Starter,4,121.77,2023-10-31,2026-08-16,3,5,0,,SSO setup with Okta took three support tickets to get working. Would not recommend at this point.
C04427,Mosaic Analytics Ltd,SaaS,NA,Starter,8,233.69,2024-12-14,2026-08-18,2,7,0,,Tickets get resolved eventually but it takes follow-ups.
C04428,Crescent Studio Inc,SaaS,APAC,Starter,4,123.85,2023-06-12,2026-07-06,2,6,0,,Half the team stopped logging in after the first month.
C04429,Keystone Robotics Inc,Fintech,NA,Starter,4,115.03,2023-11-06,2026-06-30,1,5,0,,The forecasting module is too simplistic for our use case. Frustrating overall.
C04430,Ember Studio Co,SaaS,EMEA,Starter,6,188.74,2026-05-27,2026-05-28,2,5,1,Low usage / no longer needed,Onboarding was confusing and we never really got set up properly.
C04431,Ember Studio Inc,Fintech,NA,Growth,43,2413.55,2023-02-24,2026-07-13,3,5,1,Reliability issues,Dashboards time out constantly when we filter more than a few weeks.
C04432,Aurora Retail Ltd,Media,EMEA,Starter,9,256.99,2024-08-17,2026-08-30,0,9,0,,"Fast, friendly and technically sharp support. Highly recommended."
C04433,Nimbus Analytics Ltd,Media,NA,Enterprise,155,12428.06,2024-09-20,2026-08-12,3,4,0,,Response times got noticeably worse over the last quarter. It has been a disappointing year.
C04434,Foxglove Robotics,Retail,EMEA,Enterprise,138,11237.38,2023-10-24,2026-08-20,1,4,0,,The mobile app crashes whenever we open a large report.
C04435,Frontier Learning,Healthcare,NA,Starter,4,111.55,2023-03-06,2026-07-14,2,6,1,Company downsized,Overage charges were a nasty surprise on the invoice. Would not recommend at this point.
C04436,Vertex Systems Inc,Healthcare,LATAM,Growth,33,1804.28,2023-06-14,2026-08-25,0,9,0,,Powerful yet simple; it grows with us.
C04437,Northwind Systems,Manufacturing,NA,Growth,43,2239.18,2025-07-21,2026-08-14,6,3,0,,Response times got noticeably worse over the last quarter.
C04438,Meridian Capital LLC,Fintech,APAC,Enterprise,227,20089.82,2025-01-27,2026-08-19,0,8,0,,"One outage this quarter, communicated well. Some room for improvement."
C04439,Brightline Retail,Fintech,APAC,Growth,27,1600.06,2024-12-12,2026-08-13,0,8,0,,"Setup took longer than expected, mostly on our side. Happy enough to stay for now."
C04440,Beacon Digital Inc,Fintech,NA,Starter,8,232.65,2023-07-08,2026-08-31,4,8,0,,"Does what it says, nothing spectacular. Overall it is fine."
C04441,Brightline Works,SaaS,NA,Starter,6,165.89,2024-11-25,2026-08-20,0,9,0,,Excellent documentation and training videos. Keep up the great work.
C04442,Aurora Learning,Fintech,NA,Enterprise,150,12234.21,2023-08-22,2026-08-26,1,6,0,,Dashboards time out constantly when we filter more than a few weeks. Would not recommend at this point.
C04443,Atlas Group Co,Media,LATAM,Starter,5,132.12,2024-02-03,2026-08-16,2,5,0,,"A competitor offered everything we needed at a lower price, so we switched. Renewal is unlikely."
C04444,Cobalt Works LLC,Logistics,EMEA,Enterprise,107,9586.72,2026-04-29,2026-08-30,0,7,0,,Would like faster responses on weekends.
C04445,Zenith Media,SaaS,EMEA,Starter,5,136.78,2024-07-24,2026-08-30,3,8,0,,The tutorials are helpful; the data import could be smoother.
C04446,Harbor Retail Inc,Retail,NA,Growth,37,1921.22,2023-02-07,2026-06-16,2,4,0,,Honestly we barely used it; it never became part of our workflow. Would not recommend at this point.
C04447,Lumen Supply Co,Retail,APAC,Starter,3,91.92,2025-01-28,2026-06-05,9,2,1,Missing features,The roadmap items we were promised never shipped.
C04448,Bluepeak Media GmbH,Retail,NA,Starter,5,147.25,2023-08-27,2026-08-12,4,4,0,,Dashboards time out constantly when we filter more than a few weeks.
C04449,Crescent Logistics,Healthcare,NA,Starter,11,320.54,2023-01-07,2026-08-24,0,9,0,,The Enterprise plan pays for itself in saved hours. Highly recommended.
C04450,Mosaic Software,SaaS,NA,Starter,3,88.18,2025-05-06,2026-05-21,5,3,1,Poor support experience,The mobile app crashes whenever we open a large report.
C04451,Windmill Analytics,Media,EMEA,Growth,36,2050.69,2025-03-19,2026-08-27,1,5,0,,The forecasting module is too simplistic for our use case.
C04452,Stellar Learning GmbH,Logistics,APAC,Growth,36,1983.21,2023-10-04,2026-08-12,1,6,0,,We could not connect it to our data warehouse without a consultant. We are evaluating alternatives.
C04453,Pioneer Capital,Education,APAC,Starter,12,326.51,2025-08-03,2026-08-19,3,4,0,,"No native Slack or HubSpot connector, so we had to build our own."
C04454,Riverbend Learning Inc,Education,NA,Growth,30,1821.91,2023-08-21,2026-08-17,2,3,0,,Webhook payloads changed without notice and broke our pipeline. It has been a disappointing year.
C04455,Harbor Works Inc,Healthcare,NA,Starter,3,88.47,2024-10-02,2026-03-27,3,8,1,Onboarding too complex,We are still ramping up usage across the team. Overall it is fine.
C04456,Pioneer Works,Fintech,APAC,Growth,28,1729.42,2024-12-11,2026-08-13,2,8,0,,Costs are acceptable for what we use today. We will see how the next release goes.
C04457,Brightline Analytics Inc,SaaS,EMEA,Growth,27,1513.41,2023-05-24,2026-08-18,1,6,0,,We pay for features we never use; the plan tiers make no sense.
C04458,Cobalt Systems,Healthcare,NA,Enterprise,305,24916.99,2025-06-07,2026-08-15,2,9,0,,"Great value for the price, especially on the annual plan."
C04459,Falcon Digital GmbH,SaaS,NA,Enterprise,128,10940.13,2024-10-04,2026-08-24,1,6,0,,We opened four tickets for the same bug and got four different answers.
C04460,Atlas Retail GmbH,Manufacturing,EMEA,Starter,5,139.52,2024-07-03,2026-08-23,5,5,0,,Dashboards time out constantly when we filter more than a few weeks. Would not recommend at this point.
C04461,Foxglove Works LLC,Retail,LATAM,Starter,7,183.89,2025-07-30,2026-08-31,4,7,0,,Integrations cover the basics; we still miss a native Jira connector.
C04462,Nimbus Networks GmbH,Retail,EMEA,Enterprise,118,10008.08,2025-09-23,2026-08-22,0,7,0,,"No major issues, some minor bugs here and there."
C04463,Ironclad Studio Ltd,Fintech,NA,Starter,10,300.38,2024-09-21,2026-08-16,1,5,0,,The forecasting module is too simplistic for our use case. Renewal is unlikely.
C04464,Tidewater Software Inc,Logistics,EMEA,Starter,3,86.55,2025-11-06,2026-02-21,0,8,1,Missing features,Useful tool; the roadmap looks promising.
C04465,Aurora Analytics Ltd,SaaS,NA,Starter,3,88.91,2023-03-09,2026-08-13,5,5,0,,The roadmap items we were promised never shipped.
C04466,Pioneer Robotics GmbH,SaaS,APAC,Growth,23,1378.89,2025-03-06,2026-08-21,0,8,0,,"The annual discount helped, monthly pricing feels steep. We will see how the next release goes."
C04467,Zenith Supply Inc,SaaS,NA,Growth,32,1756.58,2023-12-22,2026-08-15,0,7,0,,"One outage this quarter, communicated well. Some room for improvement."
C04468,Keystone Media Ltd,Education,NA,Enterprise,338,28597.39,2025-01-07,2026-08-21,1,7,0,,Would like faster responses on weekends.
C04469,Summit Media Co,Logistics,EMEA,Starter,7,213.96,2025-03-08,2026-08-17,1,7,0,,Costs are acceptable for what we use today. Overall it is fine.
C04470,Sable Logistics GmbH,Fintech,NA,Starter,5,139.41,2025-11-07,2026-08-16,0,8,0,,Useful tool; the roadmap looks promising.
C04471,Beacon Labs GmbH,Media,NA,Starter,8,239.17,2024-12-12,2026-07-14,4,4,1,Poor support experience,The roadmap items we were promised never shipped. Renewal is unlikely.
C04472,Nimbus Logistics,Fintech,EMEA,Growth,19,1068.05,2023-01-20,2026-08-05,0,9,0,,"Great value for the price, especially on the annual plan."
C04473,Falcon Retail,Education,APAC,Starter,10,280.78,2026-06-02,2026-08-26,4,5,0,,The roadmap items we were promised never shipped.
C04474,Foxglove Health GmbH,SaaS,APAC,Enterprise,272,23983.72,2024-10-13,2026-08-26,3,4,0,,Data was missing for two days and nobody told us why.
C04475,Mosaic Retail,Retail,NA,Growth,60,3132.88,2023-06-06,2026-08-15,2,6,0,,Overage charges were a nasty surprise on the invoice.
C04476,Oakridge Retail GmbH,Education,NA,Growth,16,934.88,2023-06-14,2026-08-27,1,10,0,,"Great value for the price, especially on the annual plan."
C04477,Vertex Networks GmbH,Healthcare,EMEA,Enterprise,298,27445.29,2023-02-10,2026-08-19,1,7,0,,We are still ramping up usage across the team.
C04478,Granite Health,Fintech,NA,Growth,54,3084.53,2023-10-10,2026-08-15,1,5,0,,We pay for features we never use; the plan tiers make no sense. It has been a disappointing year.
C04479,Vertex Media Co,Manufacturing,NA,Growth,24,1374.25,2023-12-08,2026-08-19,1,8,0,,Pricing is fair but the Growth tier is a big jump from Starter. We will see how the next release goes.
C04480,Oakridge Media Ltd,Logistics,APAC,Starter,3,85.03,2026-04-25,2026-04-26,1,8,1,Low usage / no longer needed,"Most of the team uses it weekly, a few power users daily."
C04481,Evergreen Media LLC,Retail,LATAM,Growth,55,2997.31,2025-11-03,2026-06-14,5,6,1,Budget cuts,Overage charges were a nasty surprise on the invoice.
C04482,Pioneer Digital Inc,Healthcare,NA,Enterprise,163,14436.26,2023-01-05,2026-08-29,2,8,0,,Would love a two-way calendar sync. Overall it is fine.
C04483,Zenith Analytics,Manufacturing,APAC,Growth,46,2422.89,2024-03-06,2026-08-28,5,6,0,,We opened four tickets for the same bug and got four different answers.
C04484,Beacon Works,Fintech,EMEA,Starter,10,277.68,2024-01-27,2026-08-15,1,5,0,,Too expensive compared with the alternatives we evaluated. It has been a disappointing year.
C04485,Atlas Works Ltd,Media,NA,Enterprise,241,20858.83,2024-07-28,2026-07-17,1,9,0,,"Rock solid, we have never seen an outage."
C04486,Foxglove Systems,Fintech,EMEA,Enterprise,391,30690.1,2023-07-16,2026-02-08,3,3,1,Integration gaps,The Salesforce integration breaks every other week.
C04487,Riverbend Logistics Inc,Manufacturing,NA,Growth,62,3277.96,2023-12-08,2026-08-12,1,7,0,,Useful tool; the roadmap looks promising.
C04488,Tidewater Software Ltd,SaaS,NA,Enterprise,146,12244.08,2024-12-28,2026-08-26,4,6,0,,Response times got noticeably worse over the last quarter. We are evaluating alternatives.
C04489,Windmill Logistics Ltd,Fintech,LATAM,Growth,57,3123.36,2024-10-24,2026-08-24,3,5,0,,The forecasting module is too simplistic for our use case. Would not recommend at this point.
C04490,Aurora Labs Ltd,Healthcare,EMEA,Starter,2,54.83,2025-12-13,2026-08-29,4,7,0,,"Mostly stable, with the occasional slow dashboard. Overall it is fine."
C04491,Solstice Partners,Healthcare,NA,Growth,45,2504.09,2026-03-26,2026-08-21,2,7,0,,Support quality varies a lot depending on who picks up the ticket.
C04492,Granite Health Ltd,Media,EMEA,Starter,11,326.07,2024-05-13,2026-01-31,1,5,1,Low usage / no longer needed,Response times got noticeably worse over the last quarter. It has been a disappointing year.
C04493,Nimbus Software,Logistics,LATAM,Growth,20,1148.73,2025-11-06,2026-08-18,3,8,0,,We are on the fence at renewal because of the price increase.
C04494,Foxglove Retail,SaaS,NA,Growth,37,2165.06,2025-12-04,2026-08-30,0,10,0,,Fair pricing and no surprise fees.
C04495,Summit Supply Inc,Fintech,APAC,Starter,13,382.12,2024-03-17,2026-08-23,3,3,0,,Reporting is too rigid; we ended up exporting to spreadsheets anyway.
C04496,Aurora Learning,Fintech,APAC,Starter,8,222.67,2024-07-15,2026-08-16,0,9,0,,Webhooks are reliable and easy to configure. We plan to add more seats next quarter.
C04497,Falcon Learning GmbH,Retail,NA,Growth,27,1696.28,2025-03-11,2026-08-22,3,4,0,,Data was missing for two days and nobody told us why. We are evaluating alternatives.
C04498,Pioneer Logistics Ltd,Retail,EMEA,Growth,58,3115.84,2026-03-05,2026-08-19,3,6,0,,The roadmap items we were promised never shipped.
C04499,Keystone Digital Co,Media,EMEA,Enterprise,90,8345.59,2025-09-15,2026-08-25,0,8,0,,"Reliable overall, exports could be faster."
C04500,Sable Learning GmbH,Manufacturing,APAC,Starter,13,369.66,2025-12-16,2026-04-04,6,5,1,Low usage / no longer needed,The setup wizard failed twice and we gave up on the advanced features. Would not recommend at this point.
C04501,Quantum Health LLC,SaaS,NA,Enterprise,119,10263.86,2025-10-09,2026-08-15,0,10,0,,Budget approval was easy because the ROI is obvious.
C04502,Atlas Dynamics,Retail,NA,Starter,10,284.41,2023-08-17,2026-08-28,1,9,0,,The Salesforce and Slack integrations work flawlessly. We plan to add more seats next quarter.
C04503,Orbit Analytics Inc,Healthcare,NA,Starter,2,57.02,2023-09-30,2026-07-14,2,5,1,Integration gaps,The API is rate limited so aggressively that our sync jobs fail nightly. Would not recommend at this point.
C04504,Evergreen Logistics,Retail,EMEA,Growth,57,3107.58,2026-02-03,2026-07-17,0,9,0,,The guided setup made data import painless.
C04505,Beacon Logistics,SaaS,APAC,Starter,1,28.42,2024-07-26,2026-08-24,3,3,0,,The support team is friendly but never actually fixes anything. Renewal is unlikely.
C04506,Northwind Works Inc,Retail,APAC,Growth,26,1599.77,2023-09-03,2026-08-18,1,10,0,,Fair pricing and no surprise fees.
C04507,Stellar Retail,Retail,EMEA,Starter,2,55.08,2024-01-16,2026-02-07,3,9,1,Budget cuts,Would prefer usage-based pricing over per-seat.
C04508,Riverbend Health LLC,SaaS,NA,Starter,6,173.74,2024-09-17,2026-08-20,2,8,0,,"The annual discount helped, monthly pricing feels steep. Some room for improvement."
C04509,Granite Health,Manufacturing,NA,Growth,43,2367.85,2024-12-10,2026-08-17,3,8,0,,"Support is okay, sometimes quick, sometimes slow. Overall it is fine."
C04510,Mosaic Robotics,Fintech,APAC,Starter,7,201.99,2023-09-08,2026-07-11,0,7,1,Switched to competitor,"No major issues, some minor bugs here and there. We will see how the next release goes."
C04511,Silverlake Foods Inc,Healthcare,EMEA,Starter,6,180.74,2023-11-18,2026-08-28,1,7,0,,We are on the fence at renewal because of the price increase.
C04512,Silverlake Dynamics,Retail,APAC,Starter,8,218.04,2024-05-08,2026-05-29,8,3,1,Company downsized,Our budget was cut and the platform was the first thing to go.
C04513,Brightline Partners,Media,NA,Starter,6,177.95,2023-09-30,2026-08-19,1,7,0,,Uptime is fine; performance on large filters could improve.
C04514,Lumen Digital GmbH,SaaS,NA,Growth,27,1513.67,2026-06-11,2026-08-31,1,7,0,,Support quality varies a lot depending on who picks up the ticket.
C04515,Ironclad Systems Ltd,SaaS,APAC,Starter,2,56.82,2023-01-26,2026-08-14,1,6,0,,It took weeks to import our data and the docs were out of date.
C04516,Silverlake Retail Inc,Fintech,NA,Growth,43,2232.22,2025-09-03,2026-08-16,1,7,0,,"Does what it says, nothing spectacular."
C04517,Ironclad Analytics,Retail,NA,Growth,40,2165.65,2024-01-09,2026-08-19,2,7,0,,Documentation is solid but a guided setup call would have helped.
C04518,Meridian Works Inc,Fintech,EMEA,Growth,35,1876.03,2024-12-07,2026-06-22,5,4,1,Poor support experience,No phone support and email replies take forever. Frustrating overall.
C04519,Ember Logistics,Manufacturing,EMEA,Growth,57,3332.54,2024-01-28,2026-08-23,1,7,0,,We like the dashboards but want more automation.
C04520,Mosaic Partners Co,Fintech,LATAM,Growth,24,1429.67,2026-04-08,2026-08-31,1,9,0,,Pricing is transparent and scales sensibly with our team.
C04521,Vertex Analytics,SaaS,APAC,Enterprise,366,31340.7,2026-05-26,2026-06-16,1,5,0,,Pricing jumped at renewal and nobody warned us. We are evaluating alternatives.
C04522,Vertex Foods Inc,Retail,EMEA,Starter,4,110.86,2024-04-03,2026-08-14,6,4,0,,Escalations go nowhere; we had to chase our account manager repeatedly.
C04523,Oakridge Analytics,Manufacturing,NA,Growth,51,2881.21,2023-02-06,2026-08-18,0,6,0,,It took weeks to import our data and the docs were out of date. Frustrating overall.
C04524,Copperfield Analytics GmbH,Media,EMEA,Starter,14,432.6,2023-08-10,2026-06-29,2,8,0,,Good enough integration options for our stack. Happy enough to stay for now.
C04525,Solstice Foods,Manufacturing,APAC,Growth,44,2498.29,2025-07-02,2026-08-30,2,6,0,,"A competitor offered everything we needed at a lower price, so we switched. Would not recommend at this point."
C04526,Foxglove Logistics GmbH,Healthcare,NA,Growth,25,1397.59,2025-11-23,2026-08-27,3,7,0,,Useful tool; the roadmap looks promising. Happy enough to stay for now.
C04527,Aurora Partners Inc,Education,LATAM,Starter,5,142.31,2023-02-21,2026-05-11,0,8,1,Reliability issues,"Mostly stable, with the occasional slow dashboard. Happy enough to stay for now."
C04528,Sable Capital Co,Education,EMEA,Starter,5,145.63,2023-01-16,2026-08-20,5,5,0,,Dashboards time out constantly when we filter more than a few weeks. It has been a disappointing year.
C04529,Foxglove Dynamics Ltd,Fintech,NA,Starter,4,113.32,2024-09-18,2026-03-26,2,8,1,Onboarding too complex,It does the job; adoption is growing slowly. Happy enough to stay for now.
C04530,Foxglove Health,Healthcare,EMEA,Starter,14,447.14,2025-10-23,2026-05-10,1,6,1,Integration gaps,SSO setup with Okta took three support tickets to get working.
C04531,Brightline Dynamics,Manufacturing,EMEA,Growth,31,1668.16,2025-09-05,2026-08-22,4,6,0,,Escalations go nowhere; we had to chase our account manager repeatedly.
C04532,Solstice Capital LLC,Fintech,NA,Starter,4,115.8,2023-01-28,2026-08-14,2,8,0,,"The annual discount helped, monthly pricing feels steep."
C04533,Windmill Media,Education,NA,Growth,16,921.34,2026-06-15,2026-06-16,4,6,0,,Exports randomly fail with no error message.
C04534,Quantum Labs,Retail,EMEA,Enterprise,146,12399.76,2023-12-29,2026-08-28,0,9,0,,Every ticket we raised was resolved the same day.
C04535,Granite Capital,Retail,NA,Starter,8,244.83,2023-10-20,2026-06-20,0,8,1,Missing features,Covers our core needs; advanced reporting is limited.
C04536,Copperfield Group Co,SaaS,NA,Starter,2,58.27,2024-03-29,2026-08-14,0,8,0,,"Reliable overall, exports could be faster."
C04537,Meridian Systems Inc,Education,EMEA,Starter,3,86.24,2025-08-23,2026-08-11,2,6,0,,Missing basic features like bulk edit and custom roles. Frustrating overall.
C04538,Atlas Labs,Media,APAC,Enterprise,202,16268.11,2024-02-11,2026-08-18,1,7,0,,"Good product, waiting on the custom fields feature."
C04539,Keystone Capital,SaaS,EMEA,Starter,8,243.22,2025-04-05,2026-07-08,5,2,1,Budget cuts,Half the team stopped logging in after the first month.
C04540,Halcyon Dynamics Inc,Retail,LATAM,Starter,8,230.67,2023-11-07,2026-08-28,7,4,0,,The API is rate limited so aggressively that our sync jobs fail nightly. It has been a disappointing year.
C04541,Riverbend Health Inc,SaaS,LATAM,Enterprise,215,17957.14,2023-05-31,2026-08-17,0,9,0,,Fair pricing and no surprise fees.
C04542,Redwood Health Co,SaaS,EMEA,Growth,39,1939.72,2023-05-19,2026-08-13,0,9,0,,Adoption was instant; people actually enjoy using it.
C04543,Silverlake Digital,Logistics,NA,Starter,8,230.82,2024-07-14,2026-08-17,3,6,0,,We pay for features we never use; the plan tiers make no sense. Would not recommend at this point.
C04544,Bluepeak Software,Retail,APAC,Enterprise,416,34444.75,2023-01-05,2026-08-14,7,1,0,,We opened four tickets for the same bug and got four different answers.
C04545,Brightline Partners Inc,Fintech,NA,Enterprise,151,11778.55,2024-12-14,2026-08-31,0,8,0,,We sync with our warehouse nightly and it mostly works. Happy enough to stay for now.
C04546,Juniper Group Inc,Fintech,APAC,Growth,58,3308.44,2025-09-15,2026-08-18,1,9,0,,"Rock solid, we have never seen an outage."
C04547,Solstice Group,Logistics,EMEA,Starter,4,113.52,2024-12-19,2026-06-11,2,9,0,,Easily worth the seat cost given the time saved.
C04548,Summit Works,Fintech,NA,Growth,19,1206.0,2024-08-06,2026-08-21,3,5,0,,The Salesforce integration breaks every other week. Frustrating overall.
C04549,Falcon Digital Co,Education,EMEA,Starter,13,398.33,2023-08-06,2026-08-29,2,5,0,,Support tickets sit for days before anyone replies.
C04550,Oakridge Logistics LLC,Fintech,EMEA,Growth,20,1146.02,2023-07-26,2026-08-18,0,9,0,,The Salesforce and Slack integrations work flawlessly.
C04551,Halcyon Software Inc,SaaS,LATAM,Starter,7,214.12,2023-05-29,2026-08-21,1,8,0,,"Reliable overall, exports could be faster. We will see how the next release goes."
C04552,Frontier Labs LLC,Education,NA,Growth,33,1927.36,2023-04-15,2026-08-17,1,8,0,,Good enough integration options for our stack. Overall it is fine.
C04553,Atlas Systems LLC,SaaS,LATAM,Growth,25,1442.02,2024-12-19,2026-08-18,1,7,0,,We are still ramping up usage across the team.
C04554,Solstice Digital Inc,Education,NA,Enterprise,211,17022.23,2023-12-22,2026-08-29,1,5,0,,The forecasting module is too simplistic for our use case.
C04555,Keystone Networks GmbH,Fintech,APAC,Enterprise,414,31834.56,2025-04-24,2026-07-19,0,8,0,,The API works but the docs could be clearer.
C04556,Pioneer Retail LLC,Manufacturing,APAC,Starter,13,382.74,2024-03-28,2026-02-10,7,4,1,Poor support experience,Response times got noticeably worse over the last quarter.
C04557,Lumen Logistics LLC,Manufacturing,NA,Starter,4,111.48,2024-02-15,2026-07-03,1,7,0,,Would love a two-way calendar sync.
C04558,Oakridge Software Ltd,Education,NA,Growth,25,1499.22,2024-08-11,2026-08-12,0,10,0,,Fair pricing and no surprise fees. Highly recommended.
C04559,Summit Foods Ltd,SaaS,APAC,Starter,5,141.71,2024-04-08,2026-02-17,6,3,1,Reliability issues,Exports randomly fail with no error message.
C04560,Redwood Works LLC,Education,APAC,Starter,5,140.48,2023-05-09,2026-08-15,0,7,0,,Onboarding was fine but could use more templates.
C04561,Mosaic Logistics,Logistics,NA,Growth,41,2199.14,2023-02-02,2026-08-16,2,5,0,,Chat support only sends links to docs we have already read.
C04562,Vertex Analytics Co,Fintech,EMEA,Starter,9,247.43,2026-06-04,2026-08-30,1,6,0,,Honestly we barely used it; it never became part of our workflow. Renewal is unlikely.
C04563,Lumen Foods Ltd,Fintech,APAC,Starter,9,255.13,2023-05-18,2026-07-13,2,7,0,,"Mostly stable, with the occasional slow dashboard. Overall it is fine."
C04564,Harbor Group,Manufacturing,NA,Growth,30,1717.85,2023-12-09,2026-07-05,1,7,0,,Feature set is competitive but not best in class.
C04565,Windmill Studio Inc,SaaS,EMEA,Enterprise,126,10596.9,2024-06-01,2026-08-30,0,10,0,,The API is clean and well documented; we automated everything.
C04566,Quantum Works Inc,Education,NA,Growth,55,3030.44,2024-07-17,2026-08-30,1,7,0,,"Our account manager is responsive, tier-1 support less so."
C04567,Juniper Robotics GmbH,Manufacturing,NA,Starter,6,166.54,2025-08-14,2026-08-29,4,6,0,,Half the team stopped logging in after the first month.
C04568,Stellar Health Ltd,SaaS,APAC,Growth,31,1775.87,2025-06-23,2026-08-17,0,6,0,,The setup wizard failed twice and we gave up on the advanced features. Would not recommend at this point.
C04569,Juniper Foods Ltd,Healthcare,NA,Enterprise,235,19649.03,2025-02-12,2026-08-15,1,7,0,,Onboarding was fine but could use more templates.
C04570,Granite Group,Healthcare,LATAM,Starter,2,61.49,2024-01-31,2026-01-13,5,4,1,Switched to competitor,"A competitor offered everything we needed at a lower price, so we switched. It has been a disappointing year."
C04571,Orbit Retail Co,Fintech,EMEA,Growth,40,2215.97,2026-04-30,2026-08-12,2,5,0,,Support tickets sit for days before anyone replies.
C04572,Aurora Analytics Inc,Media,EMEA,Growth,30,1774.89,2023-04-16,2026-08-26,0,10,0,,Our account manager proactively checks in every month.
C04573,Lumen Labs Co,SaaS,NA,Growth,24,1388.19,2024-02-01,2026-08-25,0,8,0,,The mobile app lags behind the web app. We will see how the next release goes.
C04574,Mosaic Learning,Retail,NA,Starter,4,118.85,2024-04-25,2026-07-28,7,4,1,Poor support experience,Too expensive compared with the alternatives we evaluated. We are evaluating alternatives.
C04575,Riverbend Capital GmbH,Media,APAC,Enterprise,88,8113.04,2024-03-22,2026-08-23,1,7,0,,Covers our core needs; advanced reporting is limited.
C04576,Silverlake Analytics LLC,SaaS,EMEA,Starter,2,59.99,2024-12-06,2026-04-17,7,2,1,Too expensive,Pricing jumped at renewal and nobody warned us.
C04577,Solstice Health Inc,Manufacturing,APAC,Starter,10,308.61,2023-03-07,2026-08-19,6,3,0,,Data was missing for two days and nobody told us why.
C04578,Solstice Learning GmbH,SaaS,NA,Starter,5,140.78,2025-12-10,2026-08-11,0,8,0,,Would like faster responses on weekends.
C04579,Tidewater Digital Inc,Retail,NA,Starter,3,89.13,2023-07-24,2026-08-24,2,9,0,,Support even helped us design our dashboards. Highly recommended.
C04580,Sable Supply GmbH,SaaS,NA,Starter,5,148.39,2024-04-14,2026-08-11,0,6,0,,Pricing jumped at renewal and nobody warned us. It has been a disappointing year.
C04581,Cobalt Dynamics,Education,APAC,Growth,33,1843.89,2025-01-11,2026-08-14,2,6,0,,The support team is friendly but never actually fixes anything.
C04582,Zenith Labs,Manufacturing,NA,Enterprise,141,11659.55,2026-02-09,2026-08-28,1,8,0,,"No major issues, some minor bugs here and there. Some room for improvement."
C04583,Meridian Analytics GmbH,Media,EMEA,Starter,3,85.56,2024-12-12,2026-08-11,1,8,0,,"Fine for simple questions, weaker on technical issues."
C04584,Keystone Software Inc,Logistics,EMEA,Growth,46,2465.07,2024-11-27,2026-08-11,0,10,0,,Cheaper than what we replaced and far more capable.
C04585,Frontier Foods,Education,NA,Enterprise,90,8086.2,2023-11-12,2026-05-09,0,6,1,Switched to competitor,We outgrew the product; it is fine for small teams but not for us.
C04586,Evergreen Labs,Manufacturing,EMEA,Starter,13,364.33,2025-07-04,2026-08-11,2,8,0,,"Most of the team uses it weekly, a few power users daily. Overall it is fine."
C04587,Aurora Retail,Retail,EMEA,Growth,66,3606.28,2024-12-15,2026-08-25,1,9,0,,SSO and SCIM provisioning worked out of the box. Highly recommended.
C04588,Meridian Analytics,Logistics,LATAM,Enterprise,158,12892.67,2023-02-08,2026-08-29,1,8,0,,Pricing is fair but the Growth tier is a big jump from Starter.
C04589,Lumen Foods,Education,NA,Growth,15,900.42,2024-06-19,2026-08-28,0,8,0,,Would like faster responses on weekends. Overall it is fine.
C04590,Crescent Partners Ltd,Media,EMEA,Growth,36,1979.82,2026-02-16,2026-06-05,0,8,1,Poor support experience,"Our account manager is responsive, tier-1 support less so."
C04591,Riverbend Media Ltd,Fintech,NA,Enterprise,128,10844.07,2025-12-30,2026-08-13,0,9,0,,Uptime has been perfect for as long as we have used it. Highly recommended.
C04592,Lumen Learning Co,Retail,APAC,Growth,41,2225.06,2023-09-30,2026-04-29,1,8,1,Budget cuts,We are on the fence at renewal because of the price increase. Some room for improvement.
C04593,Orbit Robotics Inc,Education,EMEA,Starter,5,145.4,2025-08-03,2026-05-29,1,7,1,Integration gaps,Good enough integration options for our stack. We will see how the next release goes.
C04594,Cobalt Group,SaaS,NA,Starter,12,344.56,2024-02-20,2026-02-22,2,7,1,Low usage / no longer needed,Costs are acceptable for what we use today.
C04595,Oakridge Media LLC,SaaS,APAC,Growth,17,1034.28,2025-08-29,2026-05-18,1,6,1,Too expensive,We outgrew the product; it is fine for small teams but not for us. It has been a disappointing year.
C04596,Ironclad Health,Logistics,EMEA,Starter,8,227.89,2024-10-30,2026-01-28,5,6,1,Reliability issues,Frequent logouts and stale sessions made it unusable for the field team. Renewal is unlikely.
C04597,Vertex Systems,Retail,NA,Starter,7,206.05,2024-02-14,2026-08-22,3,5,0,,Our budget was cut and the platform was the first thing to go. Frustrating overall.
C04598,Atlas Dynamics GmbH,SaaS,EMEA,Starter,6,164.91,2026-05-09,2026-08-21,2,6,0,,We pay for features we never use; the plan tiers make no sense.
C04599,Silverlake Media Co,Fintech,NA,Enterprise,312,27002.62,2023-11-05,2026-08-26,1,6,0,,Adoption stalled because the learning curve is steep. It has been a disappointing year.
C04600,Windmill Works,Retail,APAC,Growth,53,2843.05,2024-03-17,2026-08-16,4,8,0,,The help center is good; live support is average.
C04601,Halcyon Group Inc,Healthcare,EMEA,Starter,8,223.53,2026-04-05,2026-08-31,0,9,0,,Our account manager proactively checks in every month. We plan to add more seats next quarter.
C04602,Windmill Robotics,Logistics,APAC,Starter,8,221.43,2023-10-09,2026-08-18,2,8,0,,Setup for SSO was fiddly but works now.
C04603,Bluepeak Foods Inc,Logistics,APAC,Starter,2,55.17,2023-09-10,2026-08-29,1,6,0,,No phone support and email replies take forever. Would not recommend at this point.
C04604,Pioneer Group Inc,Education,APAC,Starter,11,312.86,2026-05-10,2026-08-21,4,4,0,,Escalations go nowhere; we had to chase our account manager repeatedly. We are evaluating alternatives.
C04605,Frontier Capital LLC,Education,NA,Growth,25,1563.42,2024-09-08,2026-07-19,5,4,1,Poor support experience,Chat support only sends links to docs we have already read.
C04606,Quantum Group,Fintech,NA,Starter,5,141.27,2025-10-28,2026-08-21,4,5,0,,Our budget was cut and the platform was the first thing to go.
C04607,Keystone Group Co,Media,NA,Enterprise,194,14882.5,2023-04-24,2026-08-11,1,7,0,,"Fine for simple questions, weaker on technical issues."
C04608,Bluepeak Networks Co,SaaS,LATAM,Starter,5,147.12,2025-04-26,2026-03-26,2,6,1,Low usage / no longer needed,It took weeks to import our data and the docs were out of date. Would not recommend at this point.
C04609,Tidewater Group Inc,SaaS,LATAM,Starter,5,138.54,2023-05-13,2026-08-11,2,6,0,,"No native Slack or HubSpot connector, so we had to build our own. It has been a disappointing year."
C04610,Pioneer Dynamics Inc,Logistics,APAC,Enterprise,178,15466.89,2024-06-06,2026-08-25,2,4,0,,The roadmap items we were promised never shipped.
C04611,Brightline Robotics,Media,NA,Starter,8,228.09,2023-09-17,2026-08-03,3,7,0,,Good enough integration options for our stack.
C04612,Copperfield Software Inc,Fintech,NA,Starter,5,143.41,2024-06-20,2026-08-28,4,4,0,,The support team is friendly but never actually fixes anything. Would not recommend at this point.
C04613,Sable Health Ltd,Education,APAC,Starter,5,151.94,2024-05-14,2026-08-24,2,9,0,,The Enterprise plan pays for itself in saved hours. We plan to add more seats next quarter.
C04614,Sable Dynamics GmbH,Retail,NA,Growth,57,3204.87,2026-04-28,2026-07-15,1,8,1,Budget cuts,Costs are acceptable for what we use today.
C04615,Solstice Health,Fintech,EMEA,Starter,3,82.66,2025-04-25,2026-01-18,3,2,1,Too expensive,Our budget was cut and the platform was the first thing to go. Would not recommend at this point.
C04616,Pioneer Works LLC,Fintech,NA,Enterprise,268,21560.57,2023-03-29,2026-08-15,1,7,0,,"Decent value, though we keep an eye on seat costs. We will see how the next release goes."
C04617,Ironclad Networks,SaaS,NA,Growth,37,1885.35,2024-09-13,2026-08-16,1,9,0,,Best customer success team we have worked with.
C04618,Summit Systems Co,Healthcare,EMEA,Enterprise,404,37536.63,2025-08-24,2026-08-25,1,8,0,,Useful tool; the roadmap looks promising. Overall it is fine.
C04619,Summit Robotics,Retail,LATAM,Growth,20,1139.28,2024-09-20,2026-08-17,0,8,0,,"Support is okay, sometimes quick, sometimes slow. We will see how the next release goes."
C04620,Aurora Media Co,Retail,APAC,Growth,47,2699.56,2025-02-06,2026-02-03,3,6,1,Low usage / no longer needed,Honestly we barely used it; it never became part of our workflow.
C04621,Lumen Supply Ltd,SaaS,EMEA,Growth,21,1212.62,2024-10-16,2026-08-12,1,8,0,,Onboarding was fine but could use more templates.
C04622,Crescent Supply GmbH,Logistics,NA,Growth,46,2415.0,2026-05-20,2026-06-23,1,5,1,Budget cuts,We pay for features we never use; the plan tiers make no sense. Would not recommend at this point.
C04623,Orbit Systems Inc,Healthcare,APAC,Growth,52,2855.7,2025-04-18,2026-08-28,3,6,0,,Data was missing for two days and nobody told us why. Renewal is unlikely.
C04624,Bluepeak Capital Inc,Media,EMEA,Growth,38,2057.82,2024-12-13,2026-08-23,1,9,0,,The platform is fast and stable; no complaints.
C04625,Solstice Health Ltd,SaaS,EMEA,Starter,6,179.58,2026-04-17,2026-07-27,7,4,1,Too expensive,Overage charges were a nasty surprise on the invoice. Renewal is unlikely.
C04626,Evergreen Labs GmbH,Healthcare,EMEA,Growth,25,1523.05,2023-12-24,2026-08-16,1,6,0,,The price per seat is hard to justify for a team our size.
C04627,Silverlake Media,Media,NA,Starter,4,113.26,2025-08-20,2026-08-01,1,7,0,,Costs are acceptable for what we use today. Overall it is fine.
C04628,Ember Systems,Fintech,NA,Growth,32,1654.71,2025-09-22,2026-08-28,1,7,0,,"One outage this quarter, communicated well. Happy enough to stay for now."
C04629,Stellar Works GmbH,SaaS,APAC,Starter,10,276.11,2024-04-17,2026-08-13,3,7,0,,The help center is good; live support is average. We will see how the next release goes.
C04630,Harbor Group GmbH,Fintech,EMEA,Starter,5,131.76,2026-06-11,2026-07-24,0,10,1,Missing features,"Best-in-class dashboards, our execs love them."
C04631,Stellar Group,Fintech,NA,Starter,13,372.86,2024-01-12,2026-08-18,3,9,0,,"Support is outstanding, replies within the hour."
C04632,Foxglove Media LLC,Retail,NA,Starter,8,231.89,2026-03-03,2026-08-20,3,8,0,,Support quality varies a lot depending on who picks up the ticket. Happy enough to stay for now.
C04633,Quantum Logistics LLC,Fintech,LATAM,Starter,9,249.07,2023-01-24,2026-08-28,1,6,0,,Webhook payloads changed without notice and broke our pipeline.
C04634,Quantum Studio Inc,Fintech,EMEA,Starter,12,330.41,2024-01-12,2026-01-10,2,5,1,Company downsized,The per-seat model punishes us every time we onboard a contractor. We are evaluating alternatives.
C04635,Frontier Systems Co,Education,EMEA,Growth,36,1974.05,2024-01-25,2026-08-27,1,8,0,,"Our account manager is responsive, tier-1 support less so."
C04636,Solstice Logistics LLC,SaaS,NA,Starter,4,113.07,2024-03-17,2026-08-12,0,5,0,,The Salesforce integration breaks every other week.
C04637,Cascade Logistics Co,Fintech,LATAM,Enterprise,151,12598.43,2024-07-10,2026-04-20,2,9,1,Switched to competitor,Feature set is competitive but not best in class. Some room for improvement.
C04638,Ironclad Media GmbH,Education,APAC,Growth,43,2324.75,2025-08-21,2026-02-21,1,6,1,Onboarding too complex,Onboarding was confusing and we never really got set up properly.
C04639,Falcon Robotics,SaaS,EMEA,Starter,7,205.02,2024-07-02,2026-05-31,2,6,1,Integration gaps,SSO setup with Okta took three support tickets to get working. It has been a disappointing year.
C04640,Copperfield Media GmbH,Fintech,NA,Starter,2,56.69,2025-02-02,2026-08-26,2,7,0,,Good enough integration options for our stack. Overall it is fine.
C04641,Northwind Group,SaaS,EMEA,Starter,3,85.3,2023-05-27,2026-07-26,3,5,0,,The setup wizard failed twice and we gave up on the advanced features. Would not recommend at this point.
C04642,Silverlake Dynamics Ltd,SaaS,APAC,Starter,5,134.09,2023-01-15,2026-04-30,14,0,1,Missing features,Missing basic features like bulk edit and custom roles.
C04643,Stellar Media Ltd,Retail,APAC,Growth,41,2245.14,2024-05-18,2026-06-26,6,5,1,Poor support experience,We had three outages in one month during peak hours. Frustrating overall.
C04644,Cobalt Labs GmbH,SaaS,LATAM,Growth,30,1776.28,2023-07-01,2026-08-11,0,9,0,,SSO and SCIM provisioning worked out of the box.
C04645,Atlas Partners Co,Fintech,EMEA,Growth,48,2615.04,2023-05-20,2026-08-17,2,8,0,,"Setup took longer than expected, mostly on our side."
C04646,Riverbend Logistics,Logistics,NA,Starter,8,249.74,2023-04-20,2026-08-19,1,6,0,,Data was missing for two days and nobody told us why. It has been a disappointing year.
C04647,Orbit Digital Ltd,Logistics,EMEA,Growth,49,2706.14,2023-12-15,2026-08-30,1,7,0,,Costs are acceptable for what we use today. Overall it is fine.
C04648,Copperfield Robotics GmbH,SaaS,APAC,Starter,10,288.18,2023-08-17,2026-07-01,6,4,1,Reliability issues,Exports randomly fail with no error message.
C04649,Granite Robotics,Fintech,NA,Enterprise,90,8451.74,2023-07-04,2026-08-28,3,6,0,,Dashboards time out constantly when we filter more than a few weeks.
C04650,Zenith Health,Retail,NA,Enterprise,104,9491.24,2024-01-25,2026-08-11,0,9,0,,"Best-in-class dashboards, our execs love them. Highly recommended."
C04651,Foxglove Labs Co,Media,EMEA,Starter,4,117.17,2023-11-21,2026-07-20,8,4,1,Switched to competitor,We outgrew the product; it is fine for small teams but not for us. Would not recommend at this point.
C04652,Falcon Health Inc,Manufacturing,NA,Growth,44,2199.56,2026-05-19,2026-08-13,1,6,0,,"A competitor offered everything we needed at a lower price, so we switched."
C04653,Cascade Networks GmbH,SaaS,APAC,Growth,25,1500.49,2025-03-26,2026-08-22,1,9,0,,The Salesforce and Slack integrations work flawlessly.
C04654,Oakridge Group,SaaS,NA,Growth,33,1747.03,2025-05-13,2026-08-26,0,8,0,,"Setup took longer than expected, mostly on our side. Overall it is fine."
C04655,Ironclad Works LLC,Retail,NA,Starter,9,240.93,2025-05-25,2026-08-29,5,6,0,,Missing basic features like bulk edit and custom roles. We are evaluating alternatives.
C04656,Solstice Foods Ltd,Media,NA,Growth,31,1816.47,2023-03-11,2026-08-21,2,7,0,,Would prefer usage-based pricing over per-seat.
C04657,Bluepeak Software Ltd,Media,EMEA,Starter,4,122.87,2024-09-21,2026-08-19,0,9,0,,"Fast, friendly and technically sharp support. Would buy again without hesitation."
C04658,Nimbus Systems,SaaS,APAC,Starter,2,55.9,2025-02-13,2026-08-27,5,5,0,,Exports randomly fail with no error message.
C04659,Mosaic Health LLC,Healthcare,EMEA,Growth,52,2750.68,2026-04-13,2026-07-04,1,9,0,,Custom roles and audit logs made our compliance team happy. We plan to add more seats next quarter.
C04660,Aurora Analytics,SaaS,EMEA,Starter,3,87.56,2024-07-11,2026-08-22,1,7,0,,Good enough integration options for our stack. Happy enough to stay for now.
C04661,Sable Labs Inc,Education,NA,Starter,7,195.81,2023-12-16,2026-08-29,0,9,0,,The support team clearly knows the product inside out.
C04662,Harbor Supply Ltd,Logistics,EMEA,Enterprise,342,28623.81,2025-08-20,2026-08-23,0,10,0,,Performance is excellent even at month-end peaks. Highly recommended.
C04663,Tidewater Networks,Retail,LATAM,Starter,6,169.04,2023-08-24,2026-03-20,4,4,1,Company downsized,The per-seat model punishes us every time we onboard a contractor.
C04664,Summit Logistics,SaaS,APAC,Growth,52,2807.54,2026-02-01,2026-08-12,1,7,0,,Support quality varies a lot depending on who picks up the ticket.
C04665,Redwood Dynamics Co,Healthcare,NA,Growth,56,2900.11,2024-03-31,2026-08-25,1,6,0,,Half the team stopped logging in after the first month.
C04666,Vertex Software,Retail,EMEA,Starter,4,119.84,2023-03-25,2026-08-17,1,8,0,,Support quality varies a lot depending on who picks up the ticket.
C04667,Stellar Media GmbH,Manufacturing,NA,Growth,23,1422.34,2024-03-25,2026-08-15,3,6,0,,SSO setup with Okta took three support tickets to get working. Frustrating overall.
C04668,Lumen Media Co,Fintech,NA,Growth,48,2623.2,2026-06-04,2026-08-16,2,7,0,,"Does what it says, nothing spectacular."
C04669,Windmill Networks,Media,NA,Growth,57,3123.06,2024-07-06,2026-08-22,4,5,0,,We had three outages in one month during peak hours.
C04670,Ironclad Works GmbH,Fintech,NA,Growth,21,1270.18,2023-03-15,2026-08-16,1,6,0,,Data was missing for two days and nobody told us why. Frustrating overall.
C04671,Windmill Retail GmbH,SaaS,NA,Enterprise,336,28276.55,2024-04-20,2026-07-06,1,8,0,,Would love a two-way calendar sync.
C04672,Aurora Learning Ltd,Fintech,APAC,Enterprise,197,17724.43,2025-07-23,2026-02-09,2,5,1,Company downsized,Overage charges were a nasty surprise on the invoice. We are evaluating alternatives.
C04673,Copperfield Learning,SaaS,NA,Starter,2,54.95,2023-03-11,2026-06-17,0,7,0,,"One outage this quarter, communicated well."
C04674,Stellar Software Co,Fintech,APAC,Starter,7,209.99,2026-02-26,2026-08-24,0,9,0,,Great templates got us started immediately. Highly recommended.
C04675,Atlas Supply GmbH,Education,LATAM,Growth,14,822.23,2025-08-18,2026-08-24,1,3,0,,Data was missing for two days and nobody told us why. Renewal is unlikely.
C04676,Copperfield Dynamics GmbH,SaaS,EMEA,Enterprise,114,9162.86,2025-08-17,2026-08-14,2,6,0,,It took weeks to import our data and the docs were out of date.
C04677,Aurora Partners,SaaS,EMEA,Growth,18,1157.46,2025-08-18,2026-08-29,4,6,0,,Response times got noticeably worse over the last quarter. We are evaluating alternatives.
C04678,Cobalt Analytics Ltd,SaaS,APAC,Starter,10,317.67,2023-07-12,2026-02-10,1,8,1,Too expensive,"Decent value, though we keep an eye on seat costs."
C04679,Ember Digital Inc,SaaS,NA,Enterprise,212,17691.47,2025-10-19,2026-08-22,1,8,0,,Onboarding was fine but could use more templates. Happy enough to stay for now.
C04680,Silverlake Robotics,Media,NA,Starter,3,88.55,2023-09-23,2026-07-13,2,7,0,,Useful tool; the roadmap looks promising.
C04681,Quantum Labs Ltd,Logistics,EMEA,Starter,9,256.08,2023-07-16,2026-08-28,2,9,0,,Great templates got us started immediately.
C04682,Aurora Supply,SaaS,APAC,Growth,39,2113.37,2023-02-22,2026-08-28,1,7,0,,Integrations cover the basics; we still miss a native Jira connector. We will see how the next release goes.
C04683,Lumen Foods Inc,Manufacturing,APAC,Starter,7,193.8,2023-07-03,2026-08-18,4,5,0,,Data was missing for two days and nobody told us why.
C04684,Orbit Dynamics,Manufacturing,APAC,Growth,31,1613.86,2023-06-17,2026-08-19,0,7,0,,We are still ramping up usage across the team.
C04685,Stellar Supply,Logistics,EMEA,Starter,6,186.84,2026-02-02,2026-08-28,1,9,0,,The platform is fast and stable; no complaints.
C04686,Windmill Logistics,Fintech,EMEA,Growth,22,1295.99,2023-03-19,2026-04-10,1,6,1,Low usage / no longer needed,Half the team stopped logging in after the first month. It has been a disappointing year.
C04687,Windmill Learning Co,Fintech,APAC,Enterprise,259,21838.95,2025-04-05,2026-08-17,6,3,0,,Too expensive compared with the alternatives we evaluated.
C04688,Cascade Health Co,Retail,APAC,Starter,2,56.12,2023-03-10,2026-08-13,1,7,0,,Onboarding was fine but could use more templates.
C04689,Juniper Health Ltd,Media,EMEA,Growth,36,1990.33,2026-05-11,2026-08-31,0,8,0,,"Support is okay, sometimes quick, sometimes slow. Some room for improvement."
C04690,Orbit Robotics GmbH,Education,LATAM,Growth,50,2578.47,2024-12-18,2026-08-25,1,8,0,,"The annual discount helped, monthly pricing feels steep. We will see how the next release goes."
C04691,Evergreen Software Inc,Retail,APAC,Starter,12,337.23,2024-10-18,2026-01-13,8,2,1,Reliability issues,Exports randomly fail with no error message.
C04692,Harbor Robotics Co,Fintech,EMEA,Growth,55,2873.02,2023-04-08,2026-02-21,3,5,1,Onboarding too complex,The setup wizard failed twice and we gave up on the advanced features. Would not recommend at this point.
C04693,Brightline Networks,Education,NA,Growth,48,2769.97,2026-01-12,2026-08-29,0,7,0,,"Does what it says, nothing spectacular. Overall it is fine."
C04694,Vertex Networks,Media,NA,Starter,6,162.5,2024-06-26,2026-03-25,2,8,1,Low usage / no longer needed,The tutorials are helpful; the data import could be smoother.
C04695,Riverbend Retail GmbH,Retail,APAC,Enterprise,158,12668.56,2023-06-28,2026-01-20,0,7,1,Low usage / no longer needed,Useful tool; the roadmap looks promising. We will see how the next release goes.
C04696,Vertex Labs Co,Education,NA,Starter,5,133.12,2025-06-24,2026-04-17,3,7,1,Budget cuts,"Decent value, though we keep an eye on seat costs."
C04697,Sable Logistics,Retail,EMEA,Starter,10,279.68,2026-04-19,2026-08-26,1,6,0,,Missing basic features like bulk edit and custom roles.
C04698,Sable Software Ltd,Retail,EMEA,Starter,10,284.67,2023-01-20,2026-08-15,2,6,0,,No phone support and email replies take forever.
C04699,Cascade Studio,Healthcare,APAC,Growth,58,3306.93,2023-09-15,2026-03-01,0,9,1,Integration gaps,Webhooks are reliable and easy to configure. Highly recommended.
C04700,Mosaic Robotics Ltd,Manufacturing,APAC,Enterprise,95,8668.98,2025-03-26,2026-05-02,1,6,1,Onboarding too complex,Onboarding was confusing and we never really got set up properly.
C04701,Ember Learning LLC,Logistics,APAC,Starter,9,256.71,2023-03-21,2026-08-12,2,6,0,,Response times got noticeably worse over the last quarter. We are evaluating alternatives.
C04702,Redwood Group GmbH,Retail,NA,Starter,10,293.48,2025-08-24,2026-02-13,1,7,1,Low usage / no longer needed,We are still ramping up usage across the team.
C04703,Zenith Labs Ltd,Fintech,NA,Starter,3,85.46,2025-02-17,2026-08-22,0,9,0,,Excellent documentation and training videos.
C04704,Orbit Works Inc,Retail,EMEA,Growth,39,2346.21,2024-11-15,2026-05-19,2,9,1,Too expensive,Powerful yet simple; it grows with us.
C04705,Silverlake Supply,SaaS,NA,Starter,9,254.83,2024-02-23,2026-01-18,3,6,1,Onboarding too complex,It took weeks to import our data and the docs were out of date.
C04706,Windmill Supply,Fintech,EMEA,Starter,5,147.4,2024-08-29,2026-08-25,0,5,0,,Chat support only sends links to docs we have already read. Would not recommend at this point.
C04707,Stellar Foods GmbH,SaaS,LATAM,Starter,10,299.59,2023-04-16,2026-04-05,2,5,1,Missing features,We outgrew the product; it is fine for small teams but not for us.
C04708,Zenith Systems GmbH,Retail,EMEA,Growth,54,2889.53,2025-07-21,2026-08-19,2,6,0,,Overage charges were a nasty surprise on the invoice.
C04709,Vertex Media GmbH,SaaS,EMEA,Growth,31,1712.22,2025-02-22,2026-08-15,0,10,0,,The guided setup made data import painless. Would buy again without hesitation.
C04710,Beacon Learning,Fintech,EMEA,Growth,55,2957.39,2024-11-06,2026-01-30,1,7,1,Switched to competitor,Feature set is competitive but not best in class.
C04711,Keystone Foods Co,Manufacturing,APAC,Starter,5,146.59,2025-09-26,2026-08-17,2,9,0,,"Best-in-class dashboards, our execs love them."
C04712,Vertex Dynamics Inc,Fintech,NA,Growth,59,3250.4,2024-10-11,2026-08-11,3,4,0,,We had three outages in one month during peak hours. We are evaluating alternatives.
C04713,Ember Learning,Healthcare,EMEA,Growth,44,2400.73,2024-05-29,2026-02-23,6,3,1,Missing features,We outgrew the product; it is fine for small teams but not for us. It has been a disappointing year.
C04714,Zenith Capital Inc,Media,NA,Growth,31,1622.35,2025-10-20,2026-06-18,1,9,0,,"Support is outstanding, replies within the hour."
C04715,Windmill Retail Ltd,Healthcare,EMEA,Starter,3,93.49,2026-04-07,2026-06-09,2,6,0,,Escalations go nowhere; we had to chase our account manager repeatedly. Frustrating overall.
C04716,Summit Foods,SaaS,NA,Starter,6,178.08,2025-12-04,2026-08-27,1,5,0,,No phone support and email replies take forever. Renewal is unlikely.
C04717,Northwind Media,Fintech,EMEA,Growth,25,1381.27,2024-10-14,2026-08-22,6,2,0,,Exports randomly fail with no error message.
C04718,Evergreen Learning,Healthcare,APAC,Starter,9,256.61,2024-04-15,2026-08-09,3,6,0,,Response times got noticeably worse over the last quarter. We are evaluating alternatives.
C04719,Silverlake Digital GmbH,Retail,NA,Growth,27,1493.0,2023-06-16,2026-08-16,1,7,0,,Would love a two-way calendar sync.
C04720,Pioneer Capital,SaaS,EMEA,Starter,6,179.3,2024-06-14,2026-02-18,1,9,1,Company downsized,Pricing is transparent and scales sensibly with our team. Would buy again without hesitation.
C04721,Quantum Analytics Ltd,Retail,NA,Starter,9,260.77,2025-11-27,2026-04-03,5,4,1,Onboarding too complex,Adoption stalled because the learning curve is steep. It has been a disappointing year.
C04722,Cobalt Analytics,Healthcare,NA,Growth,20,1180.19,2025-10-18,2026-08-16,0,6,0,,It took weeks to import our data and the docs were out of date.
C04723,Keystone Systems GmbH,Fintech,NA,Starter,2,56.05,2023-06-13,2026-03-31,3,7,1,Integration gaps,The API works but the docs could be clearer.
C04724,Sable Health Co,Healthcare,NA,Starter,4,114.54,2024-11-26,2026-08-14,4,6,0,,The mobile app crashes whenever we open a large report.
C04725,Foxglove Logistics Inc,SaaS,LATAM,Growth,15,912.87,2025-05-03,2026-08-22,0,7,0,,Would like more flexible billing for seasonal staff.
C04726,Evergreen Robotics,Fintech,LATAM,Starter,7,211.57,2025-05-26,2026-07-08,2,5,1,Too expensive,The mobile app crashes whenever we open a large report.
C04727,Foxglove Group,Manufacturing,EMEA,Enterprise,156,13571.85,2026-01-21,2026-08-26,1,7,0,,Would like more flexible billing for seasonal staff. Some room for improvement.
C04728,Crescent Health LLC,Fintech,EMEA,Starter,5,136.0,2023-04-06,2026-08-05,4,6,0,,We pay for features we never use; the plan tiers make no sense. It has been a disappointing year.
C04729,Vertex Works,Healthcare,APAC,Enterprise,267,22300.78,2024-08-16,2026-06-04,3,6,1,Low usage / no longer needed,Response times got noticeably worse over the last quarter. It has been a disappointing year.
C04730,Granite Group GmbH,Retail,APAC,Growth,31,1718.21,2023-05-02,2026-04-14,1,4,1,Reliability issues,Data was missing for two days and nobody told us why. Would not recommend at this point.
C04731,Quantum Studio Ltd,Fintech,EMEA,Starter,8,225.18,2025-07-14,2026-07-29,0,8,0,,"Setup took longer than expected, mostly on our side. Happy enough to stay for now."
C04732,Aurora Capital Inc,Logistics,NA,Growth,15,826.27,2024-11-09,2026-08-09,1,7,0,,Onboarding was fine but could use more templates. Happy enough to stay for now.
C04733,Orbit Logistics LLC,Fintech,EMEA,Growth,58,3018.67,2024-07-05,2026-01-08,2,6,1,Company downsized,Too expensive compared with the alternatives we evaluated. It has been a disappointing year.
C04734,Windmill Analytics GmbH,Fintech,LATAM,Growth,42,2442.79,2025-11-11,2026-08-11,1,7,0,,Pricing is fair but the Growth tier is a big jump from Starter.
C04735,Tidewater Learning Ltd,Media,NA,Starter,13,359.03,2025-12-15,2026-08-25,0,7,0,,Setup for SSO was fiddly but works now. Overall it is fine.
C04736,Nimbus Analytics Inc,Manufacturing,EMEA,Enterprise,439,37012.13,2024-02-08,2026-08-26,0,10,0,,The reporting and forecasting features are exactly what we needed.
C04737,Solstice Logistics Inc,Education,NA,Growth,54,2944.45,2025-11-06,2026-08-21,1,9,0,,Great templates got us started immediately.
C04738,Silverlake Robotics Co,SaaS,NA,Enterprise,124,10370.41,2026-05-10,2026-07-24,0,6,0,,It took weeks to import our data and the docs were out of date. Frustrating overall.
C04739,Granite Retail,SaaS,EMEA,Enterprise,378,31401.72,2023-03-08,2026-08-24,0,10,0,,Great templates got us started immediately.
C04740,Foxglove Works Inc,Healthcare,NA,Growth,32,1811.26,2025-08-28,2026-08-22,2,7,0,,"Setup took longer than expected, mostly on our side."
C04741,Stellar Capital Co,SaaS,LATAM,Growth,23,1358.93,2023-05-28,2026-08-23,1,8,0,,Would love a two-way calendar sync. Some room for improvement.
C04742,Frontier Robotics,Fintech,APAC,Growth,26,1495.61,2025-09-24,2026-08-20,0,8,0,,We are on the fence at renewal because of the price increase.
C04743,Halcyon Logistics LLC,Manufacturing,NA,Enterprise,192,16189.98,2025-05-17,2026-08-21,0,9,0,,The Salesforce and Slack integrations work flawlessly.
C04744,Juniper Systems LLC,Fintech,APAC,Growth,55,2863.63,2025-11-30,2026-08-22,2,6,0,,We opened four tickets for the same bug and got four different answers. It has been a disappointing year.
C04745,Sable Logistics Ltd,SaaS,APAC,Starter,8,236.42,2025-01-02,2026-02-26,3,3,1,Low usage / no longer needed,The Salesforce integration breaks every other week.
C04746,Lumen Logistics,SaaS,EMEA,Growth,19,1090.47,2023-11-21,2026-03-26,1,6,1,Switched to competitor,We outgrew the product; it is fine for small teams but not for us.
C04747,Quantum Dynamics,Retail,EMEA,Starter,6,169.66,2025-06-06,2026-08-24,0,9,0,,Excellent documentation and training videos.
C04748,Silverlake Media,Healthcare,APAC,Enterprise,257,22070.37,2024-02-26,2026-08-29,4,4,0,,Response times got noticeably worse over the last quarter.
C04749,Stellar Studio Inc,Media,NA,Growth,45,2428.92,2023-02-09,2026-08-17,3,7,0,,"Support is okay, sometimes quick, sometimes slow."
C04750,Atlas Software Ltd,SaaS,NA,Growth,23,1337.95,2023-06-01,2026-06-16,4,7,1,Reliability issues,The mobile app lags behind the web app. Overall it is fine.
C04751,Silverlake Supply Ltd,SaaS,NA,Starter,7,212.48,2026-01-15,2026-08-31,6,5,0,,Data was missing for two days and nobody told us why.
C04752,Evergreen Robotics,Healthcare,NA,Growth,28,1587.69,2024-04-30,2026-08-21,0,9,0,,The reporting and forecasting features are exactly what we needed. Would buy again without hesitation.
C04753,Silverlake Studio GmbH,Retail,EMEA,Starter,11,325.36,2023-07-03,2026-07-27,4,4,1,Poor support experience,No phone support and email replies take forever. Frustrating overall.
C04754,Cascade Media,Retail,NA,Growth,10,612.41,2023-02-15,2026-08-30,2,6,0,,Exports randomly fail with no error message. Renewal is unlikely.
C04755,Orbit Software Inc,Logistics,EMEA,Growth,33,1895.23,2023-02-22,2026-05-21,0,8,1,Switched to competitor,Uptime is fine; performance on large filters could improve.
C04756,Quantum Health Co,Healthcare,EMEA,Growth,19,1218.6,2025-08-16,2026-08-11,1,7,0,,It does the job; adoption is growing slowly.
C04757,Falcon Works Inc,Retail,APAC,Starter,8,226.04,2023-06-16,2026-08-31,2,10,0,,The guided setup made data import painless.
C04758,Falcon Learning,Logistics,EMEA,Growth,56,2966.04,2025-10-21,2026-08-13,0,7,0,,The tutorials are helpful; the data import could be smoother.
C04759,Riverbend Software Inc,SaaS,LATAM,Growth,18,1096.72,2024-12-14,2026-06-30,2,7,0,,The tutorials are helpful; the data import could be smoother. Some room for improvement.
C04760,Sable Learning,Logistics,APAC,Enterprise,346,30210.94,2023-09-30,2026-08-25,0,8,0,,The tutorials are helpful; the data import could be smoother.
C04761,Quantum Systems GmbH,Retail,NA,Enterprise,222,18090.42,2026-02-23,2026-08-22,3,6,0,,No phone support and email replies take forever.
C04762,Crescent Supply Ltd,Retail,EMEA,Growth,24,1443.46,2024-09-17,2026-08-21,0,10,0,,"Fast, friendly and technically sharp support."
C04763,Juniper Logistics LLC,Logistics,NA,Starter,9,289.44,2024-05-18,2026-07-31,3,7,1,Company downsized,Pricing is fair but the Growth tier is a big jump from Starter.
C04764,Mosaic Studio Inc,Retail,APAC,Starter,5,145.61,2025-05-07,2026-08-26,2,6,0,,We could not connect it to our data warehouse without a consultant.
C04765,Windmill Dynamics Inc,Retail,EMEA,Enterprise,88,8401.45,2025-04-19,2026-08-22,0,9,0,,"Rock solid, we have never seen an outage."
C04766,Nimbus Learning Co,Fintech,NA,Enterprise,142,12702.94,2025-08-05,2026-08-21,1,7,0,,"Good product, waiting on the custom fields feature. Happy enough to stay for now."
C04767,Lumen Learning GmbH,Education,NA,Starter,9,287.14,2025-02-23,2026-08-22,2,6,0,,Dashboards time out constantly when we filter more than a few weeks. Frustrating overall.
C04768,Nimbus Digital,Healthcare,NA,Growth,12,714.96,2026-05-22,2026-05-23,0,7,1,Low usage / no longer needed,The tutorials are helpful; the data import could be smoother. Happy enough to stay for now.
C04769,Falcon Networks Ltd,SaaS,APAC,Starter,3,91.36,2024-06-14,2026-08-27,3,5,0,,Chat support only sends links to docs we have already read.
C04770,Cobalt Foods,Education,APAC,Starter,9,252.77,2023-09-14,2026-08-24,0,9,0,,"Rock solid, we have never seen an outage."
C04771,Riverbend Logistics Co,Education,NA,Enterprise,314,26449.4,2023-06-12,2026-08-24,0,7,0,,"Reliable overall, exports could be faster."
C04772,Northwind Labs Co,Retail,NA,Enterprise,220,18182.39,2023-11-11,2026-08-26,0,7,0,,Support quality varies a lot depending on who picks up the ticket.
C04773,Beacon Studio Co,SaaS,NA,Enterprise,158,12293.02,2025-09-13,2026-06-04,0,8,0,,"Mostly stable, with the occasional slow dashboard. Overall it is fine."
C04774,Ironclad Robotics Ltd,Retail,EMEA,Starter,11,298.55,2025-12-25,2026-02-10,5,5,1,Onboarding too complex,We had three outages in one month during peak hours.
C04775,Keystone Supply Inc,SaaS,NA,Growth,75,4186.04,2024-01-08,2026-08-13,0,9,0,,The Salesforce and Slack integrations work flawlessly. Would buy again without hesitation.
C04776,Lumen Robotics Ltd,SaaS,NA,Enterprise,230,19702.64,2023-05-05,2026-04-17,0,10,1,Integration gaps,Connected to Snowflake in an afternoon.
C04777,Nimbus Capital LLC,Retail,APAC,Growth,41,2155.94,2025-07-07,2026-01-16,9,2,1,Budget cuts,Pricing jumped at renewal and nobody warned us.
C04778,Riverbend Foods,SaaS,EMEA,Starter,11,338.87,2025-09-29,2026-08-20,2,5,0,,"No audit log, which our compliance team requires. Would not recommend at this point."
C04779,Meridian Works GmbH,Fintech,EMEA,Growth,41,2149.79,2023-03-12,2026-08-15,2,8,0,,"Reliable overall, exports could be faster."
C04780,Riverbend Analytics,Education,EMEA,Starter,3,87.9,2023-06-20,2026-08-27,0,8,0,,"The Slack integration is handy, the HubSpot one is limited."
C04781,Tidewater Media,Fintech,EMEA,Growth,35,1888.55,2024-03-03,2026-08-25,5,5,0,,Zapier is the only integration path and it is flaky.
C04782,Meridian Learning Ltd,Logistics,EMEA,Enterprise,142,12000.42,2024-08-15,2026-07-15,1,6,0,,Support tickets sit for days before anyone replies.
C04783,Cascade Retail,Logistics,NA,Starter,10,300.42,2023-05-21,2026-08-14,1,8,0,,Tickets get resolved eventually but it takes follow-ups.
C04784,Vertex Retail Co,Healthcare,NA,Starter,3,89.64,2025-01-25,2026-08-24,1,8,0,,Onboarding was fine but could use more templates. Happy enough to stay for now.
C04785,Summit Works LLC,Logistics,LATAM,Growth,57,3216.14,2024-09-25,2026-05-27,6,2,1,Integration gaps,Zapier is the only integration path and it is flaky.
C04786,Beacon Health,Media,APAC,Growth,20,1207.38,2025-09-06,2026-03-17,0,10,1,Reliability issues,Reports are a bit slow at month end. Some room for improvement.
C04787,Halcyon Foods,Fintech,EMEA,Starter,6,165.14,2026-04-30,2026-07-29,2,7,0,,We sync with our warehouse nightly and it mostly works. We will see how the next release goes.
C04788,Beacon Group GmbH,Manufacturing,NA,Starter,8,242.53,2023-05-27,2026-08-24,2,6,0,,Frequent logouts and stale sessions made it unusable for the field team.
C04789,Meridian Robotics,SaaS,NA,Growth,51,2679.69,2024-07-31,2026-08-24,2,6,0,,The per-seat model punishes us every time we onboard a contractor. We are evaluating alternatives.
C04790,Ironclad Media Ltd,Education,NA,Starter,6,173.26,2025-11-17,2026-07-08,2,4,1,Missing features,"A competitor offered everything we needed at a lower price, so we switched."
C04791,Lumen Media GmbH,Retail,LATAM,Growth,52,2813.14,2023-01-12,2026-07-25,2,6,1,Budget cuts,We opened four tickets for the same bug and got four different answers.
C04792,Pioneer Labs,SaaS,APAC,Growth,14,837.57,2025-12-21,2026-08-11,2,6,0,,Pricing jumped at renewal and nobody warned us. Would not recommend at this point.
C04793,Sable Retail GmbH,Fintech,EMEA,Starter,5,142.19,2024-05-21,2026-08-23,3,7,0,,We sync with our warehouse nightly and it mostly works. Happy enough to stay for now.
C04794,Oakridge Networks,Logistics,LATAM,Growth,20,1172.52,2025-10-09,2026-08-12,0,8,0,,We are on the fence at renewal because of the price increase. Some room for improvement.
C04795,Keystone Media,Fintech,NA,Growth,37,2161.65,2025-02-06,2026-08-28,6,2,0,,Overage charges were a nasty surprise on the invoice.
C04796,Frontier Networks,SaaS,EMEA,Growth,18,1006.98,2026-04-11,2026-08-27,1,7,0,,We sync with our warehouse nightly and it mostly works.
C04797,Foxglove Systems GmbH,SaaS,NA,Growth,25,1474.85,2023-07-11,2026-04-24,2,8,1,Onboarding too complex,Onboarding was fine but could use more templates.
C04798,Halcyon Studio,Retail,NA,Starter,8,221.66,2026-01-17,2026-08-12,3,6,0,,Data was missing for two days and nobody told us why.
C04799,Stellar Analytics,Media,LATAM,Starter,8,238.26,2024-12-23,2026-06-29,2,9,0,,The API is clean and well documented; we automated everything.
C04800,Crescent Labs LLC,Manufacturing,APAC,Growth,30,1718.55,2025-09-06,2026-08-13,1,8,0,,"The Slack integration is handy, the HubSpot one is limited."
C04801,Windmill Supply,Retail,NA,Starter,7,203.31,2025-09-13,2026-06-26,5,4,1,Budget cuts,The price per seat is hard to justify for a team our size.
C04802,Beacon Studio,SaaS,NA,Starter,6,164.78,2025-01-09,2026-01-12,9,2,1,Reliability issues,Data was missing for two days and nobody told us why.
C04803,Copperfield Software,SaaS,EMEA,Starter,8,243.99,2024-07-31,2026-08-21,2,10,0,,Our account manager proactively checks in every month.
C04804,Juniper Logistics,Retail,NA,Growth,21,1242.61,2025-10-28,2026-08-11,0,7,0,,"Setup took longer than expected, mostly on our side."
C04805,Silverlake Systems Ltd,Manufacturing,EMEA,Starter,5,145.8,2024-10-07,2026-08-24,3,7,0,,"Fine for simple questions, weaker on technical issues. Some room for improvement."
C04806,Brightline Analytics,Education,EMEA,Enterprise,136,11823.92,2026-05-29,2026-08-11,1,9,0,,Adoption was instant; people actually enjoy using it. Keep up the great work.
C04807,Orbit Partners GmbH,Retail,NA,Growth,45,2345.55,2025-04-30,2026-08-14,3,6,0,,No phone support and email replies take forever. Frustrating overall.
C04808,Keystone Studio,Healthcare,NA,Starter,3,84.86,2025-03-24,2026-08-16,2,9,0,,"Great value for the price, especially on the annual plan. Keep up the great work."
C04809,Halcyon Partners Ltd,Retail,NA,Growth,34,1878.27,2025-01-13,2026-01-09,5,6,1,Low usage / no longer needed,It took weeks to import our data and the docs were out of date.
C04810,Zenith Partners Co,Healthcare,LATAM,Starter,7,188.69,2023-11-06,2026-04-14,5,4,1,Reliability issues,Data was missing for two days and nobody told us why.
C04811,Keystone Health Ltd,Retail,NA,Enterprise,327,25695.83,2025-08-13,2026-08-19,1,6,0,,Adoption stalled because the learning curve is steep.
C04812,Cobalt Studio,Education,EMEA,Enterprise,176,14323.87,2023-11-13,2026-08-11,0,7,0,,"Setup took longer than expected, mostly on our side. Some room for improvement."
C04813,Ironclad Software Inc,Retail,NA,Enterprise,144,11564.55,2025-02-24,2026-08-24,0,9,0,,Cheaper than what we replaced and far more capable. Would buy again without hesitation.
C04814,Quantum Partners Co,Logistics,EMEA,Growth,41,2218.73,2025-10-12,2026-08-27,1,6,0,,Our budget was cut and the platform was the first thing to go.
C04815,Orbit Media LLC,Retail,NA,Enterprise,179,15377.62,2024-07-29,2026-08-20,1,8,0,,Good enough integration options for our stack.
C04816,Zenith Learning Inc,SaaS,NA,Growth,33,1865.02,2026-06-16,2026-08-15,1,7,0,,"The annual discount helped, monthly pricing feels steep."
C04817,Vertex Networks,Fintech,EMEA,Enterprise,382,34471.86,2023-07-28,2026-08-28,2,6,0,,The setup wizard failed twice and we gave up on the advanced features.
C04818,Meridian Robotics Ltd,Retail,EMEA,Starter,8,231.79,2023-09-26,2026-07-07,7,4,1,Integration gaps,Webhook payloads changed without notice and broke our pipeline. Renewal is unlikely.
C04819,Harbor Works Ltd,Healthcare,NA,Enterprise,122,10329.69,2024-01-22,2026-07-08,2,7,1,Integration gaps,We sync with our warehouse nightly and it mostly works. We will see how the next release goes.
C04820,Foxglove Labs,Healthcare,NA,Growth,30,1768.24,2026-05-22,2026-08-21,0,10,0,,Custom roles and audit logs made our compliance team happy. Would buy again without hesitation.
C04821,Quantum Dynamics Inc,Education,LATAM,Starter,5,146.86,2024-11-12,2026-05-25,2,8,1,Integration gaps,Integrations cover the basics; we still miss a native Jira connector.
C04822,Atlas Software,Fintech,NA,Enterprise,123,10515.38,2023-12-09,2026-08-25,1,9,0,,The Enterprise plan pays for itself in saved hours.
C04823,Cobalt Systems GmbH,Education,NA,Growth,34,1934.39,2026-05-17,2026-05-29,2,6,1,Budget cuts,The Salesforce integration breaks every other week.
C04824,Granite Studio,Education,NA,Enterprise,164,14307.47,2024-06-10,2026-08-22,7,2,0,,The roadmap items we were promised never shipped.
C04825,Aurora Robotics,Retail,NA,Starter,3,88.81,2023-12-07,2026-08-14,3,5,0,,Response times got noticeably worse over the last quarter. We are evaluating alternatives.
C04826,Mosaic Digital Inc,Retail,EMEA,Growth,60,3491.07,2026-03-04,2026-03-05,0,9,1,Company downsized,"The annual discount helped, monthly pricing feels steep."
C04827,Summit Logistics GmbH,SaaS,EMEA,Growth,30,1771.89,2023-07-17,2026-08-29,4,6,0,,We opened four tickets for the same bug and got four different answers. It has been a disappointing year.
C04828,Harbor Dynamics GmbH,Retail,EMEA,Starter,11,311.2,2026-05-12,2026-08-16,2,7,0,,The API works but the docs could be clearer.
C04829,Solstice Networks,Manufacturing,EMEA,Growth,41,2209.35,2023-02-28,2026-07-10,2,6,0,,The Salesforce integration breaks every other week. Renewal is unlikely.
C04830,Windmill Systems Co,Media,NA,Growth,54,2950.44,2024-12-24,2026-08-20,0,6,0,,Missing basic features like bulk edit and custom roles.
C04831,Ironclad Systems Co,Healthcare,APAC,Starter,10,277.43,2025-01-13,2026-08-16,4,7,0,,Reports are a bit slow at month end.
C04832,Cobalt Media Inc,Fintech,NA,Growth,40,2140.95,2026-04-27,2026-08-29,3,6,0,,The forecasting module is too simplistic for our use case.
C04833,Oakridge Systems,Education,NA,Starter,7,193.74,2026-04-01,2026-08-16,4,7,0,,It does the job; adoption is growing slowly. Some room for improvement.
C04834,Zenith Partners,Manufacturing,EMEA,Enterprise,87,8120.3,2025-12-10,2026-08-17,2,6,0,,We were never shown how to use the reporting module.
C04835,Granite Media,Fintech,NA,Enterprise,93,8683.69,2026-03-14,2026-08-21,2,7,0,,Would prefer usage-based pricing over per-seat.
C04836,Oakridge Digital GmbH,Manufacturing,NA,Growth,23,1260.98,2026-01-10,2026-08-26,1,8,0,,Onboarding was fine but could use more templates. We will see how the next release goes.
C04837,Keystone Partners GmbH,SaaS,NA,Growth,19,1091.67,2024-10-16,2026-08-25,0,8,0,,The mobile app lags behind the web app. Some room for improvement.
C04838,Mosaic Partners Ltd,SaaS,EMEA,Starter,9,280.05,2026-01-12,2026-08-11,0,8,0,,"Decent value, though we keep an eye on seat costs."
C04839,Cobalt Works GmbH,SaaS,NA,Starter,13,386.5,2025-09-11,2026-08-13,4,4,0,,"No native Slack or HubSpot connector, so we had to build our own."
C04840,Aurora Digital Co,SaaS,EMEA,Enterprise,60,5624.59,2024-05-07,2026-08-21,1,9,0,,The support team clearly knows the product inside out. We plan to add more seats next quarter.
C04841,Quantum Foods Inc,Media,APAC,Starter,7,197.61,2026-01-28,2026-06-19,1,10,1,Integration gaps,Plays nicely with every tool in our stack. We plan to add more seats next quarter.
C04842,Sable Supply Co,Retail,EMEA,Starter,4,117.33,2023-02-09,2026-08-19,2,5,0,,Too expensive compared with the alternatives we evaluated. Would not recommend at this point.
C04843,Beacon Media Ltd,Fintech,NA,Starter,8,231.87,2023-05-12,2026-06-09,0,9,0,,Connected to Snowflake in an afternoon. Highly recommended.
C04844,Evergreen Learning Inc,Retail,APAC,Growth,39,2071.73,2023-07-30,2026-08-11,4,5,0,,We outgrew the product; it is fine for small teams but not for us.
C04845,Evergreen Labs Ltd,Retail,NA,Growth,46,2474.17,2024-11-13,2026-08-31,1,9,0,,Reliable exports and fast reports every time.
C04846,Beacon Supply,Fintech,APAC,Starter,11,312.99,2023-04-06,2026-08-16,0,9,0,,"We were live in two days, which is unheard of for us."
C04847,Windmill Learning,SaaS,EMEA,Starter,8,218.19,2023-10-15,2026-08-28,1,7,0,,"Good product, waiting on the custom fields feature."
C04848,Silverlake Capital,Education,NA,Starter,2,54.93,2023-11-06,2026-08-21,2,7,0,,Onboarding was fine but could use more templates.
C04849,Stellar Analytics Ltd,SaaS,APAC,Starter,11,316.45,2023-11-06,2026-03-22,0,9,1,Budget cuts,Costs are acceptable for what we use today. Happy enough to stay for now.
C04850,Stellar Networks,Manufacturing,EMEA,Starter,9,252.15,2023-03-12,2026-08-20,4,2,0,,We opened four tickets for the same bug and got four different answers.
C04851,Redwood Learning,SaaS,EMEA,Growth,49,2656.27,2023-10-14,2026-08-15,1,7,0,,We sync with our warehouse nightly and it mostly works. Some room for improvement.
C04852,Windmill Group Co,Manufacturing,NA,Growth,44,2259.22,2023-12-20,2026-08-12,7,4,0,,Data was missing for two days and nobody told us why.
C04853,Pioneer Capital Ltd,Manufacturing,EMEA,Starter,5,149.65,2025-08-26,2026-08-27,3,9,0,,The platform is fast and stable; no complaints.
C04854,Frontier Partners,SaaS,EMEA,Growth,10,639.1,2025-01-21,2026-08-12,1,9,0,,Reliable exports and fast reports every time.
C04855,Frontier Labs GmbH,SaaS,APAC,Growth,49,2799.12,2024-02-06,2026-08-07,0,7,0,,"Good product, waiting on the custom fields feature."
C04856,Bluepeak Analytics Ltd,Logistics,NA,Starter,14,424.36,2023-06-29,2026-08-21,1,7,0,,The API works but the docs could be clearer. We will see how the next release goes.
C04857,Brightline Digital Co,Retail,EMEA,Starter,8,237.81,2024-10-17,2026-08-22,1,7,0,,"Fine for simple questions, weaker on technical issues. Some room for improvement."
C04858,Harbor Foods,Healthcare,EMEA,Growth,39,2162.66,2024-02-07,2026-07-16,3,4,1,Company downsized,Overage charges were a nasty surprise on the invoice. We are evaluating alternatives.
C04859,Quantum Retail Ltd,SaaS,EMEA,Starter,10,291.0,2025-06-08,2026-08-23,1,7,0,,"Decent value, though we keep an eye on seat costs."
C04860,Crescent Media,Fintech,EMEA,Growth,73,3858.98,2023-10-13,2026-08-15,1,6,0,,Chat support only sends links to docs we have already read.
C04861,Tidewater Labs,Retail,NA,Growth,49,2762.84,2026-06-26,2026-08-31,0,8,0,,"Mostly stable, with the occasional slow dashboard. We will see how the next release goes."
C04862,Redwood Dynamics,Media,APAC,Enterprise,113,9748.85,2023-05-02,2026-08-28,4,5,0,,Frequent logouts and stale sessions made it unusable for the field team. We are evaluating alternatives.
C04863,Copperfield Retail Co,Fintech,NA,Starter,12,341.55,2025-12-01,2026-08-21,1,8,0,,We are still ramping up usage across the team.
C04864,Riverbend Learning Co,Manufacturing,NA,Starter,2,59.22,2025-05-12,2026-08-23,2,4,0,,The price per seat is hard to justify for a team our size.
C04865,Tidewater Learning,Education,EMEA,Enterprise,249,20371.73,2025-05-08,2026-08-17,1,6,0,,The price per seat is hard to justify for a team our size.
C04866,Crescent Software Inc,SaaS,NA,Growth,31,1658.09,2026-02-13,2026-08-31,0,7,0,,Documentation is solid but a guided setup call would have helped. Some room for improvement.
C04867,Atlas Systems Inc,Fintech,NA,Starter,9,269.09,2024-07-30,2026-08-25,1,9,0,,The platform is fast and stable; no complaints. Keep up the great work.
C04868,Nimbus Systems Ltd,Fintech,NA,Growth,43,2400.04,2025-07-02,2026-08-14,2,7,0,,Costs are acceptable for what we use today.
C04869,Foxglove Studio,Retail,EMEA,Starter,5,143.65,2024-11-05,2026-08-26,2,10,0,,Connected to Snowflake in an afternoon. We plan to add more seats next quarter.
C04870,Ironclad Media,Healthcare,LATAM,Growth,40,2164.28,2025-05-23,2026-08-30,0,9,0,,The Salesforce and Slack integrations work flawlessly. We plan to add more seats next quarter.
C04871,Tidewater Health Inc,Retail,EMEA,Enterprise,125,10592.29,2024-12-06,2026-08-26,1,7,0,,"Reliable overall, exports could be faster."
C04872,Harbor Software Ltd,Fintech,NA,Growth,27,1476.05,2026-06-08,2026-08-20,0,10,0,,Onboarding was smooth and the whole team was productive in a week. Highly recommended.
C04873,Evergreen Digital Ltd,Education,APAC,Growth,36,1915.45,2024-02-17,2026-08-19,1,6,0,,The roadmap items we were promised never shipped.
C04874,Solstice Dynamics Co,Healthcare,NA,Enterprise,170,13581.58,2025-07-22,2026-08-11,1,5,0,,Webhook payloads changed without notice and broke our pipeline.
C04875,Atlas Media LLC,Retail,LATAM,Growth,22,1298.62,2023-08-01,2026-08-11,1,9,0,,Our account manager proactively checks in every month.
C04876,Granite Foods Co,Healthcare,EMEA,Starter,11,332.89,2023-03-02,2026-08-25,0,9,0,,Webhooks are reliable and easy to configure.
C04877,Frontier Works Inc,Fintech,NA,Growth,17,1022.14,2025-06-16,2026-08-29,2,8,0,,"One outage this quarter, communicated well."
C04878,Pioneer Group,Education,EMEA,Starter,11,312.47,2023-10-06,2026-08-15,2,9,0,,Automation rules removed a ton of manual work.
C04879,Mosaic Digital Co,Retail,NA,Starter,10,281.8,2023-01-20,2026-08-13,3,7,0,,"Most of the team uses it weekly, a few power users daily."
C04880,Lumen Digital,Retail,APAC,Growth,47,2501.12,2025-03-24,2026-07-21,0,6,0,,The per-seat model punishes us every time we onboard a contractor. We are evaluating alternatives.
C04881,Ironclad Supply Co,SaaS,NA,Starter,9,281.88,2025-02-19,2026-01-10,1,7,1,Onboarding too complex,The tutorials are helpful; the data import could be smoother. Happy enough to stay for now.
C04882,Crescent Digital,Healthcare,APAC,Starter,9,261.71,2025-03-26,2026-08-29,0,8,0,,Pricing is fair but the Growth tier is a big jump from Starter.
C04883,Summit Robotics Co,Healthcare,APAC,Growth,29,1724.67,2024-08-02,2026-08-18,0,10,0,,Onboarding was smooth and the whole team was productive in a week. Highly recommended.
C04884,Halcyon Media Ltd,Fintech,APAC,Starter,5,132.76,2025-11-28,2026-08-27,6,4,0,,Missing basic features like bulk edit and custom roles.
C04885,Crescent Studio,Media,APAC,Growth,48,2509.35,2023-01-17,2026-04-22,2,6,1,Integration gaps,Webhook payloads changed without notice and broke our pipeline. We are evaluating alternatives.
C04886,Aurora Retail GmbH,Media,NA,Starter,5,144.74,2023-07-22,2026-08-15,1,9,0,,Excellent documentation and training videos. We plan to add more seats next quarter.
C04887,Ember Capital Inc,SaaS,EMEA,Growth,34,1828.41,2024-04-25,2026-02-06,5,4,1,Poor support experience,The support team is friendly but never actually fixes anything. Renewal is unlikely.
C04888,Falcon Capital Ltd,Education,APAC,Enterprise,273,23095.22,2026-06-06,2026-08-18,1,8,0,,"The annual discount helped, monthly pricing feels steep. We will see how the next release goes."
C04889,Cascade Capital Co,Retail,NA,Starter,3,87.42,2025-07-08,2026-04-24,6,4,1,Onboarding too complex,We were never shown how to use the reporting module. Frustrating overall.
C04890,Atlas Media Co,Logistics,NA,Growth,52,2921.77,2024-10-20,2026-08-14,0,10,0,,Every ticket we raised was resolved the same day.
C04891,Halcyon Networks GmbH,Fintech,NA,Starter,10,268.32,2026-04-26,2026-08-12,2,7,0,,"Good product, waiting on the custom fields feature."
C04892,Foxglove Partners GmbH,Fintech,NA,Starter,8,221.74,2026-03-20,2026-08-26,3,7,0,,Setup for SSO was fiddly but works now.
C04893,Windmill Digital Inc,Retail,APAC,Starter,7,202.19,2023-05-15,2026-08-28,4,6,0,,Frequent logouts and stale sessions made it unusable for the field team.
C04894,Northwind Digital,Fintech,EMEA,Starter,4,113.0,2024-11-06,2026-08-28,5,5,0,,Response times got noticeably worse over the last quarter. It has been a disappointing year.
C04895,Frontier Group GmbH,Education,EMEA,Starter,7,200.48,2026-04-28,2026-08-18,1,7,0,,The help center is good; live support is average.
C04896,Sable Supply,Retail,LATAM,Growth,47,2590.14,2023-08-27,2026-08-20,2,6,0,,Missing basic features like bulk edit and custom roles. It has been a disappointing year.
C04897,Solstice Labs Ltd,Fintech,NA,Growth,49,2608.52,2023-07-21,2026-08-22,3,6,0,,No phone support and email replies take forever.
C04898,Nimbus Digital GmbH,Retail,APAC,Enterprise,74,6865.58,2024-03-23,2026-08-31,0,10,0,,The API is clean and well documented; we automated everything.
C04899,Lumen Logistics Co,Media,NA,Enterprise,128,11005.57,2026-05-21,2026-08-26,5,2,0,,Our budget was cut and the platform was the first thing to go.
C04900,Mosaic Media GmbH,Manufacturing,NA,Starter,6,174.45,2023-10-10,2026-06-13,5,6,1,Budget cuts,The roadmap items we were promised never shipped.
C04901,Silverlake Retail,Retail,NA,Starter,14,417.7,2025-03-21,2026-08-25,2,6,0,,Missing basic features like bulk edit and custom roles. We are evaluating alternatives.
C04902,Tidewater Labs,Fintech,NA,Starter,10,264.79,2023-12-04,2026-08-11,0,8,0,,Onboarding was fine but could use more templates.
C04903,Stellar Retail Co,SaaS,NA,Growth,31,1661.1,2025-07-29,2026-06-27,5,5,1,Missing features,We outgrew the product; it is fine for small teams but not for us. Frustrating overall.
C04904,Bluepeak Works Ltd,Media,EMEA,Enterprise,473,41223.65,2026-02-10,2026-08-18,0,7,0,,"Support is okay, sometimes quick, sometimes slow."
C04905,Cascade Capital,Education,NA,Starter,6,167.98,2023-02-21,2026-08-13,1,9,0,,"Best-in-class dashboards, our execs love them."
C04906,Falcon Analytics LLC,Healthcare,NA,Starter,10,278.4,2024-04-26,2026-08-21,5,5,0,,"A competitor offered everything we needed at a lower price, so we switched. Would not recommend at this point."
C04907,Cascade Labs GmbH,Media,EMEA,Starter,4,115.41,2025-01-08,2026-07-25,10,3,1,Reliability issues,Data was missing for two days and nobody told us why. Renewal is unlikely.
C04908,Harbor Group,SaaS,NA,Enterprise,235,19761.55,2023-08-22,2026-08-27,1,7,0,,Onboarding was fine but could use more templates. Happy enough to stay for now.
C04909,Zenith Analytics GmbH,Education,APAC,Starter,3,85.14,2025-03-21,2026-01-26,4,5,1,Reliability issues,Performance degraded badly as our dataset grew. We are evaluating alternatives.
C04910,Halcyon Software,SaaS,LATAM,Growth,67,3947.39,2024-04-10,2026-08-22,2,7,0,,"Setup took longer than expected, mostly on our side. We will see how the next release goes."
C04911,Atlas Systems Ltd,SaaS,EMEA,Growth,30,1790.28,2023-02-14,2026-08-31,0,7,0,,The API works but the docs could be clearer. Happy enough to stay for now.
C04912,Summit Supply,Retail,EMEA,Starter,7,195.67,2025-02-26,2026-07-21,4,6,1,Poor support experience,We opened four tickets for the same bug and got four different answers. Renewal is unlikely.
C04913,Orbit Logistics Inc,Retail,EMEA,Starter,9,245.97,2023-02-18,2026-08-15,1,10,0,,Feature releases ship every month and they listen to feedback.
C04914,Atlas Capital GmbH,Logistics,EMEA,Growth,51,2843.77,2023-09-14,2026-05-10,1,7,1,Budget cuts,"Decent value, though we keep an eye on seat costs. Some room for improvement."
C04915,Frontier Studio Inc,Fintech,LATAM,Growth,34,1796.44,2023-07-28,2026-02-25,0,6,1,Low usage / no longer needed,We were never shown how to use the reporting module.
C04916,Orbit Partners,Manufacturing,LATAM,Starter,2,62.99,2023-03-07,2026-08-20,2,4,0,,Too expensive compared with the alternatives we evaluated.
C04917,Summit Capital Inc,Manufacturing,NA,Starter,4,117.99,2024-06-08,2026-07-14,1,8,0,,Pricing is fair but the Growth tier is a big jump from Starter.
C04918,Copperfield Logistics,Education,EMEA,Starter,7,207.55,2026-01-17,2026-03-10,2,7,1,Low usage / no longer needed,Documentation is solid but a guided setup call would have helped.
C04919,Vertex Learning GmbH,Logistics,APAC,Starter,3,87.87,2024-01-25,2026-06-23,1,7,0,,Covers our core needs; advanced reporting is limited. We will see how the next release goes.
C04920,Beacon Systems LLC,Retail,NA,Starter,6,181.81,2023-11-02,2026-05-22,1,8,1,Integration gaps,We sync with our warehouse nightly and it mostly works.
C04921,Ember Media Co,Retail,EMEA,Starter,6,157.33,2025-10-26,2026-03-10,6,3,1,Missing features,Missing basic features like bulk edit and custom roles. Frustrating overall.
C04922,Cascade Robotics GmbH,SaaS,EMEA,Growth,23,1291.69,2026-04-09,2026-08-23,0,9,0,,The support team clearly knows the product inside out. Highly recommended.
C04923,Silverlake Partners,Fintech,EMEA,Growth,41,2342.73,2024-01-20,2026-08-13,4,7,0,,"Support is okay, sometimes quick, sometimes slow."
C04924,Nimbus Capital Inc,Media,NA,Growth,33,1919.39,2023-03-02,2026-08-28,3,4,0,,Pricing jumped at renewal and nobody warned us. Renewal is unlikely.
C04925,Summit Learning,Retail,NA,Growth,25,1402.12,2025-08-28,2026-03-29,2,7,1,Reliability issues,"Mostly stable, with the occasional slow dashboard."
C04926,Redwood Health,Fintech,NA,Enterprise,256,19975.29,2025-04-10,2026-07-07,3,8,0,,"Mostly stable, with the occasional slow dashboard."
C04927,Keystone Capital LLC,SaaS,EMEA,Enterprise,209,17705.2,2026-06-26,2026-08-19,0,8,0,,"The Slack integration is handy, the HubSpot one is limited. We will see how the next release goes."
C04928,Tidewater Studio Ltd,Retail,APAC,Starter,12,354.76,2025-04-28,2026-06-24,4,6,1,Reliability issues,Exports randomly fail with no error message. It has been a disappointing year.
C04929,Beacon Dynamics GmbH,Education,APAC,Starter,5,145.85,2026-04-01,2026-08-12,0,8,0,,Support quality varies a lot depending on who picks up the ticket.
C04930,Harbor Logistics Inc,Fintech,NA,Starter,4,115.72,2023-07-19,2026-08-24,0,8,0,,Support quality varies a lot depending on who picks up the ticket.
C04931,Summit Software,Manufacturing,NA,Enterprise,423,32958.75,2023-07-30,2026-08-26,1,7,0,,Covers our core needs; advanced reporting is limited. Happy enough to stay for now.
C04932,Harbor Software Co,Healthcare,APAC,Starter,2,57.13,2025-04-28,2026-08-23,0,7,0,,It does the job; adoption is growing slowly.
C04933,Stellar Partners Inc,Manufacturing,EMEA,Starter,3,86.21,2025-08-12,2026-08-25,2,7,0,,"One outage this quarter, communicated well. We will see how the next release goes."
C04934,Windmill Health Inc,Fintech,EMEA,Growth,29,1673.48,2024-05-09,2026-07-05,1,8,0,,"Our account manager is responsive, tier-1 support less so."
C04935,Beacon Capital,Healthcare,NA,Growth,21,1143.91,2024-07-03,2026-07-17,2,7,1,Budget cuts,"Most of the team uses it weekly, a few power users daily. We will see how the next release goes."
C04936,Tidewater Supply Inc,SaaS,NA,Growth,73,4099.2,2024-05-02,2026-08-12,1,9,0,,The platform is fast and stable; no complaints.
C04937,Zenith Capital,Retail,APAC,Growth,41,2327.58,2023-03-03,2026-08-26,1,8,0,,Support quality varies a lot depending on who picks up the ticket.
C04938,Mosaic Foods,Education,EMEA,Growth,21,1199.62,2026-01-24,2026-08-21,1,7,0,,The API works but the docs could be clearer. We will see how the next release goes.
C04939,Aurora Foods GmbH,Healthcare,NA,Enterprise,113,9438.21,2026-03-03,2026-08-15,5,2,0,,We were never shown how to use the reporting module. Renewal is unlikely.
C04940,Foxglove Software Inc,SaaS,APAC,Starter,9,255.81,2026-04-30,2026-08-02,3,5,0,,Dashboards time out constantly when we filter more than a few weeks.
C04941,Ironclad Studio,Media,EMEA,Enterprise,90,8124.82,2024-10-05,2026-08-15,1,7,0,,The mobile app lags behind the web app. Some room for improvement.
C04942,Mosaic Analytics GmbH,SaaS,LATAM,Growth,49,2741.67,2023-08-06,2026-08-23,0,8,0,,"Mostly stable, with the occasional slow dashboard."
C04943,Northwind Networks GmbH,Healthcare,EMEA,Starter,6,177.6,2024-05-30,2026-08-11,0,7,0,,Costs are acceptable for what we use today. Overall it is fine.
C04944,Bluepeak Digital,Logistics,EMEA,Enterprise,321,28173.43,2025-05-22,2026-04-17,2,6,1,Integration gaps,Escalations go nowhere; we had to chase our account manager repeatedly. We are evaluating alternatives.
C04945,Evergreen Digital GmbH,Healthcare,LATAM,Enterprise,52,4989.47,2023-08-10,2026-08-14,1,6,0,,Reporting is too rigid; we ended up exporting to spreadsheets anyway.
C04946,Crescent Learning,Manufacturing,LATAM,Enterprise,223,18636.49,2023-07-17,2026-08-28,0,8,0,,Uptime is fine; performance on large filters could improve.
C04947,Orbit Supply,Healthcare,LATAM,Enterprise,47,4819.23,2026-06-20,2026-08-20,0,10,0,,Our account manager proactively checks in every month.
C04948,Ember Health,Manufacturing,APAC,Starter,4,123.19,2023-02-14,2026-08-23,6,4,0,,It took weeks to import our data and the docs were out of date.
C04949,Copperfield Labs GmbH,Education,EMEA,Starter,12,338.84,2025-02-02,2026-08-16,1,8,0,,"Mostly stable, with the occasional slow dashboard."
C04950,Ember Capital Ltd,Education,NA,Starter,9,262.32,2023-07-10,2026-07-16,4,4,1,Poor support experience,Support tickets sit for days before anyone replies. Renewal is unlikely.
C04951,Tidewater Media,Fintech,NA,Enterprise,162,12549.45,2023-01-28,2026-08-31,0,7,0,,"Reliable overall, exports could be faster. Some room for improvement."
C04952,Oakridge Group Co,Manufacturing,LATAM,Enterprise,253,21313.16,2025-03-20,2026-08-19,1,8,0,,Reports are a bit slow at month end.
C04953,Aurora Foods Co,Fintech,NA,Enterprise,219,19662.62,2023-08-23,2026-07-16,1,7,0,,"Solid basics, some rough edges in the admin console."
C04954,Orbit Partners,Logistics,APAC,Enterprise,223,20853.15,2025-07-15,2026-08-27,2,6,0,,Data was missing for two days and nobody told us why.
C04955,Oakridge Studio Co,Fintech,LATAM,Growth,39,2129.55,2025-11-18,2026-01-31,3,6,1,Company downsized,Too expensive compared with the alternatives we evaluated.
C04956,Vertex Capital LLC,Fintech,LATAM,Starter,3,88.17,2024-10-08,2026-06-17,3,6,1,Budget cuts,The price per seat is hard to justify for a team our size.
C04957,Beacon Learning Inc,Media,LATAM,Starter,4,118.81,2023-08-01,2026-08-31,1,7,0,,"The Slack integration is handy, the HubSpot one is limited. Some room for improvement."
C04958,Beacon Supply,Fintech,EMEA,Growth,46,2723.89,2026-04-29,2026-08-30,2,7,0,,"No major issues, some minor bugs here and there. We will see how the next release goes."
C04959,Zenith Studio GmbH,Retail,EMEA,Growth,38,2003.08,2024-04-20,2026-08-24,1,10,0,,The HubSpot sync saved us hours every week.
C04960,Granite Dynamics Ltd,Education,LATAM,Starter,10,320.8,2025-09-02,2026-08-28,0,9,0,,Feature releases ship every month and they listen to feedback.
C04961,Ember Capital,SaaS,NA,Enterprise,116,9637.6,2023-09-04,2026-08-25,1,7,0,,Onboarding was fine but could use more templates.
C04962,Solstice Robotics GmbH,SaaS,NA,Growth,16,899.81,2023-07-26,2026-08-28,5,6,0,,Chat support only sends links to docs we have already read.
C04963,Juniper Learning Ltd,Retail,LATAM,Starter,8,229.07,2025-05-10,2026-01-28,4,4,1,Onboarding too complex,Onboarding was confusing and we never really got set up properly.
C04964,Orbit Dynamics,Fintech,EMEA,Enterprise,149,12132.31,2023-09-23,2026-08-17,2,6,0,,Pricing jumped at renewal and nobody warned us. Would not recommend at this point.
C04965,Redwood Learning Inc,Fintech,EMEA,Growth,22,1319.77,2024-11-10,2026-06-07,0,6,0,,"No native Slack or HubSpot connector, so we had to build our own. Frustrating overall."
C04966,Granite Systems Co,SaaS,NA,Growth,49,2510.92,2025-01-30,2026-08-26,0,8,0,,We like the dashboards but want more automation.
C04967,Vertex Health Co,Retail,EMEA,Starter,12,349.97,2023-06-05,2026-08-17,0,8,0,,Would prefer usage-based pricing over per-seat.
C04968,Atlas Studio Ltd,Fintech,LATAM,Starter,3,89.31,2024-03-01,2026-08-13,0,9,0,,"Rock solid, we have never seen an outage. Highly recommended."
C04969,Zenith Robotics,SaaS,EMEA,Starter,9,276.48,2023-09-04,2026-08-11,2,5,0,,The setup wizard failed twice and we gave up on the advanced features.
C04970,Orbit Networks Co,Healthcare,NA,Growth,48,2705.46,2023-01-02,2026-08-30,1,6,0,,Missing basic features like bulk edit and custom roles. It has been a disappointing year.
C04971,Northwind Group Ltd,Healthcare,EMEA,Growth,48,2783.49,2026-04-26,2026-08-18,2,6,0,,Half the team stopped logging in after the first month.
C04972,Ember Labs Co,SaaS,APAC,Enterprise,275,22580.61,2023-01-31,2026-08-12,0,5,0,,Frequent logouts and stale sessions made it unusable for the field team.
C04973,Frontier Logistics,Fintech,APAC,Enterprise,69,6453.0,2025-11-24,2026-08-13,0,7,0,,Useful tool; the roadmap looks promising.
C04974,Ironclad Partners,Media,NA,Starter,3,79.24,2024-06-04,2026-08-31,1,6,0,,We outgrew the product; it is fine for small teams but not for us.
C04975,Cascade Partners Inc,Healthcare,EMEA,Enterprise,234,19601.32,2023-12-20,2026-08-30,1,6,0,,The Salesforce integration breaks every other week.
C04976,Summit Group,Retail,NA,Starter,5,147.24,2024-10-30,2026-08-12,2,5,0,,We had three outages in one month during peak hours.
C04977,Ironclad Retail Ltd,Retail,EMEA,Starter,9,265.98,2026-03-14,2026-04-02,5,5,1,Budget cuts,Our budget was cut and the platform was the first thing to go. Would not recommend at this point.
C04978,Aurora Systems Co,SaaS,NA,Growth,12,663.42,2025-04-13,2026-08-29,0,7,0,,Reports are a bit slow at month end. Overall it is fine.
C04979,Nimbus Supply Ltd,Manufacturing,EMEA,Enterprise,209,17312.87,2023-04-13,2026-08-28,2,7,0,,"Most of the team uses it weekly, a few power users daily."
C04980,Zenith Labs GmbH,Logistics,EMEA,Enterprise,161,13412.26,2025-08-31,2026-08-31,3,8,0,,"Does what it says, nothing spectacular."
C04981,Orbit Studio,Logistics,NA,Enterprise,159,13150.21,2025-09-01,2026-08-23,1,7,0,,Feature set is competitive but not best in class. Overall it is fine.
C04982,Oakridge Logistics GmbH,Fintech,NA,Starter,8,238.73,2026-05-21,2026-08-26,1,8,0,,It does the job; adoption is growing slowly.
C04983,Pioneer Labs,Fintech,NA,Starter,1,28.75,2023-09-15,2026-08-30,3,6,0,,The Salesforce integration breaks every other week.
C04984,Summit Systems,SaaS,NA,Starter,4,116.46,2025-12-06,2026-08-24,2,7,0,,Useful tool; the roadmap looks promising.
C04985,Redwood Robotics Co,Fintech,EMEA,Growth,51,2743.56,2024-04-17,2026-08-25,2,10,0,,Support even helped us design our dashboards. Would buy again without hesitation.
C04986,Beacon Networks Co,Fintech,NA,Growth,32,1830.63,2024-03-30,2026-08-16,1,4,0,,Chat support only sends links to docs we have already read.
C04987,Riverbend Group,Healthcare,NA,Starter,9,272.89,2025-03-18,2026-06-06,4,4,1,Poor support experience,Support tickets sit for days before anyone replies. Frustrating overall.
C04988,Halcyon Works Inc,SaaS,LATAM,Growth,44,2384.5,2024-11-13,2026-08-13,1,7,0,,It does the job; adoption is growing slowly.
C04989,Crescent Systems Co,Logistics,NA,Growth,25,1643.18,2023-10-21,2026-08-29,4,7,0,,The help center is good; live support is average. Some room for improvement.
C04990,Harbor Learning Inc,SaaS,APAC,Growth,49,2606.2,2023-10-03,2026-08-23,0,7,0,,Good enough integration options for our stack.
C04991,Harbor Systems Inc,SaaS,EMEA,Starter,3,90.51,2025-04-09,2026-08-11,0,9,0,,Fair pricing and no surprise fees.
C04992,Foxglove Learning Ltd,Media,EMEA,Starter,5,139.48,2026-05-21,2026-06-14,5,4,1,Switched to competitor,We outgrew the product; it is fine for small teams but not for us.
C04993,Stellar Digital Co,Education,EMEA,Growth,71,4016.23,2023-10-20,2026-08-14,2,5,0,,The roadmap items we were promised never shipped.
C04994,Harbor Systems,Fintech,NA,Growth,24,1455.37,2024-11-14,2026-08-26,0,7,0,,Feature set is competitive but not best in class.
C04995,Oakridge Networks,Healthcare,APAC,Starter,4,111.31,2024-01-27,2026-08-30,2,5,0,,Reporting is too rigid; we ended up exporting to spreadsheets anyway.
C04996,Ironclad Learning Co,Fintech,APAC,Starter,3,86.55,2023-11-15,2026-08-13,1,7,0,,Feature set is competitive but not best in class.
C04997,Pioneer Partners GmbH,SaaS,NA,Enterprise,313,28306.72,2025-10-11,2026-08-15,1,6,0,,We had three outages in one month during peak hours.
C04998,Frontier Learning,Retail,APAC,Growth,50,2654.14,2025-07-12,2026-08-30,1,10,0,,Reliable exports and fast reports every time.
C04999,Bluepeak Learning,Fintech,EMEA,Starter,10,294.66,2024-09-03,2026-07-09,6,3,1,Poor support experience,Support tickets sit for days before anyone replies. Frustrating overall.
C05000,Nimbus Learning GmbH,Healthcare,APAC,Growth,39,2168.65,2024-09-14,2026-06-24,2,5,0,,Support tickets sit for days before anyone replies. We are evaluating alternatives.
C05001,Evergreen Logistics Ltd,SaaS,APAC,Growth,25,1472.51,2024-06-26,2026-08-17,0,7,0,,Onboarding was fine but could use more templates.
C05002,Atlas Studio GmbH,Education,NA,Starter,3,80.98,2026-06-25,2026-08-27,1,9,0,,Reliable exports and fast reports every time.
C05003,Foxglove Networks Inc,Manufacturing,APAC,Starter,7,209.73,2026-04-22,2026-08-25,2,5,0,,The support team is friendly but never actually fixes anything.
C05004,Riverbend Supply,SaaS,LATAM,Enterprise,171,14396.34,2023-04-06,2026-08-24,5,5,0,,Missing basic features like bulk edit and custom roles.
C05005,Northwind Analytics Inc,SaaS,EMEA,Growth,26,1601.73,2025-11-07,2026-08-14,1,7,0,,Would love a two-way calendar sync.
C05006,Oakridge Dynamics,Retail,NA,Starter,8,234.15,2024-03-04,2026-08-26,1,7,0,,"The annual discount helped, monthly pricing feels steep."
C05007,Redwood Labs,Manufacturing,APAC,Growth,47,2585.54,2025-04-13,2026-08-26,1,8,0,,"The annual discount helped, monthly pricing feels steep. We will see how the next release goes."
C05008,Bluepeak Works,Education,EMEA,Growth,25,1496.98,2026-04-16,2026-04-17,0,10,1,Low usage / no longer needed,The tutorials are helpful; the data import could be smoother.
C05009,Foxglove Software Ltd,Education,NA,Growth,15,850.04,2024-06-21,2026-08-28,1,8,0,,"Setup took longer than expected, mostly on our side."
C05010,Ironclad Foods Co,Retail,APAC,Starter,3,92.42,2024-08-11,2026-08-26,0,7,0,,Documentation is solid but a guided setup call would have helped.
C05011,Aurora Supply Co,Fintech,EMEA,Starter,7,199.95,2025-03-10,2026-06-06,3,5,0,,Data was missing for two days and nobody told us why.
C05012,Silverlake Studio Ltd,Healthcare,APAC,Starter,5,142.9,2024-02-02,2026-08-13,1,8,0,,Covers our core needs; advanced reporting is limited.
C05013,Frontier Retail Inc,SaaS,EMEA,Enterprise,94,9101.95,2023-12-03,2026-08-24,0,8,0,,"One outage this quarter, communicated well."
C05014,Redwood Supply,Education,NA,Growth,57,3158.53,2025-02-10,2026-08-17,1,8,0,,Good enough integration options for our stack.
C05015,Aurora Health LLC,SaaS,LATAM,Enterprise,419,34925.37,2023-09-22,2026-07-16,0,7,0,,Setup for SSO was fiddly but works now. Some room for improvement.
C05016,Solstice Digital,Fintech,EMEA,Starter,10,294.8,2025-04-27,2026-08-25,3,8,0,,Support quality varies a lot depending on who picks up the ticket.
C05017,Sable Software,Retail,EMEA,Growth,39,2193.51,2023-11-15,2026-08-11,0,9,0,,The mobile app is snappy and dependable. Highly recommended.
C05018,Brightline Foods GmbH,Retail,NA,Growth,48,2621.29,2023-04-29,2026-08-30,2,8,0,,"The Slack integration is handy, the HubSpot one is limited."
C05019,Summit Dynamics Co,Healthcare,NA,Growth,39,2218.88,2023-05-10,2026-06-18,1,6,1,Onboarding too complex,Data was missing for two days and nobody told us why.
C05020,Zenith Systems Co,Retail,EMEA,Starter,9,247.74,2023-11-27,2026-08-28,1,8,0,,The mobile app lags behind the web app.
C05021,Atlas Labs GmbH,Logistics,NA,Growth,35,1940.56,2023-05-11,2026-07-12,2,7,0,,We sync with our warehouse nightly and it mostly works.
C05022,Vertex Logistics,Media,LATAM,Starter,9,269.35,2024-01-30,2026-07-12,11,2,1,Too expensive,Too expensive compared with the alternatives we evaluated. It has been a disappointing year.
C05023,Windmill Software,Media,LATAM,Starter,5,148.61,2024-06-17,2026-08-28,4,7,0,,The mobile app lags behind the web app.
C05024,Juniper Media,Healthcare,APAC,Growth,49,2447.62,2023-11-10,2026-08-14,1,9,0,,The mobile app is snappy and dependable.
C05025,Vertex Partners Co,Healthcare,NA,Starter,10,288.53,2024-11-12,2026-08-18,4,7,0,,"One outage this quarter, communicated well. Happy enough to stay for now."
C05026,Ember Learning,Healthcare,EMEA,Starter,7,193.14,2024-05-03,2026-08-23,2,7,0,,Would like more flexible billing for seasonal staff.
C05027,Solstice Software,Retail,NA,Enterprise,109,9644.09,2023-04-13,2026-08-22,2,6,0,,SSO setup with Okta took three support tickets to get working. It has been a disappointing year.
C05028,Redwood Robotics GmbH,Fintech,APAC,Starter,5,142.73,2024-03-03,2026-08-23,1,8,0,,It does the job; adoption is growing slowly.
C05029,Redwood Digital Ltd,Healthcare,EMEA,Growth,14,864.81,2023-01-16,2026-08-21,1,8,0,,"No major issues, some minor bugs here and there."
C05030,Copperfield Robotics Inc,SaaS,LATAM,Enterprise,312,24976.67,2025-07-22,2026-06-23,0,8,1,Switched to competitor,"Solid basics, some rough edges in the admin console. We will see how the next release goes."
C05031,Northwind Studio,SaaS,NA,Growth,26,1557.97,2024-07-19,2026-08-26,1,8,0,,Would love a two-way calendar sync.
C05032,Beacon Digital,Media,NA,Starter,3,87.03,2025-02-03,2026-08-23,3,6,0,,Missing basic features like bulk edit and custom roles. Renewal is unlikely.
C05033,Cobalt Retail LLC,SaaS,LATAM,Growth,41,2498.4,2023-07-01,2026-08-24,0,9,0,,The guided setup made data import painless.
C05034,Quantum Digital Inc,Healthcare,EMEA,Growth,65,3734.6,2024-07-01,2026-08-28,2,6,0,,Webhook payloads changed without notice and broke our pipeline.
C05035,Juniper Robotics Inc,Healthcare,APAC,Starter,3,90.88,2025-10-29,2026-07-23,1,8,1,Poor support experience,"Fine for simple questions, weaker on technical issues."
C05036,Stellar Robotics,SaaS,APAC,Growth,30,1913.57,2023-09-13,2026-08-28,0,10,0,,Pricing is transparent and scales sensibly with our team.
C05037,Frontier Capital Inc,Media,EMEA,Enterprise,63,5866.25,2026-06-09,2026-08-16,3,7,0,,Costs are acceptable for what we use today.
C05038,Granite Systems GmbH,SaaS,EMEA,Starter,4,115.54,2024-06-20,2026-08-14,1,6,0,,Honestly we barely used it; it never became part of our workflow.
C05039,Copperfield Works LLC,Media,EMEA,Starter,5,143.76,2023-06-24,2026-06-25,0,3,1,Integration gaps,SSO setup with Okta took three support tickets to get working. Renewal is unlikely.
C05040,Silverlake Supply,Manufacturing,APAC,Growth,70,3891.26,2023-08-19,2026-08-21,1,6,0,,We pay for features we never use; the plan tiers make no sense. We are evaluating alternatives.
C05041,Juniper Digital Ltd,Fintech,LATAM,Starter,12,309.44,2024-08-12,2026-08-17,4,6,0,,Zapier is the only integration path and it is flaky.
C05042,Aurora Systems,SaaS,NA,Growth,48,2634.01,2026-04-29,2026-07-04,2,5,0,,Reporting is too rigid; we ended up exporting to spreadsheets anyway. Renewal is unlikely.
C05043,Crescent Labs Co,Fintech,EMEA,Starter,15,438.95,2024-08-25,2026-07-09,0,7,1,Switched to competitor,"Does what it says, nothing spectacular. Overall it is fine."
C05044,Redwood Foods GmbH,Retail,NA,Starter,3,86.46,2023-08-10,2026-02-19,6,4,1,Too expensive,The price per seat is hard to justify for a team our size.
C05045,Cobalt Digital,Fintech,EMEA,Growth,34,1751.34,2024-05-10,2026-08-25,2,6,0,,SSO setup with Okta took three support tickets to get working.
C05046,Northwind Retail,Logistics,APAC,Enterprise,167,13968.82,2025-12-31,2026-08-27,0,8,0,,Feature set is competitive but not best in class.
C05047,Foxglove Foods,Fintech,APAC,Starter,12,326.65,2026-06-10,2026-08-30,2,7,0,,Costs are acceptable for what we use today.
C05048,Sable Studio Co,Media,NA,Enterprise,209,18835.18,2025-02-24,2026-07-09,1,7,0,,"One outage this quarter, communicated well."
C05049,Silverlake Systems Co,SaaS,NA,Starter,8,229.61,2026-01-09,2026-03-05,2,7,1,Missing features,Feature set is competitive but not best in class.
C05050,Harbor Studio Ltd,Logistics,NA,Starter,6,159.64,2025-10-31,2026-08-29,2,8,0,,Useful tool; the roadmap looks promising.
C05051,Zenith Logistics Inc,Fintech,NA,Growth,31,1686.92,2024-06-25,2026-01-29,1,8,1,Low usage / no longer needed,The API works but the docs could be clearer.
C05052,Cobalt Partners,Retail,NA,Starter,12,360.46,2026-02-07,2026-08-29,3,3,0,,Performance degraded badly as our dataset grew. Frustrating overall.
C05053,Ironclad Analytics GmbH,Healthcare,APAC,Growth,19,1128.9,2023-04-07,2026-05-06,5,2,1,Too expensive,Pricing jumped at renewal and nobody warned us. We are evaluating alternatives.
C05054,Evergreen Capital LLC,SaaS,NA,Starter,8,223.52,2025-10-22,2026-08-01,3,6,0,,Frequent logouts and stale sessions made it unusable for the field team. Frustrating overall.
C05055,Keystone Retail,Manufacturing,NA,Growth,40,2135.26,2025-01-11,2026-08-28,1,7,0,,The tutorials are helpful; the data import could be smoother. Happy enough to stay for now.
C05056,Tidewater Health LLC,Fintech,EMEA,Starter,7,200.67,2025-01-21,2026-07-25,2,7,1,Poor support experience,"Support is okay, sometimes quick, sometimes slow."
C05057,Ember Partners GmbH,Healthcare,NA,Enterprise,73,6602.91,2026-04-08,2026-08-17,0,6,0,,We had three outages in one month during peak hours. Would not recommend at this point.
C05058,Brightline Retail,Healthcare,NA,Enterprise,284,22694.53,2023-12-07,2026-07-15,1,8,0,,The API works but the docs could be clearer.
C05059,Bluepeak Studio,Healthcare,LATAM,Starter,4,115.69,2023-09-10,2026-08-15,2,7,0,,It does the job; adoption is growing slowly. We will see how the next release goes.
C05060,Bluepeak Media,SaaS,NA,Starter,4,109.81,2025-04-22,2026-05-04,3,5,1,Onboarding too complex,Honestly we barely used it; it never became part of our workflow.
C05061,Bluepeak Group,SaaS,NA,Enterprise,140,12228.23,2025-08-04,2026-08-20,0,9,0,,Budget approval was easy because the ROI is obvious.
C05062,Keystone Health Inc,SaaS,EMEA,Starter,11,332.67,2023-01-07,2026-08-12,4,8,0,,We like the dashboards but want more automation.
C05063,Pioneer Studio,Fintech,NA,Growth,15,849.49,2024-09-29,2026-08-12,1,7,0,,The mobile app lags behind the web app. Some room for improvement.
C05064,Oakridge Robotics Co,SaaS,NA,Growth,31,1652.21,2024-04-26,2026-08-12,0,5,0,,Pricing jumped at renewal and nobody warned us. Would not recommend at this point.
C05065,Meridian Systems,Logistics,NA,Enterprise,217,17951.58,2025-11-11,2026-08-13,1,9,0,,Automation rules removed a ton of manual work. Keep up the great work.
C05066,Ironclad Systems,Retail,NA,Starter,4,115.85,2025-12-30,2026-07-10,7,2,1,Company downsized,Overage charges were a nasty surprise on the invoice.
C05067,Windmill Logistics,Healthcare,APAC,Starter,2,58.6,2023-06-27,2026-05-10,4,4,1,Poor support experience,Chat support only sends links to docs we have already read.
C05068,Harbor Health Inc,Fintech,NA,Starter,4,118.15,2025-01-10,2026-08-21,2,6,0,,Zapier is the only integration path and it is flaky. We are evaluating alternatives.
C05069,Nimbus Systems GmbH,Fintech,NA,Starter,6,177.06,2025-07-10,2026-07-22,1,6,1,Reliability issues,Data was missing for two days and nobody told us why.
C05070,Ironclad Works Ltd,Retail,NA,Starter,5,154.01,2023-11-29,2026-06-09,2,7,0,,Would love a two-way calendar sync.
C05071,Beacon Systems Co,Fintech,LATAM,Enterprise,309,26065.13,2026-04-06,2026-08-26,0,8,0,,Would prefer usage-based pricing over per-seat.
C05072,Northwind Logistics Co,Fintech,NA,Starter,12,329.87,2026-02-12,2026-08-30,1,7,0,,Would like faster responses on weekends. Happy enough to stay for now.
C05073,Northwind Capital Co,Retail,APAC,Starter,6,162.8,2023-08-08,2026-04-01,1,7,1,Company downsized,Pricing is fair but the Growth tier is a big jump from Starter.
C05074,Zenith Robotics Co,Retail,NA,Starter,11,339.87,2023-01-20,2026-08-12,0,8,0,,Support quality varies a lot depending on who picks up the ticket. We will see how the next release goes.
C05075,Frontier Robotics GmbH,Logistics,LATAM,Starter,7,207.14,2025-01-07,2026-08-13,3,8,0,,"Solid basics, some rough edges in the admin console."
C05076,Tidewater Analytics Ltd,Fintech,NA,Growth,24,1427.69,2026-01-31,2026-08-26,1,8,0,,"Decent value, though we keep an eye on seat costs. Happy enough to stay for now."
C05077,Mosaic Analytics,Retail,NA,Starter,6,177.13,2025-05-20,2026-08-23,3,5,0,,The roadmap items we were promised never shipped. Frustrating overall.
C05078,Tidewater Retail,SaaS,EMEA,Growth,66,3644.64,2025-08-27,2026-08-28,2,7,0,,"Our account manager is responsive, tier-1 support less so. Overall it is fine."
C05079,Solstice Robotics Co,Fintech,NA,Enterprise,233,19946.69,2025-07-07,2026-08-22,1,8,0,,Onboarding was fine but could use more templates.
C05080,Orbit Dynamics GmbH,Education,APAC,Starter,4,114.27,2023-07-06,2026-08-30,1,8,0,,We like the dashboards but want more automation.
C05081,Quantum Partners,SaaS,EMEA,Growth,28,1721.73,2023-03-27,2026-08-29,1,7,0,,"The annual discount helped, monthly pricing feels steep. Some room for improvement."
C05082,Meridian Labs,Healthcare,EMEA,Starter,4,113.56,2023-03-22,2026-08-26,2,6,0,,The support team is friendly but never actually fixes anything. It has been a disappointing year.
C05083,Cobalt Labs,Retail,NA,Starter,10,279.52,2026-06-09,2026-08-16,1,6,0,,Zapier is the only integration path and it is flaky. Would not recommend at this point.
C05084,Riverbend Capital,SaaS,EMEA,Enterprise,192,15064.05,2026-04-28,2026-08-14,0,8,0,,Pricing is fair but the Growth tier is a big jump from Starter. Overall it is fine.
C05085,Mosaic Studio,Logistics,NA,Enterprise,159,13252.62,2025-11-29,2026-08-14,3,5,0,,Pricing jumped at renewal and nobody warned us. It has been a disappointing year.
C05086,Orbit Learning Inc,Retail,LATAM,Starter,9,274.23,2023-03-27,2026-07-08,1,8,0,,Covers our core needs; advanced reporting is limited. We will see how the next release goes.
C05087,Halcyon Networks,Manufacturing,EMEA,Growth,34,1831.45,2026-02-07,2026-08-29,0,7,0,,The tutorials are helpful; the data import could be smoother.
C05088,Keystone Networks Ltd,Retail,EMEA,Starter,6,164.41,2026-05-27,2026-08-26,4,7,0,,The help center is good; live support is average. Some room for improvement.
C05089,Foxglove Studio,Logistics,APAC,Growth,29,1730.49,2025-09-28,2026-08-20,1,8,0,,"Does what it says, nothing spectacular."
C05090,Summit Health Inc,Fintech,EMEA,Growth,20,1149.27,2024-06-20,2026-08-14,2,5,0,,We pay for features we never use; the plan tiers make no sense. Frustrating overall.
C05091,Oakridge Analytics Ltd,Retail,EMEA,Starter,11,338.76,2023-04-29,2026-03-14,6,4,1,Onboarding too complex,Onboarding was confusing and we never really got set up properly.
C05092,Riverbend Capital,Manufacturing,NA,Enterprise,81,7778.23,2024-03-27,2026-08-19,0,9,0,,The mobile app is snappy and dependable.
C05093,Windmill Media Ltd,Fintech,EMEA,Growth,28,1568.02,2023-09-18,2026-08-28,0,10,0,,Pricing is transparent and scales sensibly with our team. Keep up the great work.
C05094,Zenith Health LLC,Retail,NA,Starter,10,287.98,2025-04-09,2026-08-25,4,7,0,,It does the job; adoption is growing slowly.
C05095,Sable Partners,Logistics,NA,Enterprise,377,30766.12,2026-01-31,2026-08-17,1,9,0,,Budget approval was easy because the ROI is obvious.
C05096,Crescent Capital Ltd,Healthcare,APAC,Growth,50,2616.15,2024-09-24,2026-08-25,0,8,0,,"Decent value, though we keep an eye on seat costs. We will see how the next release goes."
C05097,Halcyon Systems Co,Education,NA,Starter,3,86.81,2023-03-03,2026-08-16,4,4,0,,Performance degraded badly as our dataset grew. It has been a disappointing year.
C05098,Harbor Logistics GmbH,Education,EMEA,Growth,40,2266.63,2024-05-12,2026-08-23,0,10,0,,"Support is outstanding, replies within the hour. Highly recommended."
C05099,Mosaic Retail LLC,Manufacturing,NA,Enterprise,233,19542.87,2025-10-17,2026-08-11,2,7,0,,Would love a two-way calendar sync. We will see how the next release goes.
C05100,Atlas Networks,Media,NA,Enterprise,246,20273.51,2025-03-27,2026-08-28,1,9,0,,The support team clearly knows the product inside out.
C05101,Aurora Foods,Healthcare,APAC,Starter,7,185.09,2023-02-22,2026-08-27,1,9,0,,Easily worth the seat cost given the time saved.
C05102,Solstice Software Co,Fintech,NA,Growth,32,1709.08,2024-03-22,2026-08-18,2,6,0,,The roadmap items we were promised never shipped. We are evaluating alternatives.
C05103,Halcyon Group,SaaS,EMEA,Enterprise,187,16083.38,2024-03-25,2026-08-11,0,8,0,,Reports are a bit slow at month end.
C05104,Pioneer Logistics LLC,Healthcare,EMEA,Enterprise,169,13457.98,2023-02-13,2026-06-19,1,7,0,,"The Slack integration is handy, the HubSpot one is limited."
C05105,Bluepeak Logistics Co,Manufacturing,APAC,Starter,9,274.39,2024-03-22,2026-06-09,1,8,1,Low usage / no longer needed,Documentation is solid but a guided setup call would have helped.
C05106,Pioneer Software,Retail,NA,Growth,53,2840.22,2025-11-18,2026-07-25,1,8,0,,Integrations cover the basics; we still miss a native Jira connector. Overall it is fine.
C05107,Crescent Digital,SaaS,APAC,Enterprise,81,7515.46,2023-06-15,2026-08-14,0,6,0,,Adoption stalled because the learning curve is steep.
C05108,Evergreen Retail LLC,Fintech,EMEA,Starter,10,285.37,2024-10-18,2026-08-16,0,8,0,,Integrations cover the basics; we still miss a native Jira connector. Some room for improvement.
C05109,Juniper Robotics,Retail,NA,Starter,3,82.91,2025-04-17,2026-07-28,1,5,1,Low usage / no longer needed,Honestly we barely used it; it never became part of our workflow.
C05110,Mosaic Learning,Media,NA,Growth,10,600.39,2025-05-26,2026-08-24,0,9,0,,The support team clearly knows the product inside out.
C05111,Lumen Media Ltd,SaaS,NA,Growth,53,2838.55,2024-02-25,2026-06-03,2,8,1,Switched to competitor,"Solid basics, some rough edges in the admin console. Some room for improvement."
C05112,Oakridge Works Ltd,Healthcare,EMEA,Growth,16,912.54,2025-01-03,2026-06-27,1,7,0,,We are still ramping up usage across the team.
C05113,Ironclad Foods GmbH,Manufacturing,NA,Starter,4,104.97,2025-07-11,2026-08-25,3,6,0,,The support team is friendly but never actually fixes anything. Would not recommend at this point.
C05114,Juniper Logistics GmbH,Logistics,NA,Growth,57,3290.56,2025-02-22,2026-08-23,2,5,0,,Missing basic features like bulk edit and custom roles. We are evaluating alternatives.
C05115,Sable Logistics,SaaS,EMEA,Starter,5,145.04,2025-12-05,2026-08-29,5,5,0,,Data was missing for two days and nobody told us why.
C05116,Foxglove Works,Logistics,EMEA,Enterprise,119,10457.09,2023-10-07,2026-08-12,0,10,0,,Great templates got us started immediately. We plan to add more seats next quarter.
C05117,Juniper Analytics LLC,Healthcare,NA,Starter,4,118.88,2023-05-18,2026-08-28,3,7,0,,It does the job; adoption is growing slowly.
C05118,Harbor Group Co,Manufacturing,NA,Starter,3,90.85,2026-04-07,2026-08-21,2,8,0,,Integrations cover the basics; we still miss a native Jira connector.
C05119,Brightline Studio,SaaS,NA,Enterprise,183,15051.95,2025-07-25,2026-08-22,1,7,0,,It does the job; adoption is growing slowly.
C05120,Frontier Software Co,Retail,EMEA,Growth,65,3370.75,2024-07-25,2026-08-12,0,6,0,,Honestly we barely used it; it never became part of our workflow. Frustrating overall.
C05121,Vertex Labs,Healthcare,APAC,Starter,7,209.19,2024-12-29,2026-08-21,4,6,0,,The per-seat model punishes us every time we onboard a contractor. Renewal is unlikely.
C05122,Atlas Retail,Fintech,EMEA,Starter,6,174.91,2026-03-20,2026-04-06,1,9,1,Low usage / no longer needed,"No major issues, some minor bugs here and there."
C05123,Summit Learning Inc,Retail,EMEA,Growth,53,2853.86,2026-01-11,2026-02-26,2,5,1,Low usage / no longer needed,The price per seat is hard to justify for a team our size.
C05124,Keystone Logistics Co,Healthcare,NA,Enterprise,136,11784.4,2025-10-26,2026-08-15,4,4,0,,Frequent logouts and stale sessions made it unusable for the field team.
C05125,Quantum Studio GmbH,Healthcare,LATAM,Starter,4,117.43,2025-01-23,2026-08-23,1,6,0,,The support team is friendly but never actually fixes anything.
C05126,Aurora Labs,SaaS,NA,Enterprise,80,7553.85,2025-07-07,2026-08-17,1,8,0,,"The annual discount helped, monthly pricing feels steep."
C05127,Meridian Group Inc,Retail,NA,Starter,7,194.7,2025-01-10,2026-08-13,5,6,0,,We outgrew the product; it is fine for small teams but not for us.
C05128,Sable Labs,SaaS,NA,Growth,12,735.69,2024-08-10,2026-08-17,5,6,0,,Response times got noticeably worse over the last quarter.
C05129,Harbor Robotics,Logistics,NA,Starter,3,86.98,2025-05-09,2026-04-06,4,4,1,Poor support experience,Dashboards time out constantly when we filter more than a few weeks.
C05130,Ironclad Health,Logistics,APAC,Starter,5,151.29,2023-01-29,2026-02-01,2,5,1,Integration gaps,Zapier is the only integration path and it is flaky.
C05131,Mosaic Partners,Fintech,NA,Enterprise,218,19055.19,2025-11-20,2026-08-21,1,8,0,,We are still ramping up usage across the team.
C05132,Atlas Group,SaaS,NA,Starter,9,268.16,2024-02-07,2026-08-29,4,6,0,,Escalations go nowhere; we had to chase our account manager repeatedly. It has been a disappointing year.
C05133,Summit Works,SaaS,NA,Enterprise,194,16252.53,2024-11-26,2026-08-28,2,7,0,,"No major issues, some minor bugs here and there. We will see how the next release goes."
C05134,Frontier Supply,Retail,LATAM,Starter,11,328.05,2025-04-28,2026-04-13,7,3,1,Reliability issues,Exports randomly fail with no error message.
C05135,Falcon Works,Media,APAC,Starter,4,121.15,2024-02-23,2026-08-26,5,3,0,,Frequent logouts and stale sessions made it unusable for the field team. We are evaluating alternatives.
C05136,Granite Logistics,Retail,LATAM,Enterprise,182,15686.99,2024-02-26,2026-08-15,4,7,0,,The mobile app lags behind the web app.
C05137,Aurora Networks GmbH,SaaS,APAC,Growth,36,1991.33,2023-08-14,2026-08-08,2,7,0,,Would prefer usage-based pricing over per-seat. Overall it is fine.
C05138,Mosaic Supply,SaaS,APAC,Starter,10,298.26,2023-05-07,2026-08-29,2,7,0,,Covers our core needs; advanced reporting is limited. Some room for improvement.
C05139,Harbor Health,Fintech,EMEA,Growth,53,2846.96,2026-01-29,2026-08-22,1,7,0,,It does the job; adoption is growing slowly. Happy enough to stay for now.
C05140,Atlas Foods Ltd,Media,NA,Starter,11,338.32,2024-10-22,2026-02-12,8,2,1,Too expensive,It took weeks to import our data and the docs were out of date.
C05141,Zenith Health Ltd,Healthcare,NA,Enterprise,306,24017.62,2025-05-16,2026-08-26,2,8,0,,"Our account manager is responsive, tier-1 support less so. Overall it is fine."
C05142,Zenith Logistics LLC,Healthcare,NA,Starter,7,203.28,2023-07-17,2026-08-26,0,9,0,,Easily worth the seat cost given the time saved.
C05143,Silverlake Foods,Fintech,EMEA,Growth,36,1943.24,2025-12-24,2026-03-20,4,5,1,Missing features,Reporting is too rigid; we ended up exporting to spreadsheets anyway.
C05144,Orbit Studio Ltd,Logistics,NA,Starter,13,367.34,2024-01-26,2026-08-10,1,9,0,,It became part of our daily workflow almost immediately. Would buy again without hesitation.
C05145,Windmill Logistics LLC,Fintech,NA,Growth,28,1672.17,2024-08-10,2026-08-16,2,5,0,,Exports randomly fail with no error message.
C05146,Foxglove Media Ltd,Media,EMEA,Enterprise,235,18884.99,2024-10-02,2026-06-25,0,8,0,,Good enough integration options for our stack.
C05147,Riverbend Robotics,Media,NA,Enterprise,47,4699.77,2025-08-07,2026-08-14,0,7,0,,Onboarding was fine but could use more templates. Overall it is fine.
C05148,Granite Supply GmbH,Retail,NA,Starter,4,109.73,2023-05-29,2026-07-22,4,6,1,Budget cuts,No phone support and email replies take forever.
C05149,Frontier Logistics Co,Media,NA,Starter,3,83.69,2026-03-03,2026-07-02,2,9,1,Missing features,Automation rules removed a ton of manual work.
C05150,Meridian Media Ltd,Fintech,EMEA,Starter,10,277.87,2023-05-24,2026-08-18,4,7,0,,We are still ramping up usage across the team.
C05151,Quantum Digital,Education,NA,Enterprise,296,25106.17,2025-03-24,2026-08-22,0,8,0,,Integrations cover the basics; we still miss a native Jira connector. Some room for improvement.
C05152,Bluepeak Capital,SaaS,NA,Starter,6,181.06,2023-09-26,2026-08-22,1,6,0,,"No audit log, which our compliance team requires. Renewal is unlikely."
C05153,Crescent Foods Co,Retail,NA,Growth,33,1848.81,2026-03-24,2026-08-20,4,7,0,,"Mostly stable, with the occasional slow dashboard. We will see how the next release goes."
C05154,Zenith Labs Inc,SaaS,APAC,Starter,5,153.54,2025-01-25,2026-08-26,3,6,0,,Escalations go nowhere; we had to chase our account manager repeatedly. We are evaluating alternatives.
C05155,Zenith Digital,SaaS,NA,Enterprise,199,16191.72,2026-04-21,2026-08-12,0,8,0,,"Most of the team uses it weekly, a few power users daily."
C05156,Crescent Group Co,SaaS,NA,Growth,17,1029.43,2026-04-05,2026-08-26,0,8,0,,Documentation is solid but a guided setup call would have helped. Some room for improvement.
C05157,Tidewater Foods Co,Fintech,APAC,Growth,34,1842.93,2023-12-08,2026-08-12,3,4,0,,The mobile app crashes whenever we open a large report. Renewal is unlikely.
C05158,Aurora Works Inc,Healthcare,APAC,Enterprise,209,17747.8,2023-11-02,2026-08-27,4,3,0,,Response times got noticeably worse over the last quarter.
C05159,Cascade Dynamics Inc,Retail,NA,Enterprise,361,31725.34,2023-05-24,2026-08-27,2,8,0,,Setup for SSO was fiddly but works now.
C05160,Quantum Digital,Fintech,NA,Growth,13,715.08,2025-07-07,2026-06-28,1,9,0,,Dashboards load instantly even on huge datasets.
C05161,Silverlake Works Ltd,Logistics,NA,Growth,41,2428.83,2023-02-01,2026-08-19,2,9,0,,The mobile app is snappy and dependable.
C05162,Lumen Group,Logistics,EMEA,Growth,30,1759.72,2023-08-30,2026-05-23,1,4,1,Switched to competitor,The mobile app crashes whenever we open a large report. It has been a disappointing year.
C05163,Northwind Capital,SaaS,NA,Starter,3,81.41,2026-03-05,2026-08-22,4,6,0,,We outgrew the product; it is fine for small teams but not for us.
C05164,Riverbend Group,Retail,LATAM,Starter,3,84.59,2025-03-21,2026-01-17,5,4,1,Integration gaps,SSO setup with Okta took three support tickets to get working. It has been a disappointing year.
C05165,Atlas Systems,Education,APAC,Growth,22,1303.31,2024-07-29,2026-08-16,1,9,0,,The support team clearly knows the product inside out. Highly recommended.
C05166,Oakridge Labs,Manufacturing,EMEA,Growth,12,688.37,2023-06-25,2026-03-04,5,4,1,Budget cuts,Our budget was cut and the platform was the first thing to go.
C05167,Foxglove Networks,Retail,NA,Starter,3,79.87,2025-12-14,2026-04-24,6,1,1,Integration gaps,Webhook payloads changed without notice and broke our pipeline.
C05168,Frontier Labs Co,Manufacturing,APAC,Starter,4,116.45,2025-12-14,2026-03-19,4,5,1,Onboarding too complex,The setup wizard failed twice and we gave up on the advanced features. We are evaluating alternatives.
C05169,Brightline Learning,SaaS,EMEA,Growth,62,3303.73,2023-02-28,2026-08-14,3,6,0,,No phone support and email replies take forever. Would not recommend at this point.
C05170,Bluepeak Studio Ltd,Fintech,APAC,Starter,13,386.82,2025-08-05,2026-08-16,2,7,0,,Would like more flexible billing for seasonal staff.
C05171,Frontier Logistics LLC,Education,NA,Growth,37,1943.43,2024-02-24,2026-08-27,4,4,0,,Data was missing for two days and nobody told us why. Frustrating overall.
C05172,Beacon Networks,Healthcare,EMEA,Growth,42,2513.01,2025-05-18,2026-07-15,0,10,0,,Every ticket we raised was resolved the same day.
C05173,Falcon Dynamics,Media,APAC,Starter,4,118.38,2024-01-12,2026-08-31,0,8,0,,We are on the fence at renewal because of the price increase.
C05174,Northwind Works,SaaS,LATAM,Starter,10,292.28,2023-01-19,2026-06-18,1,9,0,,The platform is fast and stable; no complaints.
C05175,Silverlake Analytics,SaaS,EMEA,Starter,2,59.45,2025-08-20,2026-08-25,0,8,0,,Reports are a bit slow at month end.
C05176,Sable Retail,SaaS,EMEA,Starter,5,134.44,2025-12-03,2026-08-13,2,8,0,,The help center is good; live support is average.
C05177,Meridian Health,SaaS,NA,Growth,50,2688.96,2025-05-22,2026-04-11,3,6,1,Company downsized,We pay for features we never use; the plan tiers make no sense.
C05178,Mosaic Retail Ltd,SaaS,EMEA,Growth,41,2410.12,2023-07-12,2026-08-29,0,8,0,,"Reliable overall, exports could be faster."
C05179,Lumen Studio Ltd,Retail,LATAM,Enterprise,103,8556.46,2024-07-28,2026-08-16,2,8,0,,Useful tool; the roadmap looks promising.
C05180,Atlas Foods GmbH,Healthcare,EMEA,Starter,11,318.2,2024-11-11,2026-08-22,2,9,0,,Powerful yet simple; it grows with us. Would buy again without hesitation.
C05181,Aurora Works Ltd,Education,NA,Growth,30,1736.97,2025-10-09,2026-07-29,0,10,0,,Support even helped us design our dashboards.
C05182,Meridian Digital GmbH,Retail,NA,Starter,4,122.8,2025-09-18,2026-06-23,3,7,0,,Reports are a bit slow at month end.
C05183,Juniper Systems Co,SaaS,EMEA,Enterprise,235,19581.74,2026-02-07,2026-08-13,0,6,0,,Honestly we barely used it; it never became part of our workflow.
C05184,Mosaic Software Ltd,Education,APAC,Starter,4,110.19,2025-03-17,2026-06-15,3,6,1,Switched to competitor,Missing basic features like bulk edit and custom roles. Would not recommend at this point.
C05185,Lumen Software Inc,SaaS,NA,Growth,41,2481.73,2026-04-14,2026-08-23,3,6,0,,Overage charges were a nasty surprise on the invoice.
C05186,Cobalt Robotics Inc,Media,NA,Growth,24,1338.12,2025-11-11,2026-03-20,6,4,1,Low usage / no longer needed,Onboarding was confusing and we never really got set up properly.
C05187,Granite Robotics GmbH,SaaS,LATAM,Starter,10,288.87,2023-09-13,2026-08-16,1,7,0,,"Our account manager is responsive, tier-1 support less so."
C05188,Orbit Dynamics Co,Healthcare,EMEA,Enterprise,146,11872.21,2025-06-23,2026-08-26,5,5,0,,Escalations go nowhere; we had to chase our account manager repeatedly. Would not recommend at this point.
C05189,Windmill Networks Inc,Media,NA,Starter,3,84.56,2023-04-19,2026-08-22,2,5,0,,Too expensive compared with the alternatives we evaluated. Renewal is unlikely.
C05190,Redwood Learning Ltd,Healthcare,NA,Starter,2,55.54,2025-08-22,2026-06-23,2,8,1,Switched to competitor,"Solid basics, some rough edges in the admin console."
C05191,Beacon Capital Co,Healthcare,NA,Growth,37,1986.34,2023-10-10,2026-08-26,6,5,0,,Response times got noticeably worse over the last quarter.
C05192,Silverlake Software,Education,NA,Growth,22,1349.09,2024-01-17,2026-06-03,3,4,0,,Zapier is the only integration path and it is flaky.
C05193,Quantum Foods,SaaS,EMEA,Starter,13,348.32,2025-01-02,2026-08-26,2,9,0,,The Salesforce and Slack integrations work flawlessly. Highly recommended.
C05194,Foxglove Media Co,Education,EMEA,Starter,5,152.31,2024-04-28,2026-08-12,3,4,0,,The forecasting module is too simplistic for our use case.
C05195,Northwind Software Ltd,Media,EMEA,Starter,8,242.1,2025-04-06,2026-08-18,1,7,0,,"Good product, waiting on the custom fields feature."
C05196,Mosaic Foods,Logistics,EMEA,Enterprise,77,7233.75,2024-10-01,2026-08-11,0,7,0,,"Fine for simple questions, weaker on technical issues. Some room for improvement."
C05197,Sable Partners GmbH,Retail,NA,Growth,61,3363.96,2025-03-22,2026-07-28,0,7,1,Company downsized,Would like more flexible billing for seasonal staff. Overall it is fine.
C05198,Lumen Systems,Fintech,NA,Starter,3,87.96,2025-01-17,2026-08-13,3,5,0,,Frequent logouts and stale sessions made it unusable for the field team. Would not recommend at this point.
C05199,Stellar Studio GmbH,Manufacturing,NA,Starter,4,122.6,2023-09-20,2026-07-22,1,7,1,Onboarding too complex,We are still ramping up usage across the team.
C05200,Oakridge Health,Healthcare,NA,Enterprise,186,14558.91,2025-06-01,2026-08-21,0,8,0,,Good enough integration options for our stack.
C05201,Quantum Dynamics Co,Fintech,EMEA,Enterprise,146,12643.32,2026-05-08,2026-07-01,3,5,1,Reliability issues,We opened four tickets for the same bug and got four different answers.
C05202,Halcyon Labs Inc,SaaS,NA,Starter,6,168.81,2024-12-09,2026-05-21,4,5,1,Onboarding too complex,Honestly we barely used it; it never became part of our workflow. Would not recommend at this point.
C05203,Oakridge Analytics,SaaS,EMEA,Growth,35,1983.88,2025-02-13,2026-08-22,1,10,0,,Feature releases ship every month and they listen to feedback.
C05204,Northwind Partners,Retail,NA,Starter,8,226.31,2025-06-25,2026-08-22,1,10,0,,Best customer success team we have worked with.
C05205,Granite Studio,SaaS,NA,Starter,5,149.1,2023-04-18,2026-07-09,2,5,0,,Onboarding was confusing and we never really got set up properly.
C05206,Copperfield Networks Ltd,SaaS,NA,Enterprise,47,4059.26,2023-07-12,2026-08-11,0,8,0,,Would like faster responses on weekends. Some room for improvement.
C05207,Zenith Learning Ltd,SaaS,EMEA,Enterprise,202,15847.47,2024-12-13,2026-08-27,2,5,0,,The forecasting module is too simplistic for our use case. It has been a disappointing year.
C05208,Frontier Group,Logistics,EMEA,Starter,11,317.56,2024-05-18,2026-08-19,4,5,0,,Exports randomly fail with no error message. We are evaluating alternatives.
C05209,Evergreen Analytics GmbH,SaaS,APAC,Enterprise,153,13614.25,2025-06-01,2026-08-21,0,9,0,,Uptime has been perfect for as long as we have used it.
C05210,Ironclad Health GmbH,SaaS,NA,Growth,23,1386.11,2026-03-11,2026-06-11,0,8,0,,"Our account manager is responsive, tier-1 support less so."
C05211,Lumen Capital,Retail,EMEA,Growth,41,2297.28,2025-09-25,2026-08-22,5,5,0,,We opened four tickets for the same bug and got four different answers.
C05212,Pioneer Retail GmbH,Fintech,APAC,Growth,18,1098.54,2023-10-04,2026-08-30,1,9,0,,Reliable exports and fast reports every time.
C05213,Aurora Partners GmbH,Logistics,NA,Growth,31,1673.96,2024-01-28,2026-08-15,3,4,0,,No phone support and email replies take forever.
C05214,Quantum Software,Logistics,NA,Enterprise,185,15948.07,2023-07-03,2026-06-18,1,6,0,,The per-seat model punishes us every time we onboard a contractor. We are evaluating alternatives.
C05215,Mosaic Dynamics Inc,Retail,NA,Starter,9,254.95,2023-05-05,2026-08-12,3,7,0,,"Good product, waiting on the custom fields feature. Some room for improvement."
C05216,Frontier Networks,Retail,NA,Growth,56,3034.12,2025-08-08,2026-08-21,0,10,0,,SSO and SCIM provisioning worked out of the box.
C05217,Ironclad Retail GmbH,Retail,APAC,Starter,7,201.46,2025-06-02,2026-04-25,3,7,1,Integration gaps,Costs are acceptable for what we use today. We will see how the next release goes.
C05218,Pioneer Health,SaaS,NA,Enterprise,61,5493.72,2023-09-06,2026-08-19,1,7,0,,The tutorials are helpful; the data import could be smoother.
C05219,Aurora Supply Ltd,Fintech,EMEA,Starter,6,173.54,2025-06-18,2026-07-04,5,3,1,Poor support experience,Escalations go nowhere; we had to chase our account manager repeatedly. It has been a disappointing year.
C05220,Halcyon Supply,SaaS,APAC,Starter,7,200.93,2024-08-06,2026-07-19,2,7,1,Too expensive,Good enough integration options for our stack.
C05221,Harbor Supply GmbH,SaaS,NA,Growth,49,2612.52,2026-01-22,2026-08-20,4,4,0,,The mobile app crashes whenever we open a large report.
C05222,Juniper Retail,Healthcare,EMEA,Starter,9,259.53,2025-06-27,2026-08-30,2,6,0,,Support tickets sit for days before anyone replies. Frustrating overall.
C05223,Lumen Networks GmbH,SaaS,NA,Starter,3,87.54,2023-12-12,2026-07-21,1,5,1,Low usage / no longer needed,Honestly we barely used it; it never became part of our workflow.
C05224,Aurora Networks Co,SaaS,EMEA,Starter,10,277.24,2024-09-10,2026-08-31,2,7,0,,Feature set is competitive but not best in class.
C05225,Granite Analytics,Retail,NA,Growth,45,2510.38,2023-10-25,2026-08-21,1,9,0,,We expanded to two more teams because it works so well. We plan to add more seats next quarter.
C05226,Riverbend Media,Retail,NA,Starter,6,170.56,2026-02-24,2026-02-25,3,5,1,Too expensive,Overage charges were a nasty surprise on the invoice. Renewal is unlikely.
C05227,Windmill Foods Ltd,SaaS,NA,Starter,12,350.76,2024-10-18,2026-08-19,0,9,0,,Dashboards load instantly even on huge datasets.
C05228,Nimbus Studio,SaaS,EMEA,Growth,33,1762.52,2026-01-25,2026-08-27,2,8,0,,"Setup took longer than expected, mostly on our side. Overall it is fine."
C05229,Frontier Partners GmbH,SaaS,EMEA,Enterprise,177,15520.42,2024-10-14,2026-08-31,3,4,0,,Support tickets sit for days before anyone replies. Renewal is unlikely.
C05230,Keystone Supply Co,Fintech,EMEA,Growth,32,1822.99,2024-10-03,2026-08-29,5,5,0,,It took weeks to import our data and the docs were out of date. Renewal is unlikely.
C05231,Quantum Labs Inc,Manufacturing,NA,Starter,12,333.39,2023-08-24,2026-07-14,1,8,0,,Documentation is solid but a guided setup call would have helped. Happy enough to stay for now.
C05232,Frontier Robotics Inc,Logistics,LATAM,Enterprise,196,16839.76,2026-05-11,2026-08-12,1,4,0,,We pay for features we never use; the plan tiers make no sense. Frustrating overall.
C05233,Harbor Health Ltd,Retail,NA,Enterprise,194,17269.52,2025-05-08,2026-07-18,1,9,0,,The HubSpot sync saved us hours every week.
C05234,Nimbus Supply,Retail,APAC,Growth,11,624.39,2024-01-08,2026-07-24,2,6,1,Company downsized,Pricing jumped at renewal and nobody warned us.
C05235,Tidewater Labs Ltd,Education,EMEA,Growth,39,2065.55,2025-12-07,2026-06-02,4,2,1,Poor support experience,The support team is friendly but never actually fixes anything.
C05236,Vertex Foods,Healthcare,EMEA,Starter,2,59.71,2023-10-26,2026-08-14,1,8,0,,It does the job; adoption is growing slowly.
C05237,Silverlake Digital Inc,SaaS,NA,Growth,38,1976.04,2023-05-04,2026-08-19,1,7,0,,Would like faster responses on weekends. Overall it is fine.
C05238,Ember Learning GmbH,SaaS,APAC,Growth,10,571.65,2025-05-05,2026-08-12,1,8,0,,The mobile app lags behind the web app. Overall it is fine.
C05239,Frontier Media,Retail,EMEA,Starter,5,139.11,2025-08-12,2026-06-17,7,1,1,Too expensive,Our budget was cut and the platform was the first thing to go.
C05240,Frontier Systems,Healthcare,NA,Starter,6,179.2,2024-12-31,2026-08-27,0,7,0,,The tutorials are helpful; the data import could be smoother. Overall it is fine.
C05241,Lumen Health LLC,SaaS,APAC,Starter,7,197.38,2025-06-29,2026-08-19,2,5,0,,Exports randomly fail with no error message.
C05242,Evergreen Group,Fintech,NA,Growth,20,1166.57,2023-11-17,2026-04-23,1,7,1,Integration gaps,Good enough integration options for our stack. Overall it is fine.
C05243,Stellar Logistics,Fintech,EMEA,Starter,10,281.32,2023-12-21,2026-04-28,7,0,1,Poor support experience,Escalations go nowhere; we had to chase our account manager repeatedly.
C05244,Meridian Supply,Fintech,EMEA,Growth,12,740.53,2024-04-18,2026-08-31,1,8,0,,"The Slack integration is handy, the HubSpot one is limited."
C05245,Oakridge Health GmbH,Retail,APAC,Growth,24,1367.32,2023-09-22,2026-08-18,4,7,0,,Documentation is solid but a guided setup call would have helped.
C05246,Cobalt Capital Ltd,Education,EMEA,Starter,3,82.1,2023-10-25,2026-08-26,2,8,0,,"Good product, waiting on the custom fields feature."
C05247,Ironclad Group Ltd,Retail,NA,Starter,7,191.25,2023-03-02,2026-08-17,3,7,0,,"Setup took longer than expected, mostly on our side. We will see how the next release goes."
C05248,Beacon Logistics Inc,SaaS,EMEA,Starter,12,357.66,2023-10-30,2026-08-28,2,8,0,,"Solid basics, some rough edges in the admin console."
C05249,Meridian Capital,SaaS,NA,Starter,14,418.44,2024-11-29,2026-08-26,0,5,0,,The Salesforce integration breaks every other week.
C05250,Solstice Media Co,Manufacturing,EMEA,Growth,10,619.47,2024-04-14,2026-08-13,3,6,0,,The API is rate limited so aggressively that our sync jobs fail nightly. Frustrating overall.
C05251,Sable Works,Retail,EMEA,Growth,31,1615.17,2024-07-01,2026-08-19,2,7,0,,"Reliable overall, exports could be faster."
C05252,Frontier Systems LLC,SaaS,APAC,Enterprise,278,23177.34,2026-03-25,2026-08-12,2,5,0,,It took weeks to import our data and the docs were out of date.
C05253,Quantum Retail,Fintech,NA,Enterprise,461,42559.65,2023-01-09,2026-08-16,0,8,0,,"Good product, waiting on the custom fields feature. Happy enough to stay for now."
C05254,Halcyon Supply Ltd,Manufacturing,NA,Starter,2,57.3,2025-12-01,2026-08-22,3,6,0,,We opened four tickets for the same bug and got four different answers. Would not recommend at this point.
C05255,Stellar Learning Ltd,Manufacturing,EMEA,Growth,33,1769.9,2023-02-12,2026-07-06,10,2,1,Integration gaps,"No native Slack or HubSpot connector, so we had to build our own."
C05256,Northwind Retail Co,Media,NA,Growth,32,1754.36,2024-10-15,2026-08-24,1,8,0,,"Our account manager is responsive, tier-1 support less so."
C05257,Halcyon Software,Healthcare,NA,Growth,22,1325.52,2023-06-16,2026-08-22,2,8,0,,We like the dashboards but want more automation. Overall it is fine.
C05258,Frontier Works Co,Retail,NA,Starter,13,384.74,2024-09-01,2026-08-23,1,6,0,,Overage charges were a nasty surprise on the invoice. Frustrating overall.
C05259,Sable Dynamics,Retail,EMEA,Starter,3,84.86,2026-02-15,2026-04-21,8,4,1,Reliability issues,"A competitor offered everything we needed at a lower price, so we switched. Renewal is unlikely."
C05260,Quantum Retail GmbH,SaaS,NA,Growth,35,1875.51,2023-02-10,2026-08-14,2,4,0,,The support team is friendly but never actually fixes anything. Would not recommend at this point.
C05261,Redwood Retail,Education,EMEA,Growth,52,2819.41,2024-10-08,2026-08-27,1,7,0,,The tutorials are helpful; the data import could be smoother.
C05262,Atlas Partners Inc,Healthcare,APAC,Starter,7,197.07,2024-08-12,2026-08-28,1,9,0,,Powerful yet simple; it grows with us.
C05263,Northwind Digital Ltd,SaaS,EMEA,Starter,4,110.27,2024-07-29,2026-02-14,5,4,1,Low usage / no longer needed,Half the team stopped logging in after the first month. We are evaluating alternatives.
C05264,Harbor Analytics GmbH,Media,NA,Growth,26,1644.94,2025-03-06,2026-08-28,3,2,0,,Exports randomly fail with no error message.
C05265,Brightline Studio Ltd,Retail,NA,Growth,26,1509.03,2024-02-21,2026-04-10,6,4,1,Too expensive,It took weeks to import our data and the docs were out of date.
C05266,Evergreen Systems,SaaS,NA,Growth,36,1947.65,2025-09-20,2026-08-26,2,8,0,,"Decent value, though we keep an eye on seat costs. We will see how the next release goes."
C05267,Meridian Dynamics Inc,Fintech,EMEA,Starter,7,200.41,2023-10-31,2026-08-31,1,7,0,,"Setup took longer than expected, mostly on our side."
C05268,Brightline Capital Ltd,Media,EMEA,Starter,2,57.81,2024-03-30,2026-06-17,3,7,1,Reliability issues,Support quality varies a lot depending on who picks up the ticket.
C05269,Foxglove Supply GmbH,Logistics,NA,Growth,23,1380.6,2024-08-20,2026-08-22,2,6,0,,Performance degraded badly as our dataset grew.
C05270,Brightline Digital,Retail,NA,Growth,27,1563.36,2026-03-19,2026-03-20,3,5,1,Low usage / no longer needed,The price per seat is hard to justify for a team our size.
C05271,Silverlake Logistics LLC,Logistics,NA,Starter,4,121.29,2024-11-11,2026-08-28,2,7,0,,Would love a two-way calendar sync.
C05272,Cobalt Learning,Media,NA,Growth,32,1797.83,2025-12-08,2026-08-11,0,6,0,,Missing basic features like bulk edit and custom roles.
C05273,Keystone Learning Ltd,Manufacturing,LATAM,Starter,5,143.89,2023-06-28,2026-06-15,13,0,1,Switched to competitor,Adoption stalled because the learning curve is steep.
C05274,Cascade Software,Media,NA,Growth,29,1665.4,2023-04-15,2026-08-31,2,8,0,,"Mostly stable, with the occasional slow dashboard."
C05275,Orbit Studio,Retail,NA,Starter,11,332.84,2024-10-02,2026-03-13,3,4,1,Company downsized,Too expensive compared with the alternatives we evaluated. Would not recommend at this point.
C05276,Keystone Works Co,Manufacturing,NA,Growth,52,2834.75,2026-02-26,2026-08-24,1,7,0,,The API works but the docs could be clearer. Some room for improvement.
C05277,Falcon Foods,Healthcare,NA,Enterprise,72,6299.51,2023-10-26,2026-08-12,0,8,0,,We sync with our warehouse nightly and it mostly works. We will see how the next release goes.
C05278,Mosaic Media Ltd,Education,NA,Starter,7,211.29,2023-10-12,2026-08-25,0,6,0,,Webhook payloads changed without notice and broke our pipeline.
C05279,Meridian Labs,SaaS,NA,Starter,8,225.26,2023-07-09,2026-08-19,0,6,0,,The price per seat is hard to justify for a team our size.
C05280,Foxglove Logistics,Manufacturing,NA,Starter,8,240.06,2026-03-24,2026-08-31,1,8,0,,"Most of the team uses it weekly, a few power users daily."
C05281,Frontier Capital,Logistics,NA,Starter,5,130.42,2023-04-28,2026-08-19,1,8,0,,Setup for SSO was fiddly but works now.
C05282,Halcyon Foods,Fintech,EMEA,Enterprise,175,14509.09,2025-03-15,2026-08-15,3,4,0,,We opened four tickets for the same bug and got four different answers.
C05283,Juniper Studio,Logistics,EMEA,Enterprise,342,30114.62,2024-04-30,2026-08-16,4,5,0,,We outgrew the product; it is fine for small teams but not for us.
C05284,Beacon Foods GmbH,Retail,NA,Starter,2,58.01,2024-06-09,2026-08-23,7,3,0,,Response times got noticeably worse over the last quarter.
C05285,Harbor Supply,SaaS,APAC,Enterprise,244,21023.85,2025-06-25,2026-08-20,1,6,0,,SSO setup with Okta took three support tickets to get working. Would not recommend at this point.
C05286,Solstice Foods Co,SaaS,NA,Starter,3,83.86,2024-07-10,2026-08-19,0,7,0,,The help center is good; live support is average. Overall it is fine.
C05287,Pioneer Studio Co,Manufacturing,LATAM,Growth,55,3059.82,2023-01-30,2026-08-22,3,4,0,,We had three outages in one month during peak hours. Renewal is unlikely.
C05288,Silverlake Digital,Healthcare,LATAM,Growth,30,1770.27,2024-12-19,2026-08-22,0,9,0,,The mobile app is snappy and dependable. Would buy again without hesitation.
C05289,Lumen Health,Fintech,NA,Starter,6,175.69,2023-02-02,2026-01-21,3,9,1,Integration gaps,"The Slack integration is handy, the HubSpot one is limited. Some room for improvement."
C05290,Falcon Works,Healthcare,NA,Growth,32,1899.07,2025-12-12,2026-07-06,1,7,1,Reliability issues,Reports are a bit slow at month end.
C05291,Ember Learning Co,Fintech,APAC,Growth,67,3868.13,2026-04-21,2026-06-27,1,9,1,Reliability issues,Plays nicely with every tool in our stack.
C05292,Bluepeak Learning LLC,Retail,NA,Starter,12,359.02,2025-12-03,2026-06-25,3,8,1,Switched to competitor,"Good product, waiting on the custom fields feature."
C05293,Windmill Works GmbH,Media,NA,Enterprise,446,38738.82,2024-06-11,2026-08-21,1,7,0,,We sync with our warehouse nightly and it mostly works.
C05294,Evergreen Analytics Inc,Education,EMEA,Starter,4,111.78,2024-06-13,2026-07-01,1,9,1,Reliability issues,The mobile app lags behind the web app.
C05295,Evergreen Media GmbH,Manufacturing,EMEA,Starter,8,227.63,2025-01-16,2026-08-27,0,9,0,,It became part of our daily workflow almost immediately. Would buy again without hesitation.
C05296,Oakridge Works LLC,Healthcare,APAC,Enterprise,276,21801.61,2025-12-19,2026-08-29,0,10,0,,Easily worth the seat cost given the time saved. Highly recommended.
C05297,Sable Studio Ltd,Logistics,EMEA,Starter,10,275.27,2025-08-19,2026-08-18,3,10,0,,Reliable exports and fast reports every time.
C05298,Meridian Capital,Fintech,APAC,Starter,11,307.69,2024-08-25,2026-08-19,3,6,0,,"A competitor offered everything we needed at a lower price, so we switched. Renewal is unlikely."
C05299,Aurora Software Inc,Fintech,EMEA,Starter,5,144.83,2025-11-01,2026-08-22,1,7,0,,"Good product, waiting on the custom fields feature."
C05300,Juniper Labs,SaaS,EMEA,Starter,12,330.95,2024-06-16,2026-07-28,0,8,0,,"Does what it says, nothing spectacular. Some room for improvement."
C05301,Vertex Logistics GmbH,Healthcare,EMEA,Starter,7,202.68,2025-09-09,2026-08-23,2,7,0,,Tickets get resolved eventually but it takes follow-ups. We will see how the next release goes.
C05302,Tidewater Robotics,Healthcare,LATAM,Starter,6,172.93,2023-11-07,2026-08-25,3,6,0,,Dashboards time out constantly when we filter more than a few weeks.
C05303,Evergreen Logistics Co,Education,LATAM,Growth,34,1780.94,2024-08-01,2026-08-23,1,10,0,,Powerful yet simple; it grows with us.
C05304,Redwood Learning GmbH,Fintech,APAC,Starter,9,276.93,2025-11-22,2026-08-21,0,9,0,,Powerful yet simple; it grows with us. We plan to add more seats next quarter.
C05305,Aurora Group GmbH,SaaS,APAC,Enterprise,280,22313.66,2023-11-11,2026-08-17,0,8,0,,We like the dashboards but want more automation. Overall it is fine.
C05306,Lumen Analytics,Healthcare,EMEA,Enterprise,93,8945.19,2025-03-02,2026-08-16,0,8,0,,"Mostly stable, with the occasional slow dashboard."
C05307,Harbor Media LLC,Logistics,NA,Starter,4,105.54,2023-12-24,2026-08-23,1,7,0,,Integrations cover the basics; we still miss a native Jira connector.
C05308,Ironclad Digital GmbH,Fintech,APAC,Enterprise,144,12048.66,2024-07-04,2026-08-26,1,6,0,,We outgrew the product; it is fine for small teams but not for us. We are evaluating alternatives.
C05309,Bluepeak Capital LLC,SaaS,NA,Enterprise,230,18427.32,2024-02-18,2026-08-19,1,7,0,,"Most of the team uses it weekly, a few power users daily."
C05310,Atlas Dynamics Inc,Fintech,NA,Enterprise,211,17290.84,2025-04-25,2026-08-27,3,8,0,,We are on the fence at renewal because of the price increase.
C05311,Juniper Analytics Inc,Retail,NA,Growth,75,4413.22,2025-08-21,2026-08-28,0,9,0,,The HubSpot sync saved us hours every week.
C05312,Redwood Learning,Fintech,EMEA,Starter,10,285.98,2026-01-03,2026-08-29,0,8,0,,"Solid basics, some rough edges in the admin console."
C05313,Windmill Digital Co,Fintech,EMEA,Starter,8,221.75,2024-03-30,2026-07-23,2,9,0,,"Great value for the price, especially on the annual plan."
C05314,Vertex Supply,Healthcare,NA,Enterprise,296,25394.25,2023-09-10,2026-08-31,3,8,0,,Integrations cover the basics; we still miss a native Jira connector. Happy enough to stay for now.
C05315,Falcon Software Ltd,Fintech,NA,Growth,49,2650.37,2026-04-02,2026-08-18,2,6,0,,"No native Slack or HubSpot connector, so we had to build our own."
C05316,Meridian Labs Inc,Retail,NA,Enterprise,467,39534.96,2024-05-15,2026-08-26,1,6,0,,The support team is friendly but never actually fixes anything.
C05317,Keystone Retail,SaaS,NA,Growth,25,1421.05,2025-04-12,2026-08-30,2,6,0,,Data was missing for two days and nobody told us why. Renewal is unlikely.
C05318,Zenith Dynamics Inc,Logistics,NA,Starter,9,251.97,2024-04-30,2026-08-17,1,7,0,,Tickets get resolved eventually but it takes follow-ups.
C05319,Solstice Learning Inc,Retail,EMEA,Starter,10,280.86,2025-11-30,2026-02-18,3,7,1,Poor support experience,"Our account manager is responsive, tier-1 support less so."
C05320,Beacon Works,Fintech,NA,Enterprise,128,11115.2,2023-04-08,2026-08-30,0,10,0,,Uptime has been perfect for as long as we have used it.
C05321,Falcon Media Ltd,SaaS,NA,Starter,7,201.16,2023-02-20,2026-07-07,6,3,0,,The setup wizard failed twice and we gave up on the advanced features. We are evaluating alternatives.
C05322,Juniper Software Ltd,Healthcare,NA,Growth,23,1300.1,2024-03-02,2026-08-15,0,5,0,,Response times got noticeably worse over the last quarter. Would not recommend at this point.
C05323,Falcon Partners,Media,EMEA,Enterprise,184,15583.82,2024-06-13,2026-08-15,1,8,0,,"Good product, waiting on the custom fields feature. Some room for improvement."
C05324,Keystone Labs,SaaS,APAC,Starter,2,58.18,2025-08-30,2026-08-23,4,6,0,,SSO setup with Okta took three support tickets to get working. Renewal is unlikely.
C05325,Pioneer Systems Inc,SaaS,NA,Starter,5,148.33,2024-08-23,2026-08-21,2,7,0,,We sync with our warehouse nightly and it mostly works.
C05326,Mosaic Retail Inc,SaaS,NA,Growth,21,1215.12,2023-11-20,2026-08-20,1,6,0,,Webhook payloads changed without notice and broke our pipeline. We are evaluating alternatives.
C05327,Redwood Studio,Healthcare,EMEA,Enterprise,347,29109.45,2023-04-07,2026-08-21,1,9,0,,"We were live in two days, which is unheard of for us."
C05328,Riverbend Media GmbH,Logistics,NA,Growth,52,2901.37,2025-10-31,2026-08-25,2,6,0,,The mobile app crashes whenever we open a large report.
C05329,Oakridge Retail Inc,Retail,APAC,Starter,11,306.12,2024-10-11,2026-08-14,5,4,0,,Pricing jumped at renewal and nobody warned us.
C05330,Sable Logistics LLC,Fintech,LATAM,Starter,7,210.2,2026-05-03,2026-08-18,2,6,0,,Dashboards time out constantly when we filter more than a few weeks.
C05331,Juniper Media LLC,Manufacturing,EMEA,Starter,11,319.21,2024-02-27,2026-03-20,1,9,1,Poor support experience,Our account manager proactively checks in every month. Would buy again without hesitation.
C05332,Summit Retail GmbH,Manufacturing,LATAM,Starter,5,138.61,2023-10-13,2026-08-16,3,7,0,,"Solid basics, some rough edges in the admin console. Some room for improvement."
C05333,Beacon Media,Fintech,NA,Starter,6,166.29,2023-12-13,2026-08-26,0,8,0,,Reports are a bit slow at month end.
C05334,Vertex Capital,SaaS,NA,Enterprise,332,27826.72,2024-06-06,2026-08-30,3,6,0,,Response times got noticeably worse over the last quarter. We are evaluating alternatives.
C05335,Beacon Analytics GmbH,Fintech,NA,Starter,10,283.62,2023-06-30,2026-06-15,0,7,0,,Would love a two-way calendar sync. Some room for improvement.
C05336,Riverbend Learning LLC,Manufacturing,NA,Enterprise,321,27827.49,2023-06-17,2026-08-13,2,4,0,,We pay for features we never use; the plan tiers make no sense.
C05337,Beacon Media LLC,Education,NA,Enterprise,242,20130.72,2025-10-08,2026-08-16,1,8,0,,"Reliable overall, exports could be faster."
C05338,Solstice Networks,Education,EMEA,Growth,26,1552.59,2025-06-02,2026-08-19,0,9,0,,"We were live in two days, which is unheard of for us."
C05339,Sable Foods,Manufacturing,EMEA,Growth,43,2279.32,2024-10-02,2026-08-20,4,6,0,,We outgrew the product; it is fine for small teams but not for us. Would not recommend at this point.
C05340,Quantum Studio,Fintech,NA,Starter,9,260.76,2024-09-07,2026-02-09,1,6,1,Poor support experience,Support tickets sit for days before anyone replies. Would not recommend at this point.
C05341,Halcyon Health,Fintech,EMEA,Growth,36,2079.26,2024-09-26,2026-08-12,8,0,0,,We pay for features we never use; the plan tiers make no sense. Would not recommend at this point.
C05342,Ember Health GmbH,SaaS,NA,Starter,5,144.14,2025-01-21,2026-08-20,0,9,0,,"We were live in two days, which is unheard of for us. Would buy again without hesitation."
C05343,Orbit Logistics Ltd,Media,NA,Starter,2,56.72,2023-12-31,2026-08-25,1,8,0,,The help center is good; live support is average.
C05344,Redwood Software Inc,Healthcare,NA,Growth,53,2807.63,2025-09-20,2026-08-30,1,4,0,,Too expensive compared with the alternatives we evaluated.
C05345,Summit Digital Ltd,Fintech,EMEA,Starter,11,318.76,2023-01-11,2026-08-29,2,6,0,,The roadmap items we were promised never shipped.
C05346,Solstice Logistics,SaaS,EMEA,Starter,9,275.71,2025-09-17,2026-02-19,2,7,1,Switched to competitor,"The Slack integration is handy, the HubSpot one is limited. Happy enough to stay for now."
C05347,Nimbus Media Ltd,Education,EMEA,Growth,48,2490.1,2025-10-09,2026-08-18,0,6,0,,Frequent logouts and stale sessions made it unusable for the field team. Would not recommend at this point.
C05348,Silverlake Retail Ltd,Manufacturing,NA,Starter,6,173.65,2024-10-20,2026-08-28,2,5,0,,The support team is friendly but never actually fixes anything.
C05349,Orbit Digital,Education,NA,Starter,7,189.08,2024-01-12,2026-08-28,4,4,0,,Our budget was cut and the platform was the first thing to go.
C05350,Lumen Works GmbH,SaaS,LATAM,Starter,4,114.1,2026-01-30,2026-08-21,1,8,0,,The mobile app lags behind the web app.
C05351,Harbor Retail Ltd,Logistics,NA,Starter,5,146.52,2025-11-10,2026-08-28,4,5,0,,It took weeks to import our data and the docs were out of date.
C05352,Lumen Supply,Manufacturing,NA,Growth,16,884.33,2026-04-04,2026-08-13,1,10,0,,Performance is excellent even at month-end peaks. Keep up the great work.
C05353,Vertex Media Inc,Education,NA,Growth,27,1564.66,2023-01-21,2026-08-13,0,7,0,,"Reliable overall, exports could be faster."
C05354,Quantum Supply,Education,NA,Starter,4,117.35,2025-03-15,2026-03-26,3,7,1,Low usage / no longer needed,It does the job; adoption is growing slowly.
C05355,Riverbend Digital,Media,EMEA,Growth,35,1930.52,2023-01-10,2026-08-15,1,9,0,,We expanded to two more teams because it works so well.
C05356,Crescent Foods GmbH,Logistics,NA,Enterprise,466,39745.58,2023-02-19,2026-08-27,0,8,0,,We sync with our warehouse nightly and it mostly works. Some room for improvement.
C05357,Granite Retail GmbH,Healthcare,EMEA,Growth,51,2689.28,2023-03-21,2026-06-10,1,6,1,Integration gaps,"No native Slack or HubSpot connector, so we had to build our own. It has been a disappointing year."
C05358,Evergreen Capital Inc,Retail,LATAM,Growth,45,2497.8,2025-09-17,2026-08-21,1,7,0,,Pricing is fair but the Growth tier is a big jump from Starter. Overall it is fine.
C05359,Tidewater Digital,Retail,NA,Growth,37,1981.46,2025-07-16,2026-08-15,1,6,0,,"A competitor offered everything we needed at a lower price, so we switched."
C05360,Mosaic Robotics,Manufacturing,NA,Enterprise,165,14281.31,2026-02-12,2026-08-24,1,7,0,,Documentation is solid but a guided setup call would have helped. Overall it is fine.
C05361,Ironclad Dynamics GmbH,Education,APAC,Enterprise,105,8019.1,2025-03-20,2026-08-27,2,6,0,,The forecasting module is too simplistic for our use case.
C05362,Meridian Systems GmbH,SaaS,EMEA,Starter,4,114.66,2024-12-11,2026-07-17,3,5,0,,Exports randomly fail with no error message. We are evaluating alternatives.
C05363,Oakridge Learning,SaaS,APAC,Starter,10,291.15,2023-08-20,2026-08-22,1,7,0,,"No major issues, some minor bugs here and there. Overall it is fine."
C05364,Solstice Group GmbH,Media,NA,Starter,5,152.83,2025-06-12,2026-08-23,1,7,0,,"Mostly stable, with the occasional slow dashboard."
C05365,Tidewater Partners,Media,EMEA,Growth,52,2863.15,2026-03-08,2026-08-26,1,7,0,,We are on the fence at renewal because of the price increase.
C05366,Keystone Studio,Logistics,LATAM,Starter,10,292.18,2024-03-30,2026-08-15,2,5,0,,It took weeks to import our data and the docs were out of date. Renewal is unlikely.
C05367,Falcon Software,Retail,NA,Enterprise,110,9395.53,2025-06-07,2026-08-27,2,10,0,,Reliable exports and fast reports every time.
C05368,Evergreen Supply Inc,Manufacturing,APAC,Starter,6,182.72,2024-10-02,2026-03-21,4,5,1,Reliability issues,The mobile app crashes whenever we open a large report. It has been a disappointing year.
C05369,Crescent Capital Inc,Manufacturing,EMEA,Growth,31,1674.99,2024-10-27,2026-08-30,4,7,0,,We like the dashboards but want more automation.
C05370,Silverlake Networks Ltd,Fintech,APAC,Starter,3,82.12,2025-10-15,2026-07-18,1,8,1,Switched to competitor,"Solid basics, some rough edges in the admin console."
C05371,Windmill Retail,SaaS,NA,Growth,15,828.55,2024-01-07,2026-08-11,0,10,0,,Every ticket we raised was resolved the same day. Highly recommended.
C05372,Keystone Health Co,Logistics,NA,Starter,5,148.85,2026-01-22,2026-08-18,3,4,0,,The mobile app crashes whenever we open a large report.
C05373,Sable Capital Inc,SaaS,NA,Growth,57,3155.51,2026-06-11,2026-08-26,2,5,0,,Half the team stopped logging in after the first month.
C05374,Copperfield Logistics GmbH,Healthcare,LATAM,Growth,36,1955.07,2023-05-28,2026-08-31,2,9,0,,Great templates got us started immediately.
C05375,Riverbend Systems,Education,NA,Starter,4,113.28,2024-10-14,2026-07-28,0,8,0,,"Decent value, though we keep an eye on seat costs."
C05376,Nimbus Studio GmbH,Education,NA,Growth,52,2873.88,2023-01-22,2026-06-25,0,7,0,,The help center is good; live support is average. Some room for improvement.
C05377,Vertex Partners,Fintech,APAC,Enterprise,186,15783.2,2024-03-07,2026-08-18,2,6,0,,Onboarding was confusing and we never really got set up properly.
C05378,Riverbend Systems LLC,Education,NA,Growth,30,1803.97,2024-04-21,2026-08-13,3,8,0,,"Does what it says, nothing spectacular. Happy enough to stay for now."
C05379,Falcon Foods Co,SaaS,EMEA,Growth,39,2045.03,2025-04-27,2026-08-07,1,10,0,,Dashboards load instantly even on huge datasets.
C05380,Silverlake Group Ltd,Manufacturing,NA,Growth,27,1480.58,2024-05-13,2026-08-20,0,8,0,,Good enough integration options for our stack. Happy enough to stay for now.
C05381,Vertex Media,SaaS,EMEA,Enterprise,315,25538.65,2024-04-07,2026-08-11,1,7,0,,"Solid basics, some rough edges in the admin console. Happy enough to stay for now."
C05382,Copperfield Networks,Education,NA,Growth,30,1674.34,2025-09-13,2026-08-26,2,7,0,,Support quality varies a lot depending on who picks up the ticket.
C05383,Orbit Capital,Manufacturing,EMEA,Enterprise,191,15170.7,2025-08-25,2026-06-06,2,6,0,,The mobile app crashes whenever we open a large report.
C05384,Juniper Networks,SaaS,EMEA,Growth,20,1254.09,2023-01-11,2026-08-28,2,5,0,,"No audit log, which our compliance team requires."
C05385,Beacon Software,Fintech,NA,Starter,8,210.96,2024-03-06,2026-03-08,4,4,1,Low usage / no longer needed,It took weeks to import our data and the docs were out of date. We are evaluating alternatives.
C05386,Lumen Foods GmbH,Manufacturing,NA,Starter,11,324.99,2025-09-01,2026-07-24,6,3,1,Low usage / no longer needed,Honestly we barely used it; it never became part of our workflow.
C05387,Falcon Learning,SaaS,NA,Growth,47,2672.45,2023-05-12,2026-08-17,4,5,0,,We outgrew the product; it is fine for small teams but not for us. Frustrating overall.
C05388,Ember Dynamics,SaaS,EMEA,Growth,25,1533.26,2024-11-15,2026-08-27,1,8,0,,"Mostly stable, with the occasional slow dashboard."
C05389,Sable Robotics Ltd,Retail,NA,Growth,26,1551.01,2024-09-19,2026-08-16,7,5,0,,Response times got noticeably worse over the last quarter.
C05390,Brightline Software Ltd,Logistics,NA,Enterprise,239,21173.68,2025-06-09,2026-08-21,0,9,0,,Powerful yet simple; it grows with us.
C05391,Ironclad Dynamics Inc,Healthcare,NA,Growth,28,1769.85,2025-05-12,2026-08-11,5,2,0,,Data was missing for two days and nobody told us why. Would not recommend at this point.
C05392,Crescent Foods Inc,Retail,EMEA,Starter,9,257.84,2024-10-11,2026-08-13,1,6,0,,Response times got noticeably worse over the last quarter.
C05393,Aurora Networks,Logistics,EMEA,Growth,31,1731.42,2024-06-11,2026-08-29,6,3,0,,Response times got noticeably worse over the last quarter. Renewal is unlikely.
C05394,Granite Health LLC,Retail,NA,Starter,9,274.32,2025-10-05,2026-01-04,4,3,1,Poor support experience,Response times got noticeably worse over the last quarter.
C05395,Ember Foods,Retail,APAC,Growth,38,2013.17,2024-05-02,2026-08-29,3,7,0,,"Support is okay, sometimes quick, sometimes slow."
C05396,Bluepeak Works Inc,Retail,EMEA,Enterprise,165,13748.73,2024-07-11,2026-03-02,0,9,1,Missing features,Powerful yet simple; it grows with us.
C05397,Crescent Partners Inc,Fintech,APAC,Starter,10,282.74,2024-06-19,2026-08-28,0,8,0,,Pricing is fair but the Growth tier is a big jump from Starter. Happy enough to stay for now.
C05398,Northwind Media Ltd,Fintech,EMEA,Enterprise,277,23739.36,2024-03-17,2026-08-07,1,7,0,,Onboarding was fine but could use more templates. We will see how the next release goes.
C05399,Crescent Systems Ltd,Education,NA,Growth,44,2230.98,2025-03-14,2026-08-13,0,9,0,,We expanded to two more teams because it works so well. Highly recommended.
C05400,Riverbend Capital Co,SaaS,LATAM,Starter,9,276.0,2025-03-23,2026-07-03,1,7,0,,The mobile app lags behind the web app.
C05401,Brightline Group Inc,Education,APAC,Enterprise,115,9883.88,2026-02-21,2026-05-28,1,6,1,Switched to competitor,"A competitor offered everything we needed at a lower price, so we switched. Frustrating overall."
C05402,Tidewater Health Ltd,SaaS,EMEA,Growth,43,2415.09,2024-07-21,2026-08-25,2,8,0,,"Support is okay, sometimes quick, sometimes slow."
C05403,Summit Works Ltd,Retail,NA,Growth,31,1540.17,2025-08-27,2026-05-07,6,1,1,Poor support experience,Chat support only sends links to docs we have already read. Would not recommend at this point.
C05404,Aurora Logistics,SaaS,NA,Starter,7,194.55,2024-01-23,2026-05-17,0,9,1,Low usage / no longer needed,Excellent documentation and training videos.
C05405,Cascade Software,Healthcare,EMEA,Starter,8,245.83,2026-05-13,2026-08-31,3,6,0,,Adoption stalled because the learning curve is steep. Frustrating overall.
C05406,Foxglove Supply,Education,NA,Growth,33,1797.86,2026-03-11,2026-07-19,2,5,1,Switched to competitor,Reporting is too rigid; we ended up exporting to spreadsheets anyway.
C05407,Pioneer Learning,Fintech,EMEA,Starter,6,162.0,2025-01-24,2026-08-17,2,6,0,,Pricing jumped at renewal and nobody warned us. Renewal is unlikely.
C05408,Frontier Works Ltd,SaaS,NA,Starter,3,87.77,2025-07-11,2026-08-18,1,10,0,,Powerful yet simple; it grows with us.
C05409,Brightline Media Co,Fintech,EMEA,Enterprise,210,18151.57,2025-01-09,2026-08-17,3,5,0,,Support tickets sit for days before anyone replies. It has been a disappointing year.
C05410,Solstice Dynamics,Manufacturing,NA,Growth,20,1205.09,2023-09-09,2026-08-11,2,6,0,,Half the team stopped logging in after the first month.
C05411,Brightline Works LLC,Fintech,NA,Growth,35,1908.9,2026-04-15,2026-08-20,2,6,0,,Zapier is the only integration path and it is flaky.
C05412,Zenith Works Ltd,Manufacturing,NA,Enterprise,123,10820.59,2025-08-02,2026-06-19,1,9,0,,Plays nicely with every tool in our stack.
C05413,Orbit Logistics GmbH,Fintech,APAC,Starter,8,225.49,2024-06-19,2026-08-26,1,7,0,,Good enough integration options for our stack.
C05414,Brightline Learning Inc,SaaS,EMEA,Starter,8,237.01,2023-11-19,2026-08-17,0,8,0,,"The annual discount helped, monthly pricing feels steep."
C05415,Quantum Logistics Ltd,Education,LATAM,Growth,57,3144.48,2025-05-03,2026-07-08,8,3,1,Reliability issues,Chat support only sends links to docs we have already read.
C05416,Vertex Works,Retail,EMEA,Starter,4,115.38,2024-07-04,2026-02-10,1,10,1,Company downsized,Easily worth the seat cost given the time saved.
C05417,Aurora Logistics Ltd,SaaS,APAC,Starter,12,342.72,2025-11-22,2026-08-17,2,5,0,,The support team is friendly but never actually fixes anything.
C05418,Aurora Works Co,Logistics,EMEA,Growth,33,1785.82,2023-10-05,2026-08-25,3,4,0,,Honestly we barely used it; it never became part of our workflow.
C05419,Evergreen Capital GmbH,SaaS,APAC,Starter,2,58.07,2024-10-26,2026-04-10,4,6,1,Missing features,Missing basic features like bulk edit and custom roles.
C05420,Mosaic Learning Inc,Fintech,LATAM,Growth,64,3470.56,2023-05-25,2026-08-14,0,8,0,,"One outage this quarter, communicated well."
C05421,Keystone Studio GmbH,Retail,EMEA,Growth,21,1275.33,2025-06-29,2026-08-25,2,10,0,,Support even helped us design our dashboards. Highly recommended.
C05422,Evergreen Studio,Retail,NA,Growth,47,2523.6,2024-05-24,2026-08-30,1,9,0,,Support even helped us design our dashboards. Highly recommended.
C05423,Stellar Robotics,Manufacturing,EMEA,Starter,9,277.37,2023-09-04,2026-08-11,0,9,0,,Fair pricing and no surprise fees. Would buy again without hesitation.
C05424,Cascade Group Inc,SaaS,NA,Starter,13,368.24,2024-12-09,2026-08-31,2,5,0,,We could not connect it to our data warehouse without a consultant. It has been a disappointing year.
C05425,Halcyon Software,Logistics,NA,Enterprise,195,17013.16,2024-12-30,2026-07-19,2,7,1,Switched to competitor,"Solid basics, some rough edges in the admin console. We will see how the next release goes."
C05426,Crescent Supply,Education,EMEA,Enterprise,184,16080.16,2024-01-21,2026-08-24,0,8,0,,We sync with our warehouse nightly and it mostly works. Happy enough to stay for now.
C05427,Halcyon Analytics,Logistics,APAC,Growth,45,2485.53,2026-04-13,2026-08-20,2,8,0,,"The Slack integration is handy, the HubSpot one is limited."
C05428,Halcyon Capital Ltd,Manufacturing,NA,Starter,5,145.45,2023-04-06,2026-08-22,1,8,0,,Setup for SSO was fiddly but works now. Happy enough to stay for now.
C05429,Bluepeak Logistics,Logistics,NA,Growth,44,2343.88,2024-02-29,2026-08-25,1,5,0,,The Salesforce integration breaks every other week.
C05430,Harbor Health,Healthcare,APAC,Starter,11,312.4,2023-11-15,2026-04-14,3,5,1,Too expensive,Too expensive compared with the alternatives we evaluated. Frustrating overall.
C05431,Windmill Networks Co,Fintech,NA,Starter,10,292.55,2026-03-26,2026-03-27,7,1,1,Reliability issues,The forecasting module is too simplistic for our use case.
C05432,Falcon Retail Ltd,Retail,NA,Starter,9,260.53,2023-11-10,2026-06-23,4,5,0,,Pricing jumped at renewal and nobody warned us.
C05433,Brightline Robotics GmbH,Education,EMEA,Starter,12,364.47,2023-10-09,2026-01-14,4,5,1,Poor support experience,Pricing jumped at renewal and nobody warned us. Renewal is unlikely.
C05434,Crescent Partners,Retail,APAC,Starter,8,227.78,2025-01-23,2026-07-26,4,4,1,Budget cuts,Support tickets sit for days before anyone replies. It has been a disappointing year.
C05435,Harbor Analytics,Manufacturing,EMEA,Starter,6,171.26,2023-11-29,2026-05-19,5,5,1,Budget cuts,The per-seat model punishes us every time we onboard a contractor.
C05436,Falcon Retail Inc,SaaS,EMEA,Enterprise,237,18615.52,2023-12-27,2026-08-18,0,9,0,,The platform is fast and stable; no complaints. Would buy again without hesitation.
C05437,Stellar Software,Manufacturing,NA,Growth,42,2363.86,2023-11-09,2026-08-18,0,6,0,,The setup wizard failed twice and we gave up on the advanced features.
C05438,Granite Media,SaaS,NA,Starter,8,237.13,2024-11-12,2026-08-16,2,7,0,,Onboarding was fine but could use more templates.
C05439,Mosaic Foods Co,Logistics,APAC,Starter,5,150.67,2025-08-13,2026-08-25,4,6,0,,Exports randomly fail with no error message.
C05440,Crescent Works Inc,SaaS,APAC,Enterprise,207,18139.11,2024-08-23,2026-08-21,1,9,0,,"Great value for the price, especially on the annual plan."
C05441,Pioneer Studio,SaaS,NA,Starter,5,149.58,2026-02-09,2026-08-27,1,8,0,,"Reliable overall, exports could be faster. We will see how the next release goes."
C05442,Brightline Works,Manufacturing,NA,Starter,3,89.89,2023-12-06,2026-08-22,3,5,0,,The API is rate limited so aggressively that our sync jobs fail nightly.
C05443,Beacon Media,Manufacturing,NA,Growth,13,785.72,2025-12-14,2026-08-31,0,9,0,,Uptime has been perfect for as long as we have used it. Highly recommended.
C05444,Halcyon Digital,Manufacturing,NA,Growth,47,2657.71,2025-08-03,2026-08-29,1,7,0,,"The Slack integration is handy, the HubSpot one is limited."
C05445,Atlas Learning GmbH,Logistics,NA,Growth,34,1728.13,2023-04-04,2026-08-25,3,6,0,,Zapier is the only integration path and it is flaky. We are evaluating alternatives.
C05446,Pioneer Systems LLC,Fintech,NA,Starter,5,138.62,2025-05-01,2026-08-11,1,8,0,,Would like faster responses on weekends. Overall it is fine.
C05447,Riverbend Studio Co,Manufacturing,APAC,Starter,9,247.81,2026-06-20,2026-08-17,5,5,0,,Webhook payloads changed without notice and broke our pipeline.
C05448,Lumen Media,Fintech,NA,Starter,12,365.68,2025-05-18,2026-02-07,1,6,1,Poor support experience,Escalations go nowhere; we had to chase our account manager repeatedly. Renewal is unlikely.
C05449,Mosaic Robotics Inc,Healthcare,EMEA,Growth,35,1860.3,2023-11-26,2026-08-15,2,4,0,,Exports randomly fail with no error message. We are evaluating alternatives.
C05450,Foxglove Dynamics Co,Retail,EMEA,Starter,13,367.61,2024-07-07,2026-07-26,0,8,0,,"Mostly stable, with the occasional slow dashboard. We will see how the next release goes."
C05451,Falcon Labs,SaaS,APAC,Starter,4,116.03,2026-01-14,2026-08-11,1,8,0,,The tutorials are helpful; the data import could be smoother. Happy enough to stay for now.
C05452,Silverlake Analytics Inc,Healthcare,LATAM,Starter,7,192.9,2024-02-08,2026-08-17,1,8,0,,Good enough integration options for our stack. Happy enough to stay for now.
C05453,Copperfield Systems Ltd,Manufacturing,NA,Enterprise,435,37162.45,2024-08-30,2026-07-01,1,8,0,,"The Slack integration is handy, the HubSpot one is limited."
C05454,Ironclad Media LLC,SaaS,NA,Starter,7,185.7,2025-01-23,2026-08-20,2,7,0,,The tutorials are helpful; the data import could be smoother. We will see how the next release goes.
C05455,Beacon Learning GmbH,Logistics,EMEA,Starter,4,110.54,2025-11-22,2026-06-18,0,8,1,Budget cuts,Would like more flexible billing for seasonal staff. We will see how the next release goes.
C05456,Nimbus Systems,Healthcare,NA,Enterprise,368,31213.47,2026-05-08,2026-08-23,0,10,0,,Cheaper than what we replaced and far more capable.
C05457,Sable Media,SaaS,NA,Growth,15,841.05,2025-06-18,2026-06-08,2,5,0,,We outgrew the product; it is fine for small teams but not for us.
C05458,Orbit Works,Education,NA,Growth,22,1365.45,2024-07-07,2026-08-19,3,5,0,,SSO setup with Okta took three support tickets to get working. Frustrating overall.
C05459,Orbit Systems,SaaS,APAC,Growth,61,3353.27,2024-06-07,2026-03-24,3,5,1,Low usage / no longer needed,Half the team stopped logging in after the first month.
C05460,Riverbend Partners Co,SaaS,NA,Starter,7,212.19,2025-04-28,2026-08-27,1,8,0,,Integrations cover the basics; we still miss a native Jira connector.
C05461,Foxglove Health LLC,Education,EMEA,Growth,27,1615.81,2023-04-05,2026-08-15,0,10,0,,Budget approval was easy because the ROI is obvious.
C05462,Silverlake Logistics,SaaS,NA,Starter,5,144.93,2024-07-18,2026-08-11,1,6,0,,The setup wizard failed twice and we gave up on the advanced features. Frustrating overall.
C05463,Solstice Analytics,SaaS,EMEA,Enterprise,149,12038.54,2024-03-29,2026-08-15,0,10,0,,"Best-in-class dashboards, our execs love them."
C05464,Ember Retail LLC,Manufacturing,NA,Starter,12,360.93,2026-04-04,2026-08-22,3,6,0,,Data was missing for two days and nobody told us why.
C05465,Stellar Studio Co,SaaS,APAC,Growth,30,1801.24,2025-12-27,2026-08-13,0,7,0,,"Fine for simple questions, weaker on technical issues."
C05466,Northwind Logistics Inc,Manufacturing,EMEA,Growth,22,1406.23,2023-12-04,2026-06-09,6,3,1,Poor support experience,Escalations go nowhere; we had to chase our account manager repeatedly.
C05467,Evergreen Foods,Manufacturing,NA,Starter,4,119.84,2025-04-16,2026-08-24,4,6,0,,Our budget was cut and the platform was the first thing to go.
C05468,Granite Labs Co,SaaS,NA,Starter,10,285.39,2024-08-07,2026-06-22,4,6,0,,Chat support only sends links to docs we have already read. We are evaluating alternatives.
C05469,Vertex Retail,Retail,APAC,Growth,41,2275.71,2025-11-25,2026-08-19,5,6,0,,The Salesforce integration breaks every other week. It has been a disappointing year.
C05470,Silverlake Networks,SaaS,APAC,Starter,11,324.39,2024-09-21,2026-08-13,2,9,0,,Automation rules removed a ton of manual work.
C05471,Keystone Labs Ltd,Healthcare,NA,Enterprise,107,9422.9,2025-03-29,2026-06-30,0,7,0,,We sync with our warehouse nightly and it mostly works.
C05472,Redwood Digital GmbH,SaaS,NA,Starter,9,274.8,2025-07-18,2026-08-17,6,4,0,,Half the team stopped logging in after the first month.
C05473,Evergreen Dynamics Co,Logistics,NA,Growth,47,2562.18,2025-11-16,2026-08-25,4,4,0,,Zapier is the only integration path and it is flaky. Would not recommend at this point.
C05474,Meridian Robotics,SaaS,NA,Growth,62,3236.53,2025-07-09,2026-04-20,4,7,1,Reliability issues,The mobile app lags behind the web app. Some room for improvement.
C05475,Sable Learning LLC,Education,NA,Growth,37,1879.64,2024-01-14,2026-03-09,2,5,1,Onboarding too complex,Frequent logouts and stale sessions made it unusable for the field team.
C05476,Zenith Media GmbH,SaaS,NA,Growth,25,1407.77,2025-08-01,2026-08-23,0,7,0,,"Setup took longer than expected, mostly on our side. Some room for improvement."
C05477,Atlas Capital Inc,SaaS,NA,Growth,16,921.65,2024-02-08,2026-06-16,2,5,0,,Half the team stopped logging in after the first month.
C05478,Solstice Supply,Retail,APAC,Growth,25,1563.76,2025-07-24,2026-08-26,0,7,0,,Setup for SSO was fiddly but works now.
C05479,Windmill Group GmbH,Healthcare,APAC,Growth,40,2328.2,2026-04-26,2026-07-06,2,5,0,,Half the team stopped logging in after the first month. It has been a disappointing year.
C05480,Oakridge Foods Inc,Logistics,APAC,Growth,70,3988.42,2024-08-22,2026-08-21,1,6,0,,Zapier is the only integration path and it is flaky.
C05481,Harbor Robotics,SaaS,EMEA,Starter,4,121.71,2026-02-12,2026-07-01,7,4,1,Integration gaps,The API is rate limited so aggressively that our sync jobs fail nightly.
C05482,Juniper Logistics Co,SaaS,EMEA,Starter,4,112.72,2023-07-18,2026-01-23,4,4,1,Poor support experience,Response times got noticeably worse over the last quarter.
C05483,Atlas Capital,Fintech,NA,Starter,13,354.15,2024-06-26,2026-05-16,3,6,1,Onboarding too complex,We were never shown how to use the reporting module. Renewal is unlikely.
C05484,Keystone Partners,Retail,EMEA,Growth,17,962.62,2026-01-15,2026-08-15,1,8,0,,"Most of the team uses it weekly, a few power users daily."
C05485,Cobalt Supply Inc,Media,NA,Enterprise,89,7527.28,2025-07-21,2026-05-02,0,10,1,Integration gaps,The API is clean and well documented; we automated everything.
C05486,Keystone Logistics Inc,Logistics,EMEA,Starter,3,83.12,2024-02-19,2026-08-20,0,7,0,,"One outage this quarter, communicated well."
C05487,Solstice Studio,Media,LATAM,Growth,29,1676.37,2024-10-01,2026-08-05,3,5,0,,Support tickets sit for days before anyone replies. Would not recommend at this point.
C05488,Aurora Networks Ltd,SaaS,APAC,Starter,3,87.58,2023-05-21,2026-08-07,1,10,0,,Feature releases ship every month and they listen to feedback.
C05489,Ironclad Partners,Retail,NA,Growth,43,2372.19,2025-11-07,2026-08-24,2,6,0,,Chat support only sends links to docs we have already read. Renewal is unlikely.
C05490,Brightline Group GmbH,Manufacturing,EMEA,Growth,38,2027.54,2023-06-14,2026-08-28,1,8,0,,"Most of the team uses it weekly, a few power users daily. Overall it is fine."
C05491,Northwind Capital GmbH,Fintech,NA,Growth,42,2356.99,2024-12-20,2026-08-12,1,7,0,,Useful tool; the roadmap looks promising.
C05492,Windmill Health GmbH,Education,NA,Growth,33,1762.15,2024-09-23,2026-08-12,3,8,0,,Would like faster responses on weekends.
C05493,Tidewater Software,Fintech,NA,Growth,25,1475.59,2025-02-27,2026-08-12,0,8,0,,"No major issues, some minor bugs here and there. Overall it is fine."
C05494,Keystone Digital Ltd,Fintech,NA,Starter,13,360.26,2024-06-27,2026-08-25,0,8,0,,Would love a two-way calendar sync.
C05495,Harbor Logistics,Media,EMEA,Growth,34,1946.82,2023-04-20,2026-07-29,1,6,0,,Exports randomly fail with no error message. We are evaluating alternatives.
C05496,Keystone Media Inc,Fintech,NA,Starter,9,261.22,2025-04-26,2026-08-30,2,6,0,,The roadmap items we were promised never shipped.
C05497,Vertex Partners Inc,Logistics,NA,Enterprise,126,10890.8,2026-02-15,2026-08-20,3,7,0,,Tickets get resolved eventually but it takes follow-ups. We will see how the next release goes.
C05498,Summit Supply,Fintech,LATAM,Growth,29,1627.76,2025-02-19,2026-08-25,3,6,0,,The forecasting module is too simplistic for our use case. Renewal is unlikely.
C05499,Cobalt Group Co,SaaS,EMEA,Starter,9,262.82,2023-02-25,2026-08-12,2,8,0,,"Setup took longer than expected, mostly on our side."
C05500,Foxglove Media Inc,Fintech,NA,Starter,4,118.66,2023-05-18,2026-08-28,1,6,0,,SSO setup with Okta took three support tickets to get working. Would not recommend at this point.
C05501,Meridian Group GmbH,SaaS,EMEA,Starter,6,159.77,2023-12-17,2026-08-12,1,6,0,,Reporting is too rigid; we ended up exporting to spreadsheets anyway. Would not recommend at this point.
C05502,Solstice Capital,Retail,EMEA,Enterprise,131,11538.72,2024-01-14,2026-08-24,1,8,0,,Costs are acceptable for what we use today.
C05503,Ironclad Logistics GmbH,SaaS,EMEA,Starter,10,275.51,2023-06-06,2026-04-22,1,6,1,Missing features,Reporting is too rigid; we ended up exporting to spreadsheets anyway.
C05504,Northwind Labs Inc,Healthcare,EMEA,Growth,45,2489.98,2026-02-17,2026-08-14,0,6,0,,Missing basic features like bulk edit and custom roles.
C05505,Juniper Digital Co,Media,APAC,Starter,5,155.37,2025-07-29,2026-08-17,1,5,0,,Performance degraded badly as our dataset grew. Frustrating overall.
C05506,Oakridge Software GmbH,Retail,NA,Growth,21,1286.32,2025-09-05,2026-08-24,1,7,0,,The API works but the docs could be clearer.
C05507,Mosaic Capital GmbH,SaaS,EMEA,Growth,34,1754.4,2026-05-14,2026-08-16,0,9,0,,We expanded to two more teams because it works so well.
C05508,Beacon Networks GmbH,Retail,NA,Starter,4,115.17,2026-01-15,2026-08-22,1,8,0,,Tickets get resolved eventually but it takes follow-ups.
C05509,Windmill Group,Manufacturing,APAC,Growth,67,3857.67,2023-08-07,2026-08-11,5,6,0,,The forecasting module is too simplistic for our use case. We are evaluating alternatives.
C05510,Northwind Networks Ltd,Healthcare,NA,Starter,2,56.11,2023-01-29,2026-08-15,1,8,0,,Pricing is fair but the Growth tier is a big jump from Starter. Some room for improvement.
C05511,Tidewater Logistics Co,SaaS,NA,Growth,36,1946.88,2025-07-19,2026-08-20,2,7,0,,Setup for SSO was fiddly but works now.
C05512,Redwood Learning,Healthcare,LATAM,Starter,7,199.85,2026-03-09,2026-08-21,6,5,0,,We had three outages in one month during peak hours.
C05513,Harbor Partners Co,Retail,EMEA,Growth,24,1448.29,2025-06-13,2026-08-30,2,7,0,,Pricing is fair but the Growth tier is a big jump from Starter.
C05514,Aurora Retail Inc,Fintech,NA,Starter,5,136.09,2026-01-03,2026-08-16,1,8,0,,Pricing is fair but the Growth tier is a big jump from Starter. Happy enough to stay for now.
C05515,Cobalt Partners Ltd,SaaS,NA,Growth,64,3599.63,2025-02-15,2026-06-11,4,6,1,Budget cuts,Overage charges were a nasty surprise on the invoice.
C05516,Mosaic Learning GmbH,Logistics,NA,Starter,10,282.78,2024-07-31,2026-07-31,1,9,0,,Fair pricing and no surprise fees.
C05517,Ironclad Media Inc,SaaS,LATAM,Growth,24,1415.36,2023-06-15,2026-08-22,1,9,0,,"Support is outstanding, replies within the hour."
C05518,Quantum Capital LLC,SaaS,NA,Starter,4,114.96,2025-05-09,2026-08-24,2,8,0,,"Support is okay, sometimes quick, sometimes slow."
C05519,Evergreen Group GmbH,SaaS,NA,Starter,4,118.78,2024-01-08,2026-05-28,2,6,1,Company downsized,We pay for features we never use; the plan tiers make no sense.
C05520,Solstice Digital,Healthcare,EMEA,Enterprise,361,30352.58,2023-12-14,2026-08-21,2,7,0,,"Our account manager is responsive, tier-1 support less so. We will see how the next release goes."
C05521,Cobalt Retail,Retail,NA,Growth,48,2785.51,2026-01-22,2026-08-14,0,10,0,,Pricing is transparent and scales sensibly with our team.
C05522,Crescent Foods,Fintech,NA,Growth,19,1165.37,2025-04-20,2026-06-05,4,4,0,,Escalations go nowhere; we had to chase our account manager repeatedly. It has been a disappointing year.
C05523,Beacon Learning,Retail,APAC,Growth,55,2921.84,2024-07-21,2026-08-25,0,10,0,,Budget approval was easy because the ROI is obvious.
C05524,Tidewater Analytics GmbH,Education,NA,Starter,13,397.59,2025-10-16,2026-08-29,6,3,0,,We opened four tickets for the same bug and got four different answers. Would not recommend at this point.
C05525,Ember Logistics LLC,Fintech,APAC,Enterprise,385,32811.67,2025-07-24,2026-08-21,2,6,0,,We were never shown how to use the reporting module.
C05526,Pioneer Software Ltd,Logistics,APAC,Starter,13,379.56,2024-09-09,2026-08-13,1,6,0,,Our budget was cut and the platform was the first thing to go.
C05527,Mosaic Software Co,Fintech,NA,Enterprise,133,11571.67,2026-06-01,2026-08-27,1,6,0,,Exports randomly fail with no error message. Frustrating overall.
C05528,Halcyon Supply GmbH,SaaS,EMEA,Enterprise,295,23790.42,2023-02-06,2026-08-18,2,7,0,,"Setup took longer than expected, mostly on our side."
C05529,Ironclad Group GmbH,Logistics,APAC,Starter,8,219.2,2024-09-21,2026-06-19,4,8,0,,"Decent value, though we keep an eye on seat costs. Overall it is fine."
C05530,Harbor Retail,Manufacturing,EMEA,Starter,12,348.35,2024-06-15,2026-06-14,1,7,0,,It does the job; adoption is growing slowly.
C05531,Lumen Capital Co,Fintech,EMEA,Growth,21,1208.95,2023-06-06,2026-06-04,0,6,0,,The roadmap items we were promised never shipped.
C05532,Bluepeak Partners,Media,NA,Growth,30,1916.82,2025-07-14,2026-08-26,0,9,0,,Budget approval was easy because the ROI is obvious.
C05533,Mosaic Dynamics,Retail,NA,Starter,4,112.45,2023-05-09,2026-08-26,2,7,0,,The help center is good; live support is average. We will see how the next release goes.
C05534,Silverlake Foods Ltd,Fintech,EMEA,Starter,6,174.28,2025-06-16,2026-08-23,2,9,0,,Cheaper than what we replaced and far more capable.
C05535,Riverbend Robotics GmbH,Media,NA,Starter,4,116.89,2025-08-20,2026-07-22,11,0,1,Missing features,"No audit log, which our compliance team requires."
C05536,Beacon Supply GmbH,Manufacturing,NA,Growth,68,3914.92,2024-09-12,2026-08-29,3,6,0,,The setup wizard failed twice and we gave up on the advanced features.
C05537,Sable Capital,Fintech,EMEA,Growth,38,2002.11,2023-11-08,2026-06-28,0,9,1,Integration gaps,Setup for SSO was fiddly but works now.
C05538,Northwind Studio,Healthcare,NA,Starter,6,162.78,2026-06-11,2026-08-30,2,4,0,,Missing basic features like bulk edit and custom roles. Would not recommend at this point.
C05539,Solstice Foods Inc,Retail,APAC,Growth,25,1557.27,2025-06-18,2026-08-30,0,7,0,,We are still ramping up usage across the team. Overall it is fine.
C05540,Northwind Robotics Ltd,SaaS,APAC,Growth,9,532.71,2023-05-30,2026-08-22,4,6,0,,Reporting is too rigid; we ended up exporting to spreadsheets anyway.
C05541,Halcyon Capital GmbH,Logistics,APAC,Enterprise,331,28755.82,2025-07-28,2026-08-27,1,10,0,,"Best-in-class dashboards, our execs love them."
C05542,Lumen Partners,Healthcare,NA,Starter,9,269.94,2023-07-21,2026-08-30,0,10,0,,Support even helped us design our dashboards. Would buy again without hesitation.
C05543,Copperfield Group GmbH,Healthcare,NA,Starter,10,301.95,2025-03-06,2026-02-24,5,3,1,Too expensive,The per-seat model punishes us every time we onboard a contractor.
C05544,Northwind Learning LLC,Healthcare,APAC,Starter,1,28.56,2023-11-26,2026-06-24,6,7,0,,Costs are acceptable for what we use today.
C05545,Stellar Partners,Healthcare,NA,Growth,11,632.15,2025-03-20,2026-08-30,1,7,0,,Reports are a bit slow at month end.
C05546,Evergreen Studio Inc,Fintech,EMEA,Starter,5,133.42,2025-10-22,2026-08-20,0,8,0,,Costs are acceptable for what we use today. Some room for improvement.
C05547,Granite Dynamics,Logistics,EMEA,Starter,14,389.84,2025-09-27,2026-08-24,1,8,0,,Reports are a bit slow at month end.
C05548,Granite Partners,Healthcare,NA,Growth,25,1478.67,2025-08-31,2026-06-26,0,8,0,,"Fine for simple questions, weaker on technical issues. We will see how the next release goes."
C05549,Keystone Retail LLC,Education,NA,Growth,36,1919.9,2025-06-21,2026-08-17,2,6,0,,Adoption stalled because the learning curve is steep. We are evaluating alternatives.
C05550,Beacon Retail,Retail,EMEA,Starter,7,193.74,2025-09-13,2026-03-27,3,7,1,Company downsized,"The annual discount helped, monthly pricing feels steep."
C05551,Keystone Works Inc,Fintech,NA,Starter,5,145.29,2026-02-25,2026-08-18,0,10,0,,The support team clearly knows the product inside out. Would buy again without hesitation.
C05552,Meridian Supply Inc,SaaS,APAC,Starter,5,152.79,2026-01-27,2026-08-25,1,5,0,,Overage charges were a nasty surprise on the invoice.
C05553,Lumen Dynamics,Fintech,EMEA,Starter,5,144.68,2025-09-12,2026-03-27,7,4,1,Reliability issues,Performance degraded badly as our dataset grew. Renewal is unlikely.
C05554,Pioneer Retail Inc,SaaS,NA,Starter,6,166.12,2024-07-19,2026-08-12,3,6,0,,Too expensive compared with the alternatives we evaluated. Frustrating overall.
C05555,Quantum Systems,Education,EMEA,Starter,6,182.86,2024-01-10,2026-06-05,1,7,0,,We are still ramping up usage across the team. Happy enough to stay for now.
C05556,Aurora Dynamics GmbH,Media,NA,Starter,6,168.61,2024-02-11,2026-06-11,4,5,1,Missing features,The roadmap items we were promised never shipped.
C05557,Tidewater Works LLC,Fintech,NA,Enterprise,170,15152.03,2025-02-21,2026-05-19,0,9,1,Missing features,Feature releases ship every month and they listen to feedback.
C05558,Pioneer Media Co,Fintech,LATAM,Enterprise,350,29142.5,2025-02-05,2026-08-16,0,7,0,,"The annual discount helped, monthly pricing feels steep. We will see how the next release goes."
C05559,Oakridge Learning Ltd,Education,EMEA,Starter,6,174.72,2024-06-29,2026-08-22,1,6,0,,Support tickets sit for days before anyone replies. It has been a disappointing year.
C05560,Bluepeak Retail Inc,SaaS,EMEA,Growth,34,1982.06,2024-06-06,2026-08-19,3,6,0,,Chat support only sends links to docs we have already read. We are evaluating alternatives.
C05561,Stellar Labs Co,Logistics,APAC,Starter,6,164.59,2025-07-14,2026-08-22,1,9,0,,Webhooks are reliable and easy to configure.
C05562,Falcon Software Co,Retail,EMEA,Growth,62,3259.04,2024-10-30,2026-08-24,2,7,0,,It does the job; adoption is growing slowly. Happy enough to stay for now.
C05563,Northwind Labs GmbH,SaaS,NA,Enterprise,455,37788.13,2023-01-25,2026-07-29,3,5,0,,We could not connect it to our data warehouse without a consultant. Would not recommend at this point.
C05564,Silverlake Studio,SaaS,NA,Growth,49,2673.58,2023-06-28,2026-08-14,1,8,0,,"Solid basics, some rough edges in the admin console."
C05565,Granite Digital,Logistics,NA,Growth,62,3761.47,2024-02-27,2026-08-22,0,10,0,,The mobile app is snappy and dependable.
C05566,Vertex Dynamics,Fintech,NA,Starter,2,55.94,2024-05-20,2026-08-24,2,6,0,,No phone support and email replies take forever.
C05567,Redwood Foods,Education,EMEA,Starter,3,82.46,2025-07-23,2026-08-12,2,8,0,,"Good product, waiting on the custom fields feature. Some room for improvement."
C05568,Harbor Studio Co,SaaS,EMEA,Growth,35,1848.56,2024-08-26,2026-08-20,3,6,0,,We outgrew the product; it is fine for small teams but not for us.
C05569,Windmill Analytics LLC,SaaS,NA,Starter,5,146.35,2024-06-28,2026-06-18,0,6,0,,SSO setup with Okta took three support tickets to get working.
C05570,Lumen Robotics Inc,Media,EMEA,Growth,32,1790.4,2023-04-22,2026-02-15,8,2,1,Onboarding too complex,We were never shown how to use the reporting module. It has been a disappointing year.
C05571,Evergreen Supply,SaaS,APAC,Growth,37,1972.77,2023-03-20,2026-08-26,1,8,0,,Pricing is fair but the Growth tier is a big jump from Starter. Some room for improvement.
C05572,Cobalt Foods,SaaS,LATAM,Starter,11,319.27,2026-06-22,2026-08-26,3,6,0,,The support team is friendly but never actually fixes anything.
C05573,Cascade Systems LLC,Retail,NA,Growth,29,1844.13,2026-01-03,2026-08-21,6,3,0,,Zapier is the only integration path and it is flaky.
C05574,Juniper Capital GmbH,Media,APAC,Growth,23,1358.91,2023-02-18,2026-08-29,0,10,0,,Adoption was instant; people actually enjoy using it. Keep up the great work.
C05575,Keystone Logistics LLC,Fintech,APAC,Growth,54,3001.02,2024-08-02,2026-06-04,1,6,0,,We outgrew the product; it is fine for small teams but not for us. It has been a disappointing year.
C05576,Aurora Works,SaaS,NA,Growth,43,2537.69,2026-03-19,2026-08-17,2,5,0,,Escalations go nowhere; we had to chase our account manager repeatedly. We are evaluating alternatives.
C05577,Harbor Media,Logistics,NA,Enterprise,425,34765.19,2025-06-27,2026-08-27,1,8,0,,Documentation is solid but a guided setup call would have helped.
C05578,Riverbend Digital,Education,NA,Starter,9,253.03,2023-04-13,2026-08-28,1,9,0,,Connected to Snowflake in an afternoon. We plan to add more seats next quarter.
C05579,Windmill Group Inc,Media,EMEA,Growth,27,1563.07,2024-07-01,2026-08-12,3,6,0,,We opened four tickets for the same bug and got four different answers.
C05580,Solstice Logistics,Manufacturing,EMEA,Starter,3,85.16,2026-01-01,2026-08-27,3,6,0,,Honestly we barely used it; it never became part of our workflow. Frustrating overall.
C05581,Nimbus Partners Ltd,Education,EMEA,Starter,6,161.33,2024-01-17,2026-08-19,5,3,0,,Escalations go nowhere; we had to chase our account manager repeatedly. We are evaluating alternatives.
C05582,Redwood Health Inc,Retail,APAC,Enterprise,288,24368.97,2024-11-30,2026-08-27,0,7,0,,"Decent value, though we keep an eye on seat costs."
C05583,Summit Logistics Ltd,Fintech,NA,Starter,7,204.76,2024-02-16,2026-08-13,1,7,0,,Uptime is fine; performance on large filters could improve.
C05584,Riverbend Systems Co,Education,NA,Starter,6,172.71,2023-09-08,2026-08-16,1,8,0,,The API works but the docs could be clearer. Some room for improvement.
C05585,Solstice Systems Co,Education,APAC,Starter,8,234.3,2026-01-02,2026-02-13,5,5,1,Integration gaps,Webhook payloads changed without notice and broke our pipeline.
C05586,Northwind Partners Co,Logistics,LATAM,Enterprise,169,14368.18,2023-10-23,2026-08-25,2,6,0,,Support tickets sit for days before anyone replies. We are evaluating alternatives.
C05587,Nimbus Labs,Healthcare,APAC,Enterprise,132,10523.02,2025-01-13,2026-08-18,0,9,0,,Adoption was instant; people actually enjoy using it.
C05588,Mosaic Logistics Ltd,Fintech,NA,Starter,14,410.69,2024-03-24,2026-08-16,0,10,0,,Excellent documentation and training videos.
C05589,Meridian Labs GmbH,Retail,NA,Growth,32,1795.07,2025-02-21,2026-08-18,1,7,0,,"Decent value, though we keep an eye on seat costs."
C05590,Granite Software Ltd,Healthcare,NA,Starter,3,81.44,2025-10-10,2026-08-20,2,8,0,,"Support is okay, sometimes quick, sometimes slow."
C05591,Falcon Health Ltd,Retail,NA,Growth,23,1436.42,2024-12-06,2026-08-20,0,8,0,,The mobile app lags behind the web app.
C05592,Summit Partners,Manufacturing,NA,Growth,37,1929.83,2023-07-07,2026-08-21,1,8,0,,The mobile app lags behind the web app. Happy enough to stay for now.
C05593,Sable Dynamics Inc,Healthcare,APAC,Starter,6,166.08,2024-01-02,2026-08-19,1,7,0,,Good enough integration options for our stack.
C05594,Solstice Media LLC,SaaS,EMEA,Growth,28,1665.35,2023-11-06,2026-07-10,0,7,0,,"One outage this quarter, communicated well."
C05595,Frontier Partners Co,Healthcare,NA,Enterprise,465,39966.66,2025-05-28,2026-08-26,2,8,0,,Would prefer usage-based pricing over per-seat. Overall it is fine.
C05596,Brightline Networks,Healthcare,NA,Starter,6,179.41,2025-06-02,2026-01-11,3,8,1,Switched to competitor,Covers our core needs; advanced reporting is limited.
C05597,Beacon Systems,Logistics,NA,Starter,7,207.56,2023-07-02,2026-08-14,0,10,0,,The Salesforce and Slack integrations work flawlessly.
C05598,Tidewater Health GmbH,Retail,EMEA,Enterprise,144,11865.7,2025-02-22,2026-07-25,2,4,1,Onboarding too complex,We opened four tickets for the same bug and got four different answers. Renewal is unlikely.
C05599,Meridian Health GmbH,Healthcare,EMEA,Starter,4,116.5,2024-08-15,2026-08-29,1,10,0,,"Great value for the price, especially on the annual plan."
C05600,Ironclad Partners,Retail,NA,Growth,57,3087.97,2024-06-20,2026-08-11,1,7,0,,"Decent value, though we keep an eye on seat costs. We will see how the next release goes."
C05601,Vertex Health LLC,Healthcare,APAC,Growth,36,1989.09,2025-12-30,2026-04-08,0,7,1,Low usage / no longer needed,It does the job; adoption is growing slowly.
C05602,Lumen Health,SaaS,NA,Starter,8,232.64,2023-03-19,2026-08-25,2,5,0,,The forecasting module is too simplistic for our use case. Frustrating overall.
C05603,Oakridge Capital,Media,NA,Starter,2,56.83,2025-07-15,2026-08-30,4,6,0,,Support tickets sit for days before anyone replies. It has been a disappointing year.
C05604,Cobalt Health GmbH,Logistics,LATAM,Starter,9,257.38,2024-12-13,2026-06-22,2,4,1,Onboarding too complex,We were never shown how to use the reporting module. Frustrating overall.
C05605,Mosaic Systems,Healthcare,NA,Starter,8,214.81,2023-11-26,2026-06-27,4,4,1,Poor support experience,Support tickets sit for days before anyone replies.
C05606,Evergreen Analytics,Healthcare,NA,Growth,30,1828.77,2023-10-20,2026-07-08,4,5,0,,The mobile app crashes whenever we open a large report.
C05607,Tidewater Group GmbH,SaaS,EMEA,Enterprise,187,15923.35,2023-07-28,2026-08-16,1,6,0,,Missing basic features like bulk edit and custom roles.
C05608,Frontier Studio Ltd,Healthcare,NA,Starter,5,131.62,2025-02-20,2026-08-16,2,9,0,,Budget approval was easy because the ROI is obvious. Highly recommended.
C05609,Copperfield Digital,Retail,NA,Growth,48,2717.32,2025-04-15,2026-08-26,1,8,0,,Setup for SSO was fiddly but works now. We will see how the next release goes.
C05610,Harbor Systems,Education,NA,Starter,14,405.14,2023-12-17,2026-08-22,2,6,0,,Too expensive compared with the alternatives we evaluated.
C05611,Orbit Foods GmbH,SaaS,NA,Starter,10,279.13,2024-05-01,2026-05-05,3,7,1,Missing features,"Good product, waiting on the custom fields feature. Some room for improvement."
C05612,Bluepeak Analytics Co,Education,EMEA,Growth,60,3157.16,2026-06-04,2026-06-05,2,3,1,Missing features,The roadmap items we were promised never shipped. Renewal is unlikely.
C05613,Frontier Retail LLC,Fintech,NA,Starter,7,197.41,2025-06-18,2026-08-24,2,8,0,,We are still ramping up usage across the team.
C05614,Riverbend Supply Ltd,Education,APAC,Growth,52,2746.93,2025-01-23,2026-08-18,1,8,0,,"Decent value, though we keep an eye on seat costs. Happy enough to stay for now."
C05615,Halcyon Studio Inc,Healthcare,APAC,Starter,14,393.05,2023-06-02,2026-08-23,2,5,0,,Exports randomly fail with no error message.
C05616,Cobalt Health Co,Fintech,NA,Growth,34,1992.49,2024-12-29,2026-08-21,0,6,0,,"No audit log, which our compliance team requires."
C05617,Northwind Health Ltd,Retail,NA,Enterprise,141,12041.29,2024-05-16,2026-04-24,2,5,1,Budget cuts,The per-seat model punishes us every time we onboard a contractor. Renewal is unlikely.
C05618,Cobalt Media GmbH,Media,NA,Starter,10,313.62,2025-12-03,2026-07-27,1,8,0,,Setup for SSO was fiddly but works now. Overall it is fine.
C05619,Silverlake Labs Ltd,Healthcare,NA,Enterprise,203,17236.7,2023-09-03,2026-08-17,4,3,0,,SSO setup with Okta took three support tickets to get working. Renewal is unlikely.
C05620,Halcyon Supply,SaaS,NA,Starter,3,89.02,2026-06-21,2026-08-18,2,6,0,,The price per seat is hard to justify for a team our size.
C05621,Harbor Networks GmbH,Retail,APAC,Starter,7,195.85,2026-04-16,2026-08-15,1,6,0,,The Salesforce integration breaks every other week. Frustrating overall.
C05622,Foxglove Capital,Fintech,NA,Starter,7,201.64,2025-09-21,2026-06-26,1,7,0,,"Our account manager is responsive, tier-1 support less so. We will see how the next release goes."
C05623,Riverbend Labs,Education,EMEA,Growth,28,1646.6,2024-09-30,2026-02-16,1,6,1,Switched to competitor,"A competitor offered everything we needed at a lower price, so we switched."
C05624,Foxglove Logistics,Healthcare,EMEA,Growth,42,2361.7,2025-01-27,2026-08-11,1,8,0,,"Reliable overall, exports could be faster."
C05625,Atlas Supply,SaaS,APAC,Enterprise,104,8734.28,2026-03-02,2026-07-15,0,7,0,,"Solid basics, some rough edges in the admin console."
C05626,Meridian Works,Healthcare,NA,Growth,52,2893.34,2026-01-06,2026-08-16,0,10,0,,Webhooks are reliable and easy to configure. Would buy again without hesitation.
C05627,Harbor Software Inc,Manufacturing,NA,Starter,8,234.93,2025-10-29,2026-08-16,1,8,0,,Uptime is fine; performance on large filters could improve.
C05628,Riverbend Media,Manufacturing,LATAM,Enterprise,317,26352.39,2023-08-20,2026-08-24,2,5,0,,Support tickets sit for days before anyone replies. We are evaluating alternatives.
C05629,Sable Partners Co,SaaS,NA,Enterprise,206,17053.6,2024-06-04,2026-08-24,0,10,0,,Uptime has been perfect for as long as we have used it.
C05630,Falcon Retail Co,Fintech,EMEA,Growth,71,3791.52,2025-09-02,2026-08-30,0,9,0,,The platform is fast and stable; no complaints. Highly recommended.
C05631,Zenith Capital Co,Retail,EMEA,Growth,32,1831.85,2023-06-08,2026-08-14,5,4,0,,Response times got noticeably worse over the last quarter. It has been a disappointing year.
C05632,Silverlake Studio,SaaS,EMEA,Enterprise,181,15046.89,2025-05-17,2026-08-25,1,7,0,,"Support is okay, sometimes quick, sometimes slow. Overall it is fine."
C05633,Quantum Retail,Retail,NA,Starter,12,352.58,2024-04-02,2026-07-17,3,8,0,,"Fine for simple questions, weaker on technical issues."
C05634,Brightline Labs Inc,SaaS,NA,Enterprise,166,13881.42,2024-12-19,2026-08-18,1,6,0,,We outgrew the product; it is fine for small teams but not for us.
C05635,Orbit Software,SaaS,EMEA,Enterprise,229,20089.43,2026-03-17,2026-07-09,0,7,0,,Reports are a bit slow at month end. Overall it is fine.
C05636,Ironclad Dynamics,Education,EMEA,Growth,43,2171.78,2026-01-10,2026-06-08,1,8,1,Low usage / no longer needed,It does the job; adoption is growing slowly.
C05637,Vertex Learning Inc,Fintech,APAC,Starter,6,176.11,2024-04-14,2026-08-13,4,5,0,,We opened four tickets for the same bug and got four different answers. Renewal is unlikely.
C05638,Granite Robotics Co,Education,EMEA,Starter,3,82.63,2025-06-24,2026-06-05,5,4,1,Too expensive,Too expensive compared with the alternatives we evaluated.
C05639,Atlas Supply Inc,SaaS,APAC,Enterprise,304,25981.39,2023-01-14,2026-08-12,2,4,0,,Honestly we barely used it; it never became part of our workflow. We are evaluating alternatives.
C05640,Frontier Group,Healthcare,LATAM,Enterprise,369,30869.33,2025-07-03,2026-08-15,0,9,0,,Connected to Snowflake in an afternoon.
C05641,Bluepeak Foods,Retail,EMEA,Growth,26,1443.29,2023-06-25,2026-08-19,1,7,0,,"The annual discount helped, monthly pricing feels steep. Overall it is fine."
C05642,Crescent Networks,Manufacturing,NA,Enterprise,334,28485.69,2026-03-06,2026-08-29,0,6,0,,Zapier is the only integration path and it is flaky. We are evaluating alternatives.
C05643,Solstice Works Ltd,Manufacturing,NA,Growth,17,1011.99,2024-01-16,2026-07-26,0,8,0,,Would prefer usage-based pricing over per-seat.
C05644,Sable Systems Inc,Retail,EMEA,Enterprise,189,15757.25,2025-06-11,2026-08-27,3,4,0,,Zapier is the only integration path and it is flaky. Would not recommend at this point.
C05645,Windmill Dynamics Co,Healthcare,EMEA,Starter,6,173.27,2025-04-30,2026-07-19,2,8,0,,Onboarding was fine but could use more templates. Happy enough to stay for now.
C05646,Tidewater Media GmbH,Fintech,NA,Starter,9,262.69,2023-11-22,2026-06-24,2,6,1,Too expensive,The price per seat is hard to justify for a team our size.
C05647,Beacon Works Inc,Healthcare,EMEA,Growth,24,1482.73,2025-12-05,2026-08-14,1,8,0,,Covers our core needs; advanced reporting is limited. We will see how the next release goes.
C05648,Tidewater Logistics Inc,SaaS,NA,Starter,5,143.18,2023-08-23,2026-08-24,5,4,0,,Response times got noticeably worse over the last quarter.
C05649,Solstice Retail,Retail,NA,Starter,2,60.35,2026-02-22,2026-07-25,3,6,1,Company downsized,The per-seat model punishes us every time we onboard a contractor.
C05650,Frontier Partners,SaaS,APAC,Growth,12,706.94,2024-10-16,2026-08-13,1,6,0,,The per-seat model punishes us every time we onboard a contractor.
C05651,Atlas Networks,Media,NA,Starter,5,152.52,2024-08-18,2026-05-15,6,3,1,Too expensive,Pricing jumped at renewal and nobody warned us.
C05652,Nimbus Labs LLC,Retail,EMEA,Growth,35,1902.39,2023-10-27,2026-04-29,1,9,1,Integration gaps,Plays nicely with every tool in our stack.
C05653,Ember Works Inc,Healthcare,EMEA,Starter,8,225.82,2023-01-11,2026-08-22,1,6,0,,"A competitor offered everything we needed at a lower price, so we switched. Renewal is unlikely."
C05654,Cobalt Logistics Inc,Retail,EMEA,Enterprise,330,26550.22,2025-06-11,2026-08-19,1,9,0,,Our account manager proactively checks in every month. Keep up the great work.
C05655,Pioneer Systems,Fintech,NA,Starter,3,86.88,2025-07-23,2026-07-12,2,6,0,,Our budget was cut and the platform was the first thing to go.
C05656,Harbor Software,SaaS,EMEA,Growth,29,1656.72,2025-12-11,2026-08-21,1,9,0,,Every ticket we raised was resolved the same day.
C05657,Orbit Health Ltd,Logistics,NA,Growth,43,2491.96,2026-05-15,2026-08-21,1,8,0,,Would love a two-way calendar sync. Happy enough to stay for now.
C05658,Halcyon Retail GmbH,Manufacturing,EMEA,Starter,5,139.95,2024-01-08,2026-08-15,2,7,0,,"Most of the team uses it weekly, a few power users daily."
C05659,Brightline Networks Co,SaaS,NA,Starter,3,84.6,2024-12-24,2026-08-23,2,6,0,,Response times got noticeably worse over the last quarter.
C05660,Solstice Media,Manufacturing,LATAM,Starter,6,178.04,2026-03-11,2026-08-28,0,8,0,,"The Slack integration is handy, the HubSpot one is limited."
C05661,Oakridge Labs Ltd,Retail,APAC,Starter,3,91.13,2024-12-24,2026-03-14,7,4,1,Integration gaps,It took weeks to import our data and the docs were out of date.
C05662,Pioneer Dynamics GmbH,SaaS,NA,Starter,3,89.54,2025-08-11,2026-08-27,1,8,0,,"Mostly stable, with the occasional slow dashboard. Some room for improvement."
C05663,Solstice Foods GmbH,Healthcare,NA,Starter,8,241.82,2025-06-29,2026-08-15,4,4,0,,Reporting is too rigid; we ended up exporting to spreadsheets anyway.
C05664,Cobalt Learning,SaaS,NA,Growth,40,2187.76,2026-06-14,2026-08-21,1,7,0,,The mobile app lags behind the web app. Overall it is fine.
C05665,Vertex Labs,SaaS,EMEA,Starter,4,115.69,2024-03-10,2026-08-21,0,9,0,,Our account manager proactively checks in every month.
C05666,Lumen Dynamics Ltd,Education,EMEA,Starter,4,125.33,2023-09-11,2026-08-19,0,9,0,,Excellent documentation and training videos. We plan to add more seats next quarter.
C05667,Crescent Retail Co,Fintech,EMEA,Starter,7,216.72,2026-03-14,2026-08-13,3,5,0,,Escalations go nowhere; we had to chase our account manager repeatedly.
C05668,Bluepeak Group Ltd,Media,APAC,Growth,21,1274.4,2024-08-11,2026-08-28,2,6,0,,The API is rate limited so aggressively that our sync jobs fail nightly.
C05669,Keystone Dynamics Ltd,Education,EMEA,Growth,43,2463.85,2023-09-05,2026-06-28,2,7,1,Budget cuts,Costs are acceptable for what we use today.
C05670,Sable Foods Co,Media,EMEA,Growth,22,1342.58,2025-03-28,2026-08-12,0,8,0,,Covers our core needs; advanced reporting is limited.
C05671,Brightline Logistics,Healthcare,NA,Growth,10,561.54,2025-12-22,2026-08-11,1,6,0,,The price per seat is hard to justify for a team our size. Frustrating overall.
C05672,Foxglove Labs,Media,EMEA,Growth,69,3780.03,2025-08-31,2026-08-14,1,5,0,,No phone support and email replies take forever. Renewal is unlikely.
C05673,Redwood Digital,Retail,EMEA,Starter,2,61.47,2024-03-04,2026-03-22,2,8,1,Low usage / no longer needed,Support quality varies a lot depending on who picks up the ticket.
C05674,Solstice Studio Inc,Healthcare,APAC,Starter,2,59.67,2026-03-09,2026-06-03,1,9,1,Too expensive,Pricing is fair but the Growth tier is a big jump from Starter.
C05675,Vertex Works GmbH,Retail,NA,Growth,13,765.05,2023-02-21,2026-07-26,3,6,0,,The mobile app crashes whenever we open a large report.
C05676,Nimbus Retail GmbH,Media,NA,Starter,6,184.5,2026-02-11,2026-08-14,2,8,0,,Covers our core needs; advanced reporting is limited. Some room for improvement.
C05677,Orbit Learning,SaaS,NA,Enterprise,213,18188.72,2023-08-22,2026-08-13,1,6,0,,We pay for features we never use; the plan tiers make no sense.
C05678,Crescent Systems,Healthcare,LATAM,Growth,28,1701.93,2023-10-29,2026-07-05,0,10,0,,Reliable exports and fast reports every time. We plan to add more seats next quarter.
C05679,Pioneer Robotics Ltd,Manufacturing,EMEA,Growth,41,2283.37,2024-02-06,2026-08-26,4,5,0,,Missing basic features like bulk edit and custom roles.
C05680,Granite Robotics,Retail,NA,Growth,29,1748.04,2024-06-23,2026-06-25,6,1,1,Onboarding too complex,The setup wizard failed twice and we gave up on the advanced features.
C05681,Evergreen Digital,Media,NA,Enterprise,249,21466.85,2023-03-03,2026-08-25,3,5,0,,We opened four tickets for the same bug and got four different answers. It has been a disappointing year.
C05682,Foxglove Dynamics,Retail,EMEA,Starter,5,152.54,2025-07-05,2026-08-13,1,6,0,,We opened four tickets for the same bug and got four different answers. Renewal is unlikely.
C05683,Riverbend Networks Inc,SaaS,APAC,Starter,7,214.61,2023-06-17,2026-05-12,6,4,1,Too expensive,Exports randomly fail with no error message. We are evaluating alternatives.
C05684,Brightline Health,Healthcare,LATAM,Enterprise,261,21566.85,2023-06-18,2026-08-20,2,7,0,,The tutorials are helpful; the data import could be smoother. Happy enough to stay for now.
C05685,Granite Group Ltd,Retail,APAC,Growth,29,1735.33,2023-01-07,2026-06-06,3,4,0,,The support team is friendly but never actually fixes anything. Would not recommend at this point.
C05686,Copperfield Partners Inc,SaaS,APAC,Starter,14,426.64,2026-05-09,2026-08-15,1,10,0,,"Great value for the price, especially on the annual plan."
C05687,Nimbus Studio Inc,SaaS,NA,Starter,6,173.08,2023-03-03,2026-02-07,5,3,1,Low usage / no longer needed,The setup wizard failed twice and we gave up on the advanced features.
C05688,Zenith Works LLC,SaaS,NA,Starter,7,192.37,2025-08-11,2026-02-14,3,7,1,Low usage / no longer needed,Onboarding was fine but could use more templates.
C05689,Ember Dynamics Inc,Manufacturing,EMEA,Growth,46,2432.28,2025-03-19,2026-08-23,1,6,0,,It took weeks to import our data and the docs were out of date.
C05690,Mosaic Robotics,Media,EMEA,Starter,11,308.29,2025-11-23,2026-08-25,2,8,0,,Tickets get resolved eventually but it takes follow-ups.
C05691,Cobalt Networks,Healthcare,NA,Starter,6,170.81,2024-07-28,2026-06-09,3,7,1,Poor support experience,Tickets get resolved eventually but it takes follow-ups.
C05692,Keystone Software,SaaS,EMEA,Starter,9,253.21,2026-03-03,2026-07-08,1,5,0,,The API is rate limited so aggressively that our sync jobs fail nightly.
C05693,Ember Group,Healthcare,NA,Enterprise,176,15420.06,2024-08-24,2026-08-14,0,9,0,,Feature releases ship every month and they listen to feedback.
C05694,Beacon Robotics Co,Media,NA,Growth,39,2116.23,2023-08-16,2026-05-02,2,5,1,Integration gaps,"No native Slack or HubSpot connector, so we had to build our own. We are evaluating alternatives."
C05695,Copperfield Labs Co,Manufacturing,NA,Growth,35,2017.33,2026-02-25,2026-08-15,2,8,0,,"Mostly stable, with the occasional slow dashboard. Happy enough to stay for now."
C05696,Pioneer Digital Co,Fintech,APAC,Enterprise,200,16069.09,2024-06-22,2026-08-16,2,7,0,,Would love a two-way calendar sync.
C05697,Cascade Logistics LLC,SaaS,EMEA,Starter,7,200.13,2023-01-08,2026-08-29,3,7,0,,"No major issues, some minor bugs here and there. Some room for improvement."
C05698,Orbit Retail LLC,Media,EMEA,Growth,58,3195.73,2025-04-11,2026-06-19,4,5,1,Poor support experience,We had three outages in one month during peak hours. Renewal is unlikely.
C05699,Nimbus Logistics Ltd,Media,APAC,Growth,18,1096.44,2024-02-14,2026-08-23,3,5,0,,The Salesforce integration breaks every other week. Renewal is unlikely.
C05700,Harbor Group,SaaS,APAC,Growth,33,1893.54,2025-11-15,2026-08-18,3,7,0,,Support quality varies a lot depending on who picks up the ticket.
C05701,Cobalt Retail Ltd,Manufacturing,NA,Growth,24,1385.51,2023-07-15,2026-08-01,1,7,0,,Would like faster responses on weekends. Happy enough to stay for now.
C05702,Summit Capital Co,SaaS,APAC,Enterprise,268,23448.35,2025-07-30,2026-08-22,1,8,0,,"Decent value, though we keep an eye on seat costs."
C05703,Granite Partners Inc,SaaS,NA,Starter,8,216.39,2025-11-25,2026-08-24,1,6,0,,The support team is friendly but never actually fixes anything. We are evaluating alternatives.
C05704,Silverlake Dynamics Co,Manufacturing,EMEA,Starter,12,360.13,2023-06-05,2026-08-25,0,8,0,,"Most of the team uses it weekly, a few power users daily."
C05705,Vertex Group GmbH,Healthcare,NA,Enterprise,152,12104.67,2025-01-16,2026-08-23,0,9,0,,Custom roles and audit logs made our compliance team happy. Would buy again without hesitation.
C05706,Ironclad Health Ltd,Retail,NA,Starter,1,29.52,2025-04-03,2026-04-23,2,6,1,Company downsized,Pricing jumped at renewal and nobody warned us. We are evaluating alternatives.
C05707,Solstice Networks Co,Media,EMEA,Growth,14,863.31,2026-03-22,2026-03-23,1,6,1,Integration gaps,Webhook payloads changed without notice and broke our pipeline. It has been a disappointing year.
C05708,Brightline Logistics GmbH,Media,NA,Starter,11,330.32,2024-01-11,2026-08-14,1,8,0,,Documentation is solid but a guided setup call would have helped.
C05709,Oakridge Robotics,SaaS,EMEA,Enterprise,290,22803.43,2024-09-12,2026-08-19,3,7,0,,Would like faster responses on weekends.
C05710,Zenith Systems Inc,Healthcare,EMEA,Growth,71,3826.08,2024-06-02,2026-08-14,0,10,0,,Dashboards load instantly even on huge datasets. Highly recommended.
C05711,Zenith Learning LLC,Manufacturing,EMEA,Enterprise,164,14196.36,2024-04-21,2026-08-16,1,9,0,,Plays nicely with every tool in our stack.
C05712,Evergreen Labs LLC,Healthcare,NA,Growth,47,2649.89,2026-06-22,2026-08-30,0,9,0,,Webhooks are reliable and easy to configure. Highly recommended.
C05713,Pioneer Robotics,Logistics,NA,Enterprise,231,19653.2,2025-04-16,2026-07-15,1,7,0,,"Our account manager is responsive, tier-1 support less so. Some room for improvement."
C05714,Stellar Dynamics,Education,NA,Growth,23,1237.5,2023-07-20,2026-08-23,1,4,0,,The per-seat model punishes us every time we onboard a contractor.
C05715,Stellar Learning LLC,SaaS,APAC,Growth,30,1854.82,2026-01-07,2026-08-21,1,4,0,,We outgrew the product; it is fine for small teams but not for us.
C05716,Brightline Dynamics Ltd,SaaS,APAC,Growth,23,1431.7,2023-05-14,2026-06-24,2,6,0,,Data was missing for two days and nobody told us why. It has been a disappointing year.
C05717,Meridian Dynamics,Manufacturing,NA,Growth,44,2430.09,2026-01-23,2026-08-30,1,5,0,,Overage charges were a nasty surprise on the invoice. Frustrating overall.
C05718,Meridian Learning Co,Logistics,EMEA,Growth,28,1667.1,2024-06-06,2026-08-13,0,8,0,,"Mostly stable, with the occasional slow dashboard. Happy enough to stay for now."
C05719,Northwind Learning,SaaS,EMEA,Starter,6,177.5,2025-05-12,2026-02-03,3,6,1,Low usage / no longer needed,It took weeks to import our data and the docs were out of date. It has been a disappointing year.
C05720,Harbor Labs Inc,SaaS,LATAM,Starter,7,214.86,2026-01-07,2026-03-24,5,3,1,Poor support experience,The support team is friendly but never actually fixes anything. Frustrating overall.
C05721,Copperfield Networks,Manufacturing,NA,Growth,62,3436.03,2026-01-17,2026-01-19,3,6,1,Too expensive,We pay for features we never use; the plan tiers make no sense.
C05722,Bluepeak Logistics GmbH,SaaS,EMEA,Starter,6,172.67,2023-07-26,2026-08-12,0,10,0,,Onboarding was smooth and the whole team was productive in a week. We plan to add more seats next quarter.
C05723,Silverlake Partners Ltd,SaaS,EMEA,Growth,22,1317.81,2024-06-01,2026-08-26,2,7,0,,Feature set is competitive but not best in class.
C05724,Redwood Retail,Media,NA,Starter,4,115.95,2023-04-13,2026-08-14,0,7,0,,"Support is okay, sometimes quick, sometimes slow. Overall it is fine."
C05725,Sable Works,Manufacturing,NA,Starter,3,87.0,2025-03-31,2026-08-29,0,7,0,,"Reliable overall, exports could be faster."
C05726,Redwood Health,Media,NA,Growth,28,1535.31,2024-06-18,2026-08-13,1,8,0,,Would love a two-way calendar sync.
C05727,Harbor Capital,Education,EMEA,Starter,12,355.28,2026-06-28,2026-08-27,1,7,0,,We are still ramping up usage across the team.
C05728,Evergreen Partners Co,Fintech,EMEA,Enterprise,332,29246.92,2025-03-17,2026-08-29,1,9,0,,Onboarding was smooth and the whole team was productive in a week.
C05729,Foxglove Digital Co,Media,EMEA,Enterprise,69,6612.12,2024-07-13,2026-08-19,0,10,0,,Powerful yet simple; it grows with us. We plan to add more seats next quarter.
C05730,Falcon Networks,Fintech,NA,Starter,7,210.72,2023-07-17,2026-08-11,2,8,0,,"The annual discount helped, monthly pricing feels steep."
C05731,Cascade Foods,Fintech,APAC,Starter,11,318.32,2024-01-02,2026-08-12,4,6,0,,Response times got noticeably worse over the last quarter.
C05732,Redwood Logistics Co,Media,NA,Starter,5,145.84,2025-10-23,2026-08-24,1,9,0,,Dashboards load instantly even on huge datasets. We plan to add more seats next quarter.
C05733,Keystone Supply GmbH,Education,LATAM,Growth,63,3621.55,2023-07-02,2026-08-30,1,7,0,,Uptime is fine; performance on large filters could improve.
C05734,Redwood Software,Media,NA,Starter,4,120.02,2025-12-15,2026-03-21,3,6,1,Integration gaps,We could not connect it to our data warehouse without a consultant.
C05735,Vertex Works Co,SaaS,APAC,Enterprise,136,12124.82,2025-02-07,2026-08-27,1,7,0,,Covers our core needs; advanced reporting is limited.
C05736,Pioneer Group,Logistics,APAC,Enterprise,223,18260.5,2024-10-28,2026-08-18,0,7,0,,"Mostly stable, with the occasional slow dashboard."
C05737,Northwind Learning Co,Healthcare,APAC,Starter,5,141.06,2024-08-31,2026-08-22,0,7,0,,Useful tool; the roadmap looks promising. Some room for improvement.
C05738,Falcon Health Co,Education,APAC,Growth,58,3140.12,2023-02-08,2026-08-13,1,6,0,,We were never shown how to use the reporting module.
C05739,Zenith Supply,Logistics,NA,Growth,26,1476.14,2023-10-16,2026-08-30,4,3,0,,Frequent logouts and stale sessions made it unusable for the field team.
C05740,Halcyon Works Ltd,Retail,EMEA,Growth,34,1766.97,2024-10-20,2026-08-16,0,10,0,,Dashboards load instantly even on huge datasets. We plan to add more seats next quarter.
C05741,Frontier Networks,Education,EMEA,Starter,4,118.17,2024-09-11,2026-08-12,0,6,0,,We opened four tickets for the same bug and got four different answers. We are evaluating alternatives.
C05742,Pioneer Capital LLC,Education,NA,Growth,58,3233.45,2023-10-01,2026-08-17,0,10,0,,Great templates got us started immediately.
C05743,Crescent Supply Inc,Manufacturing,LATAM,Starter,6,175.71,2025-10-21,2026-07-27,10,0,1,Reliability issues,Exports randomly fail with no error message.
C05744,Northwind Robotics GmbH,Media,NA,Enterprise,102,8704.75,2024-07-23,2026-06-10,0,8,0,,Setup for SSO was fiddly but works now. Some room for improvement.
C05745,Halcyon Capital LLC,Education,NA,Starter,12,327.63,2024-05-09,2026-08-24,3,6,0,,Overage charges were a nasty surprise on the invoice. Frustrating overall.
C05746,Northwind Retail LLC,SaaS,APAC,Growth,43,2314.1,2025-08-27,2026-08-11,1,5,0,,No phone support and email replies take forever.
C05747,Juniper Robotics Ltd,SaaS,NA,Enterprise,127,10561.6,2023-07-09,2026-08-28,2,7,0,,Would like faster responses on weekends.
C05748,Copperfield Media,Logistics,NA,Growth,41,2254.03,2023-03-11,2026-08-14,1,6,0,,We had three outages in one month during peak hours.
C05749,Summit Learning GmbH,Logistics,NA,Growth,42,2169.98,2024-02-16,2026-08-12,0,10,0,,The platform is fast and stable; no complaints. Keep up the great work.
C05750,Summit Health,Logistics,APAC,Starter,11,307.16,2023-01-01,2026-08-15,3,7,0,,Good enough integration options for our stack.
C05751,Bluepeak Networks Ltd,SaaS,APAC,Growth,62,3342.55,2024-04-18,2026-08-15,3,7,0,,"Reliable overall, exports could be faster."
C05752,Stellar Health Co,Retail,NA,Starter,6,181.37,2023-06-20,2026-01-29,2,5,1,Missing features,We outgrew the product; it is fine for small teams but not for us. Frustrating overall.
C05753,Oakridge Systems,Manufacturing,EMEA,Enterprise,291,24744.15,2025-04-21,2026-01-12,0,8,1,Switched to competitor,"Does what it says, nothing spectacular. Some room for improvement."
C05754,Beacon Robotics,Manufacturing,EMEA,Starter,5,150.93,2023-02-27,2026-08-22,2,7,0,,"Setup took longer than expected, mostly on our side."
C05755,Sable Analytics,SaaS,EMEA,Starter,7,202.01,2023-09-21,2026-08-28,3,6,0,,No phone support and email replies take forever.
C05756,Keystone Media Co,Healthcare,EMEA,Growth,35,1920.53,2023-11-29,2026-08-20,2,7,0,,"The annual discount helped, monthly pricing feels steep."
C05757,Falcon Networks,SaaS,LATAM,Starter,7,207.05,2025-01-31,2026-08-13,6,5,0,,The mobile app crashes whenever we open a large report.
C05758,Cobalt Logistics Co,Retail,NA,Enterprise,71,6490.63,2024-05-30,2026-08-21,2,8,0,,Integrations cover the basics; we still miss a native Jira connector.
C05759,Ironclad Health Co,Fintech,NA,Starter,8,226.2,2025-09-07,2026-02-14,3,5,1,Integration gaps,SSO setup with Okta took three support tickets to get working. Would not recommend at this point.
C05760,Bluepeak Capital,SaaS,EMEA,Starter,7,190.9,2025-09-21,2026-08-15,3,7,0,,Uptime is fine; performance on large filters could improve.
C05761,Cascade Systems,SaaS,NA,Growth,22,1266.96,2024-05-06,2026-08-11,3,6,0,,Performance degraded badly as our dataset grew.
C05762,Riverbend Digital Ltd,Logistics,EMEA,Growth,33,1871.27,2023-02-08,2026-08-11,0,9,0,,Dashboards load instantly even on huge datasets.
C05763,Meridian Retail GmbH,Manufacturing,NA,Enterprise,239,21126.03,2026-05-10,2026-08-13,0,8,0,,"Most of the team uses it weekly, a few power users daily."
C05764,Atlas Logistics GmbH,Logistics,NA,Starter,2,56.21,2024-03-23,2026-06-27,3,6,1,Switched to competitor,"A competitor offered everything we needed at a lower price, so we switched."
C05765,Ember Dynamics Ltd,Retail,LATAM,Starter,3,80.97,2024-11-17,2026-08-26,3,6,0,,Response times got noticeably worse over the last quarter. Renewal is unlikely.
C05766,Pioneer Studio GmbH,Retail,NA,Starter,13,390.97,2026-03-31,2026-07-24,1,8,0,,Support quality varies a lot depending on who picks up the ticket. Overall it is fine.
C05767,Cascade Foods,Fintech,EMEA,Starter,9,261.72,2025-04-11,2026-06-19,1,9,0,,The mobile app is snappy and dependable.
C05768,Northwind Software,Healthcare,APAC,Growth,46,2388.02,2025-01-05,2026-08-19,0,9,0,,"Support is outstanding, replies within the hour. Highly recommended."
C05769,Nimbus Analytics GmbH,Fintech,NA,Starter,12,304.7,2024-03-09,2026-08-17,2,5,0,,We had three outages in one month during peak hours. Would not recommend at this point.
C05770,Halcyon Partners,Manufacturing,NA,Growth,34,1793.69,2025-11-20,2026-08-16,1,10,0,,Pricing is transparent and scales sensibly with our team.
C05771,Aurora Partners,Manufacturing,NA,Enterprise,75,6777.38,2023-09-06,2026-08-28,2,5,0,,Exports randomly fail with no error message.
C05772,Juniper Works,Media,EMEA,Starter,5,138.32,2024-09-08,2026-08-21,2,7,0,,"Most of the team uses it weekly, a few power users daily."
C05773,Stellar Partners Ltd,Fintech,NA,Growth,26,1576.46,2024-03-22,2026-08-19,2,6,0,,It took weeks to import our data and the docs were out of date.
C05774,Juniper Logistics,Healthcare,EMEA,Starter,7,196.4,2023-05-05,2026-08-17,1,9,0,,Support even helped us design our dashboards. Highly recommended.
C05775,Crescent Analytics,Fintech,NA,Growth,43,2360.58,2023-12-20,2026-08-27,3,6,0,,Pricing jumped at renewal and nobody warned us.
C05776,Lumen Logistics,SaaS,NA,Starter,5,158.77,2023-08-27,2026-08-18,3,7,0,,Would like faster responses on weekends. Some room for improvement.
C05777,Crescent Learning LLC,Education,NA,Growth,32,1764.09,2023-04-26,2026-08-23,1,8,0,,Uptime is fine; performance on large filters could improve.
C05778,Ember Networks Ltd,Healthcare,NA,Starter,11,317.53,2025-08-25,2026-08-18,3,6,0,,"No native Slack or HubSpot connector, so we had to build our own."
C05779,Sable Systems,Education,NA,Starter,5,144.46,2025-06-26,2026-08-26,1,5,0,,The API is rate limited so aggressively that our sync jobs fail nightly. Frustrating overall.
C05780,Evergreen Dynamics Ltd,SaaS,LATAM,Starter,8,238.21,2026-01-07,2026-08-12,3,5,0,,The Salesforce integration breaks every other week. Frustrating overall.
C05781,Tidewater Analytics Inc,Logistics,NA,Starter,4,118.53,2023-02-08,2026-08-23,2,5,0,,The price per seat is hard to justify for a team our size. We are evaluating alternatives.
C05782,Granite Networks Ltd,Logistics,EMEA,Enterprise,105,8481.06,2024-08-19,2026-08-31,0,7,0,,"Mostly stable, with the occasional slow dashboard."
C05783,Halcyon Dynamics,Retail,EMEA,Starter,3,85.57,2025-04-22,2026-06-04,9,3,1,Company downsized,Too expensive compared with the alternatives we evaluated. Renewal is unlikely.
C05784,Crescent Media Inc,Media,EMEA,Enterprise,174,14251.26,2024-09-20,2026-08-25,2,7,0,,Uptime is fine; performance on large filters could improve. Happy enough to stay for now.
C05785,Atlas Analytics Inc,Fintech,EMEA,Growth,68,3688.98,2023-02-02,2026-08-24,0,9,0,,Uptime has been perfect for as long as we have used it.
C05786,Bluepeak Systems LLC,Manufacturing,NA,Starter,4,124.48,2024-07-28,2026-08-18,3,6,0,,Chat support only sends links to docs we have already read. Would not recommend at this point.
C05787,Summit Studio Ltd,Media,EMEA,Starter,6,178.3,2023-06-08,2026-08-31,1,10,0,,Automation rules removed a ton of manual work.
C05788,Solstice Foods,Manufacturing,NA,Starter,10,289.07,2023-01-24,2026-08-23,3,6,0,,We opened four tickets for the same bug and got four different answers. Renewal is unlikely.
C05789,Keystone Health,Manufacturing,APAC,Enterprise,422,37279.1,2025-07-21,2026-08-28,2,7,0,,"Reliable overall, exports could be faster."
C05790,Beacon Retail,Retail,NA,Starter,15,438.28,2023-05-02,2026-04-05,4,4,1,Poor support experience,We opened four tickets for the same bug and got four different answers. Frustrating overall.
C05791,Lumen Software,Manufacturing,EMEA,Enterprise,218,17142.72,2024-01-17,2026-08-24,0,10,0,,Dashboards load instantly even on huge datasets. We plan to add more seats next quarter.
C05792,Ember Partners Co,Education,EMEA,Starter,7,216.51,2026-06-19,2026-06-20,0,8,0,,Support quality varies a lot depending on who picks up the ticket. Some room for improvement.
C05793,Foxglove Retail,SaaS,EMEA,Starter,7,201.73,2026-04-24,2026-08-05,2,9,0,,"We were live in two days, which is unheard of for us. Would buy again without hesitation."
C05794,Bluepeak Retail,SaaS,NA,Starter,9,237.45,2023-02-23,2026-08-15,1,7,0,,"Good product, waiting on the custom fields feature. We will see how the next release goes."
C05795,Silverlake Capital Inc,Manufacturing,EMEA,Growth,28,1546.3,2024-05-26,2026-08-13,2,6,0,,Data was missing for two days and nobody told us why. Frustrating overall.
C05796,Meridian Software,Healthcare,EMEA,Growth,46,2637.87,2024-03-21,2026-08-30,0,8,0,,"One outage this quarter, communicated well. We will see how the next release goes."
C05797,Halcyon Media GmbH,Retail,EMEA,Enterprise,153,12059.5,2025-03-04,2026-08-24,1,6,0,,We could not connect it to our data warehouse without a consultant.
C05798,Brightline Works Ltd,Media,NA,Starter,3,91.7,2025-05-31,2026-06-28,1,7,1,Low usage / no longer needed,"Setup took longer than expected, mostly on our side."
C05799,Frontier Dynamics Co,Education,NA,Starter,10,290.94,2023-04-06,2026-08-23,2,6,0,,Escalations go nowhere; we had to chase our account manager repeatedly. Would not recommend at this point.
C05800,Northwind Logistics Ltd,Retail,NA,Growth,37,2088.16,2024-06-26,2026-03-01,1,9,1,Missing features,Covers our core needs; advanced reporting is limited.
C05801,Juniper Labs,Retail,APAC,Growth,17,992.7,2023-12-24,2026-08-17,3,5,0,,The roadmap items we were promised never shipped. Frustrating overall.
C05802,Sable Health,Healthcare,NA,Enterprise,179,15378.18,2026-06-07,2026-08-23,4,4,0,,Data was missing for two days and nobody told us why.
C05803,Northwind Capital,Manufacturing,EMEA,Starter,9,264.3,2024-01-08,2026-08-19,1,10,0,,The platform is fast and stable; no complaints.
C05804,Riverbend Learning,Healthcare,EMEA,Growth,33,1807.92,2023-02-11,2026-08-30,0,9,0,,Powerful yet simple; it grows with us.
C05805,Harbor Dynamics Inc,Retail,EMEA,Starter,6,166.58,2025-03-07,2026-08-28,2,8,0,,We are still ramping up usage across the team.
C05806,Evergreen Learning LLC,Education,EMEA,Enterprise,225,19205.28,2026-01-20,2026-06-14,0,9,0,,Best customer success team we have worked with.
C05807,Halcyon Health,Education,EMEA,Starter,2,53.78,2025-11-14,2026-08-20,0,10,0,,The reporting and forecasting features are exactly what we needed. We plan to add more seats next quarter.
C05808,Cobalt Studio Ltd,Media,EMEA,Enterprise,242,21123.07,2023-06-21,2026-08-24,2,10,0,,Every ticket we raised was resolved the same day.
C05809,Frontier Supply,SaaS,NA,Starter,4,116.91,2025-08-05,2026-08-11,2,7,0,,Would prefer usage-based pricing over per-seat.
C05810,Foxglove Robotics,Manufacturing,APAC,Growth,13,781.24,2023-09-19,2026-08-12,1,7,0,,"Support is okay, sometimes quick, sometimes slow."
C05811,Cobalt Supply,Retail,LATAM,Enterprise,142,10698.49,2023-07-04,2026-08-30,0,8,0,,"Most of the team uses it weekly, a few power users daily. Happy enough to stay for now."
C05812,Mosaic Software,SaaS,EMEA,Enterprise,125,10045.1,2024-11-05,2026-08-12,0,5,0,,The price per seat is hard to justify for a team our size.
C05813,Windmill Logistics Inc,Education,LATAM,Growth,50,2688.0,2025-10-24,2026-08-07,1,9,0,,The reporting and forecasting features are exactly what we needed.
C05814,Evergreen Analytics Co,Education,LATAM,Starter,5,148.91,2026-01-16,2026-08-29,4,6,0,,Exports randomly fail with no error message.
C05815,Oakridge Partners,Healthcare,EMEA,Enterprise,203,16438.23,2025-02-28,2026-08-29,0,10,0,,The reporting and forecasting features are exactly what we needed.
C05816,Redwood Works Ltd,Manufacturing,EMEA,Growth,47,2841.73,2024-06-12,2026-08-18,3,3,0,,The per-seat model punishes us every time we onboard a contractor.
C05817,Halcyon Systems,Fintech,EMEA,Growth,15,875.68,2025-01-17,2026-08-20,4,5,0,,The support team is friendly but never actually fixes anything. Frustrating overall.
C05818,Frontier Health GmbH,SaaS,NA,Starter,12,333.86,2024-01-10,2026-08-25,2,4,0,,Half the team stopped logging in after the first month. Frustrating overall.
C05819,Zenith Supply,Fintech,NA,Starter,8,230.27,2023-06-22,2026-07-27,5,1,1,Switched to competitor,The forecasting module is too simplistic for our use case.
C05820,Bluepeak Labs,Retail,EMEA,Starter,6,167.38,2024-05-27,2026-08-27,0,7,0,,"Setup took longer than expected, mostly on our side."
C05821,Meridian Logistics,Education,APAC,Growth,34,1777.2,2023-08-04,2026-08-24,1,4,0,,It took weeks to import our data and the docs were out of date. We are evaluating alternatives.
C05822,Nimbus Supply,Media,NA,Starter,6,181.04,2023-05-01,2026-08-20,2,8,0,,Covers our core needs; advanced reporting is limited.
C05823,Windmill Software Co,Education,APAC,Starter,9,266.36,2025-08-11,2026-08-13,3,6,0,,Webhook payloads changed without notice and broke our pipeline.
C05824,Oakridge Supply Inc,SaaS,EMEA,Enterprise,251,21557.72,2025-12-05,2026-08-20,1,10,0,,The API is clean and well documented; we automated everything. Highly recommended.
C05825,Granite Analytics GmbH,Retail,EMEA,Growth,67,3864.04,2025-08-13,2026-08-14,0,8,0,,"Fine for simple questions, weaker on technical issues. Happy enough to stay for now."
C05826,Halcyon Retail,SaaS,NA,Enterprise,321,27537.99,2026-03-13,2026-07-15,1,9,0,,Feature releases ship every month and they listen to feedback.
C05827,Windmill Labs GmbH,Education,EMEA,Starter,5,138.81,2024-09-10,2026-08-20,4,6,0,,Response times got noticeably worse over the last quarter. We are evaluating alternatives.
C05828,Cascade Learning GmbH,Fintech,NA,Starter,3,89.47,2025-05-12,2026-08-08,2,7,0,,Reports are a bit slow at month end. We will see how the next release goes.
C05829,Nimbus Retail Co,Healthcare,NA,Growth,25,1408.53,2023-09-16,2026-08-23,0,7,0,,Uptime is fine; performance on large filters could improve.
C05830,Foxglove Foods Co,Manufacturing,NA,Starter,8,227.56,2024-07-21,2026-08-16,3,6,0,,The roadmap items we were promised never shipped. It has been a disappointing year.
C05831,Granite Studio GmbH,Education,NA,Growth,60,3286.18,2023-05-09,2026-08-25,3,7,0,,"One outage this quarter, communicated well."
C05832,Falcon Group Inc,Fintech,NA,Starter,5,144.15,2025-02-22,2026-08-15,8,3,0,,Escalations go nowhere; we had to chase our account manager repeatedly. Renewal is unlikely.
C05833,Bluepeak Digital Co,Fintech,EMEA,Growth,20,1095.46,2024-07-10,2026-08-28,0,7,0,,We sync with our warehouse nightly and it mostly works.
C05834,Orbit Studio,Education,NA,Starter,5,139.39,2024-12-05,2026-01-04,4,5,1,Onboarding too complex,"No audit log, which our compliance team requires."
C05835,Keystone Analytics,Healthcare,NA,Growth,11,648.42,2025-12-26,2026-08-30,3,6,0,,Onboarding was confusing and we never really got set up properly. Frustrating overall.
C05836,Zenith Digital,SaaS,APAC,Enterprise,233,19128.0,2023-03-07,2026-06-17,1,8,0,,The mobile app lags behind the web app.
C05837,Atlas Digital Co,Media,EMEA,Starter,6,181.84,2024-07-21,2026-08-28,3,8,0,,Tickets get resolved eventually but it takes follow-ups.
C05838,Meridian Retail Co,Retail,LATAM,Starter,4,122.02,2024-05-18,2026-08-19,6,3,0,,The Salesforce integration breaks every other week.
C05839,Ember Partners,Retail,EMEA,Growth,36,1886.8,2025-08-02,2026-08-20,0,9,0,,Performance is excellent even at month-end peaks. Keep up the great work.
C05840,Bluepeak Health,SaaS,NA,Growth,24,1419.38,2025-04-18,2026-08-15,0,9,0,,The guided setup made data import painless. We plan to add more seats next quarter.
C05841,Oakridge Works Inc,Retail,APAC,Starter,12,370.03,2025-07-08,2026-01-22,0,8,1,Budget cuts,"Setup took longer than expected, mostly on our side. Some room for improvement."
C05842,Northwind Foods,Fintech,APAC,Starter,10,288.44,2025-12-17,2026-08-15,0,9,0,,Pricing is transparent and scales sensibly with our team. Keep up the great work.
C05843,Copperfield Retail Ltd,Fintech,EMEA,Growth,58,3130.65,2024-01-16,2026-08-14,1,9,0,,Feature releases ship every month and they listen to feedback.
C05844,Solstice Systems,Healthcare,EMEA,Growth,43,2440.59,2024-04-03,2026-08-13,1,7,0,,"Our account manager is responsive, tier-1 support less so. Some room for improvement."
C05845,Zenith Logistics,Retail,EMEA,Growth,44,2387.8,2024-03-18,2026-08-14,2,9,0,,Onboarding was smooth and the whole team was productive in a week.
C05846,Keystone Health,Media,EMEA,Starter,14,426.64,2025-11-11,2026-08-17,3,9,0,,"Fast, friendly and technically sharp support."
C05847,Foxglove Analytics,Logistics,APAC,Enterprise,268,22015.69,2024-08-15,2026-07-30,0,9,0,,Webhooks are reliable and easy to configure.
C05848,Nimbus Dynamics,SaaS,EMEA,Starter,13,369.84,2025-08-23,2026-08-29,4,6,0,,Support tickets sit for days before anyone replies. We are evaluating alternatives.
C05849,Harbor Supply,SaaS,NA,Starter,5,149.58,2023-11-09,2026-08-12,2,8,0,,We are still ramping up usage across the team.
C05850,Aurora Studio Ltd,Manufacturing,NA,Growth,43,2368.9,2026-03-31,2026-08-26,0,9,0,,We expanded to two more teams because it works so well.
C05851,Copperfield Studio Ltd,Logistics,NA,Growth,43,2369.64,2024-09-09,2026-08-11,1,8,0,,"Setup took longer than expected, mostly on our side."
C05852,Orbit Media,Media,NA,Growth,48,2432.61,2026-06-16,2026-08-19,2,9,0,,Uptime has been perfect for as long as we have used it.
C05853,Aurora Digital GmbH,SaaS,NA,Starter,5,142.95,2024-07-24,2026-08-19,1,8,0,,"Decent value, though we keep an eye on seat costs. Some room for improvement."
C05854,Halcyon Media Co,Fintech,APAC,Starter,8,240.02,2023-02-23,2026-08-03,0,9,0,,Every ticket we raised was resolved the same day.
C05855,Brightline Software,SaaS,NA,Growth,43,2285.45,2023-12-02,2026-08-24,2,6,0,,Too expensive compared with the alternatives we evaluated.
C05856,Granite Learning Ltd,Manufacturing,NA,Starter,2,59.63,2024-07-12,2026-08-31,1,8,0,,The help center is good; live support is average.
C05857,Bluepeak Dynamics,Healthcare,NA,Growth,54,2994.74,2023-06-19,2026-07-11,4,7,0,,"Support is okay, sometimes quick, sometimes slow."
C05858,Cobalt Capital,Retail,EMEA,Growth,37,2013.97,2025-09-14,2026-08-21,3,6,0,,Adoption stalled because the learning curve is steep.
C05859,Foxglove Analytics,Healthcare,EMEA,Starter,14,428.05,2024-03-20,2026-08-27,1,8,0,,Uptime is fine; performance on large filters could improve. Happy enough to stay for now.
C05860,Oakridge Systems GmbH,Fintech,EMEA,Growth,28,1629.54,2025-11-16,2026-08-11,2,6,0,,We were never shown how to use the reporting module. It has been a disappointing year.
C05861,Halcyon Studio,Healthcare,LATAM,Enterprise,200,16648.14,2026-05-15,2026-08-22,0,9,0,,Connected to Snowflake in an afternoon.
C05862,Falcon Foods,SaaS,LATAM,Growth,33,1795.42,2023-04-16,2026-06-30,4,7,0,,The help center is good; live support is average.
C05863,Lumen Labs,Education,APAC,Starter,2,58.19,2023-12-22,2026-08-23,3,7,0,,Would like faster responses on weekends.
C05864,Ember Media GmbH,Manufacturing,APAC,Growth,32,1809.71,2025-02-13,2026-08-24,6,5,0,,Exports randomly fail with no error message. Would not recommend at this point.
C05865,Juniper Supply,Education,NA,Enterprise,225,17818.51,2026-01-09,2026-08-17,1,7,0,,The mobile app lags behind the web app.
C05866,Falcon Media GmbH,Fintech,EMEA,Growth,27,1648.31,2026-02-20,2026-08-19,2,6,0,,Our budget was cut and the platform was the first thing to go.
C05867,Foxglove Partners Co,Manufacturing,NA,Starter,7,203.55,2023-09-06,2026-08-23,1,7,0,,"Solid basics, some rough edges in the admin console. Some room for improvement."
C05868,Vertex Media Ltd,Education,APAC,Starter,8,237.14,2023-10-17,2026-07-02,2,7,1,Onboarding too complex,It does the job; adoption is growing slowly. Happy enough to stay for now.
C05869,Summit Foods Inc,SaaS,NA,Growth,31,1863.71,2023-09-11,2026-07-14,1,9,1,Switched to competitor,The reporting and forecasting features are exactly what we needed. We plan to add more seats next quarter.
C05870,Tidewater Partners,SaaS,NA,Growth,29,1675.98,2024-03-19,2026-06-16,7,7,0,,Reports are a bit slow at month end.
C05871,Redwood Retail LLC,Healthcare,NA,Enterprise,248,19846.88,2025-02-19,2026-05-12,5,4,1,Onboarding too complex,The setup wizard failed twice and we gave up on the advanced features.
C05872,Atlas Health LLC,Fintech,EMEA,Enterprise,135,11448.31,2024-05-18,2026-08-14,0,10,0,,Our account manager proactively checks in every month. Would buy again without hesitation.
C05873,Pioneer Analytics Co,SaaS,EMEA,Starter,11,323.49,2025-07-15,2026-08-17,1,8,0,,The help center is good; live support is average. Happy enough to stay for now.
C05874,Lumen Capital Ltd,SaaS,NA,Growth,19,1160.08,2024-05-18,2026-08-25,5,2,0,,The mobile app crashes whenever we open a large report.
C05875,Granite Dynamics Co,SaaS,EMEA,Starter,8,227.0,2025-01-22,2026-08-26,4,6,0,,We opened four tickets for the same bug and got four different answers. Renewal is unlikely.
C05876,Falcon Retail,Retail,NA,Starter,7,196.26,2024-12-17,2026-08-25,2,10,0,,Onboarding was smooth and the whole team was productive in a week.
C05877,Ironclad Partners Co,Healthcare,APAC,Starter,5,136.11,2023-11-20,2026-06-20,2,8,0,,Reports are a bit slow at month end.
C05878,Ironclad Studio GmbH,SaaS,NA,Enterprise,393,31261.98,2023-03-19,2026-08-26,0,8,0,,"Fine for simple questions, weaker on technical issues."
C05879,Zenith Capital,Education,NA,Starter,7,199.62,2023-10-09,2026-07-13,4,5,0,,"A competitor offered everything we needed at a lower price, so we switched."
C05880,Brightline Systems,Fintech,EMEA,Growth,53,2894.55,2025-09-21,2026-08-13,0,7,0,,"Good product, waiting on the custom fields feature."
C05881,Summit Digital,Fintech,EMEA,Starter,9,282.56,2025-08-11,2026-07-14,5,4,1,Too expensive,Honestly we barely used it; it never became part of our workflow. Would not recommend at this point.
C05882,Cobalt Group Inc,Fintech,APAC,Starter,6,162.22,2023-06-06,2026-08-28,1,7,0,,"Does what it says, nothing spectacular."
C05883,Halcyon Learning,Manufacturing,EMEA,Growth,48,2669.09,2024-05-05,2026-02-14,2,8,1,Low usage / no longer needed,Support quality varies a lot depending on who picks up the ticket.
C05884,Lumen Retail Inc,Logistics,LATAM,Starter,9,253.42,2025-11-03,2026-02-26,3,7,1,Missing features,Useful tool; the roadmap looks promising.
C05885,Sable Analytics LLC,Retail,NA,Starter,3,87.78,2025-10-26,2026-01-04,5,3,1,Company downsized,Too expensive compared with the alternatives we evaluated.
C05886,Ember Supply GmbH,SaaS,NA,Growth,27,1557.75,2023-01-22,2026-07-27,4,3,0,,Escalations go nowhere; we had to chase our account manager repeatedly. We are evaluating alternatives.
C05887,Lumen Dynamics Inc,Fintech,LATAM,Growth,65,3714.26,2025-09-29,2026-07-01,0,10,0,,"Best-in-class dashboards, our execs love them. Keep up the great work."
C05888,Frontier Works GmbH,SaaS,NA,Growth,65,3713.38,2025-10-01,2026-01-16,1,7,1,Reliability issues,"No major issues, some minor bugs here and there."
C05889,Sable Dynamics,Media,APAC,Enterprise,162,13570.63,2023-05-29,2026-08-13,1,7,0,,Setup for SSO was fiddly but works now. Some room for improvement.
C05890,Evergreen Group Inc,SaaS,NA,Starter,5,153.35,2024-03-29,2026-08-26,3,5,0,,The support team is friendly but never actually fixes anything. Renewal is unlikely.
C05891,Granite Analytics Inc,Logistics,EMEA,Starter,13,388.46,2023-03-10,2026-02-28,7,3,1,Low usage / no longer needed,Onboarding was confusing and we never really got set up properly. It has been a disappointing year.
C05892,Halcyon Supply Co,Healthcare,NA,Starter,5,153.08,2025-04-16,2026-01-27,2,6,1,Low usage / no longer needed,Half the team stopped logging in after the first month.
C05893,Copperfield Analytics Inc,Retail,EMEA,Enterprise,237,19909.14,2026-01-04,2026-07-29,1,6,0,,"A competitor offered everything we needed at a lower price, so we switched."
C05894,Harbor Studio,Media,APAC,Starter,7,210.73,2023-08-17,2026-08-12,1,8,0,,We sync with our warehouse nightly and it mostly works.
C05895,Silverlake Systems LLC,SaaS,NA,Starter,6,168.65,2024-03-25,2026-08-22,6,6,0,,The support team is friendly but never actually fixes anything. Renewal is unlikely.
C05896,Juniper Health,Manufacturing,NA,Enterprise,223,18112.67,2024-11-16,2026-08-29,3,7,0,,"Mostly stable, with the occasional slow dashboard."
C05897,Atlas Networks Co,SaaS,NA,Enterprise,340,31105.68,2023-04-02,2026-01-30,1,10,1,Integration gaps,Setup for SSO was fiddly but works now.
C05898,Foxglove Software GmbH,Media,NA,Starter,12,332.88,2024-01-17,2026-04-12,4,3,1,Poor support experience,Overage charges were a nasty surprise on the invoice.
C05899,Nimbus Retail,Healthcare,NA,Growth,56,3019.12,2023-10-05,2026-08-19,3,7,0,,"One outage this quarter, communicated well."
C05900,Nimbus Works,SaaS,LATAM,Starter,4,107.19,2023-01-06,2026-08-24,0,7,0,,"Most of the team uses it weekly, a few power users daily. Happy enough to stay for now."
C05901,Riverbend Dynamics,Media,NA,Growth,13,741.05,2025-05-02,2026-08-11,1,9,0,,Budget approval was easy because the ROI is obvious.
C05902,Orbit Software Co,SaaS,NA,Growth,29,1642.95,2025-07-14,2026-08-17,5,3,0,,Frequent logouts and stale sessions made it unusable for the field team. Frustrating overall.
C05903,Brightline Retail Co,SaaS,EMEA,Enterprise,105,8598.85,2023-04-13,2026-08-15,1,7,0,,The tutorials are helpful; the data import could be smoother.
C05904,Northwind Partners Inc,Manufacturing,NA,Starter,5,146.74,2023-06-17,2026-08-31,1,6,0,,The support team is friendly but never actually fixes anything. Frustrating overall.
C05905,Crescent Retail Inc,Retail,NA,Growth,32,1793.84,2023-04-01,2026-08-24,1,8,0,,Reports are a bit slow at month end.
C05906,Redwood Systems,Media,EMEA,Starter,10,278.32,2026-04-14,2026-08-19,2,9,0,,"We were live in two days, which is unheard of for us. Would buy again without hesitation."
C05907,Evergreen Retail Inc,Healthcare,EMEA,Growth,46,2444.29,2024-12-27,2026-08-24,1,5,0,,The support team is friendly but never actually fixes anything. We are evaluating alternatives.
C05908,Cascade Logistics GmbH,Healthcare,APAC,Growth,41,2347.17,2024-11-24,2026-02-10,7,3,1,Poor support experience,Response times got noticeably worse over the last quarter. We are evaluating alternatives.
C05909,Cascade Systems GmbH,Fintech,NA,Growth,43,2520.35,2023-04-20,2026-08-14,1,9,0,,The API is clean and well documented; we automated everything.
C05910,Keystone Digital Inc,SaaS,EMEA,Enterprise,358,31639.11,2023-01-03,2026-08-21,0,10,0,,Adoption was instant; people actually enjoy using it.
C05911,Foxglove Analytics Co,Logistics,APAC,Growth,49,2511.57,2026-03-30,2026-08-24,3,3,0,,Pricing jumped at renewal and nobody warned us.
C05912,Granite Labs GmbH,SaaS,APAC,Growth,65,3736.23,2026-04-20,2026-07-10,1,8,0,,Support quality varies a lot depending on who picks up the ticket. Overall it is fine.
C05913,Ember Networks Co,Healthcare,LATAM,Starter,8,249.2,2024-11-25,2026-08-13,2,7,0,,Setup for SSO was fiddly but works now. We will see how the next release goes.
C05914,Nimbus Works Inc,Fintech,NA,Enterprise,111,8707.0,2023-06-19,2026-08-28,1,6,0,,The mobile app crashes whenever we open a large report.
C05915,Frontier Foods Co,Fintech,LATAM,Growth,37,2118.11,2023-02-07,2026-07-06,1,9,0,,Onboarding was smooth and the whole team was productive in a week. We plan to add more seats next quarter.
C05916,Zenith Robotics Inc,Healthcare,APAC,Starter,7,204.83,2025-11-30,2026-08-19,2,7,0,,"Most of the team uses it weekly, a few power users daily. Happy enough to stay for now."
C05917,Redwood Retail Inc,Manufacturing,APAC,Growth,60,3249.12,2024-11-05,2026-08-18,2,7,0,,"One outage this quarter, communicated well."
C05918,Ironclad Foods Inc,Manufacturing,EMEA,Starter,5,145.62,2024-02-25,2026-08-19,6,4,0,,No phone support and email replies take forever. It has been a disappointing year.
C05919,Oakridge Software,Media,LATAM,Growth,52,2903.83,2023-01-16,2026-08-21,2,6,0,,We opened four tickets for the same bug and got four different answers. Frustrating overall.
C05920,Juniper Software,Fintech,NA,Starter,5,151.71,2024-12-25,2026-08-28,5,4,0,,Dashboards time out constantly when we filter more than a few weeks. We are evaluating alternatives.
C05921,Ember Studio,Retail,EMEA,Starter,12,363.4,2026-01-25,2026-07-20,3,7,1,Switched to competitor,Useful tool; the roadmap looks promising. Some room for improvement.
C05922,Zenith Health GmbH,SaaS,EMEA,Enterprise,113,8935.78,2025-12-02,2026-08-18,0,7,0,,Would like more flexible billing for seasonal staff. Happy enough to stay for now.
C05923,Meridian Retail,Manufacturing,EMEA,Enterprise,345,28278.47,2025-07-22,2026-08-12,1,6,0,,The mobile app crashes whenever we open a large report. Frustrating overall.
C05924,Falcon Robotics,Fintech,APAC,Growth,27,1598.96,2023-03-06,2026-06-22,1,8,0,,The mobile app lags behind the web app. Some room for improvement.
C05925,Aurora Capital,Healthcare,NA,Enterprise,140,12521.89,2025-08-23,2026-03-14,4,4,1,Reliability issues,The API is rate limited so aggressively that our sync jobs fail nightly.
C05926,Orbit Partners Co,SaaS,NA,Starter,8,206.69,2025-05-17,2026-08-29,2,8,0,,The help center is good; live support is average.
C05927,Sable Digital,Manufacturing,NA,Starter,12,339.5,2025-12-06,2026-08-21,2,8,0,,We like the dashboards but want more automation.
C05928,Crescent Logistics,Manufacturing,EMEA,Enterprise,240,18961.71,2023-07-09,2026-08-20,0,9,0,,Excellent documentation and training videos.
C05929,Cascade Learning Ltd,Media,EMEA,Growth,52,2696.95,2026-01-05,2026-08-19,1,5,0,,We outgrew the product; it is fine for small teams but not for us. Frustrating overall.
C05930,Granite Health Co,SaaS,APAC,Growth,19,1165.2,2025-07-03,2026-08-17,1,9,0,,Easily worth the seat cost given the time saved.
C05931,Tidewater Media,Logistics,APAC,Starter,13,368.98,2025-09-03,2026-08-14,1,5,0,,Webhook payloads changed without notice and broke our pipeline. We are evaluating alternatives.
C05932,Copperfield Labs,Fintech,EMEA,Starter,7,184.05,2023-07-25,2026-08-26,2,9,0,,The guided setup made data import painless.
C05933,Meridian Works,Fintech,NA,Starter,7,201.71,2025-12-27,2026-08-30,0,8,0,,We sync with our warehouse nightly and it mostly works.
C05934,Frontier Health Ltd,Fintech,EMEA,Enterprise,194,17654.52,2023-01-29,2026-08-15,1,9,0,,Performance is excellent even at month-end peaks. Would buy again without hesitation.
C05935,Frontier Digital,Fintech,APAC,Starter,8,215.23,2023-10-11,2026-06-10,2,6,0,,The Salesforce integration breaks every other week. Frustrating overall.
C05936,Foxglove Works,Healthcare,EMEA,Growth,21,1265.41,2023-07-18,2026-08-30,0,8,0,,The tutorials are helpful; the data import could be smoother.
C05937,Oakridge Foods Ltd,Fintech,APAC,Starter,10,308.19,2023-10-23,2026-08-18,1,10,0,,Excellent documentation and training videos. We plan to add more seats next quarter.
C05938,Redwood Labs,Retail,LATAM,Growth,74,4052.35,2025-03-09,2026-07-24,3,7,0,,"Our account manager is responsive, tier-1 support less so. We will see how the next release goes."
C05939,Foxglove Capital,Education,NA,Starter,8,249.89,2026-03-26,2026-03-27,1,9,1,Switched to competitor,"Best-in-class dashboards, our execs love them. Highly recommended."
C05940,Halcyon Robotics,Media,EMEA,Growth,31,1656.08,2026-06-11,2026-06-12,1,8,1,Budget cuts,Onboarding was fine but could use more templates.
C05941,Stellar Supply,Education,EMEA,Growth,33,1915.44,2023-05-19,2026-08-25,4,8,0,,Reports are a bit slow at month end.
C05942,Nimbus Systems,Healthcare,EMEA,Starter,3,91.21,2026-05-22,2026-08-21,1,7,0,,The tutorials are helpful; the data import could be smoother.
C05943,Redwood Labs Ltd,SaaS,NA,Starter,12,347.55,2023-05-20,2026-08-22,4,7,0,,"Mostly stable, with the occasional slow dashboard. We will see how the next release goes."
C05944,Redwood Studio GmbH,Manufacturing,NA,Starter,8,218.2,2025-08-09,2026-08-19,3,7,0,,"Good product, waiting on the custom fields feature."
C05945,Harbor Software GmbH,SaaS,NA,Growth,66,3476.31,2023-08-23,2026-08-16,1,8,0,,"Fine for simple questions, weaker on technical issues."
C05946,Quantum Analytics Inc,Fintech,EMEA,Enterprise,393,29969.97,2025-11-18,2026-08-25,1,7,0,,"One outage this quarter, communicated well. Some room for improvement."
C05947,Bluepeak Foods Co,SaaS,NA,Starter,11,326.58,2024-03-21,2026-08-22,3,7,0,,Would like faster responses on weekends.
C05948,Summit Health GmbH,Education,NA,Growth,28,1683.34,2026-01-20,2026-08-28,2,5,0,,No phone support and email replies take forever.
C05949,Meridian Studio,Retail,EMEA,Starter,6,174.55,2024-11-22,2026-07-06,1,10,0,,Automation rules removed a ton of manual work. Keep up the great work.
C05950,Riverbend Analytics,Education,NA,Enterprise,305,25539.77,2024-11-05,2026-08-11,3,5,0,,We had three outages in one month during peak hours. It has been a disappointing year.
C05951,Pioneer Labs,Fintech,APAC,Enterprise,159,14106.42,2024-07-16,2026-07-07,0,10,0,,The reporting and forecasting features are exactly what we needed.
C05952,Crescent Networks GmbH,Retail,NA,Growth,24,1432.87,2023-10-19,2026-03-05,7,3,1,Company downsized,It took weeks to import our data and the docs were out of date.
C05953,Granite Foods,Retail,NA,Starter,6,170.14,2024-10-19,2026-08-25,4,6,0,,We were never shown how to use the reporting module.
C05954,Crescent Works,SaaS,LATAM,Starter,8,233.37,2025-04-23,2026-08-31,1,8,0,,"Setup took longer than expected, mostly on our side. We will see how the next release goes."
C05955,Windmill Foods,Retail,APAC,Enterprise,319,29042.37,2023-06-28,2026-08-21,0,8,0,,"Good product, waiting on the custom fields feature."
C05956,Nimbus Networks,Education,EMEA,Starter,9,267.5,2023-06-30,2026-08-20,2,7,0,,It does the job; adoption is growing slowly.
C05957,Stellar Logistics,Healthcare,APAC,Growth,17,987.36,2024-06-29,2026-08-21,0,10,0,,The Salesforce and Slack integrations work flawlessly.
C05958,Summit Digital Co,SaaS,NA,Enterprise,132,11088.04,2025-11-28,2026-08-28,0,8,0,,"Fine for simple questions, weaker on technical issues."
C05959,Solstice Health,Education,APAC,Growth,35,1956.05,2024-03-26,2026-08-12,3,6,0,,Chat support only sends links to docs we have already read. Frustrating overall.
C05960,Harbor Learning,Fintech,NA,Growth,22,1276.14,2024-06-09,2026-08-18,5,7,0,,"One outage this quarter, communicated well."
C05961,Copperfield Studio Inc,SaaS,EMEA,Growth,16,924.76,2026-05-08,2026-06-21,8,2,1,Reliability issues,Dashboards time out constantly when we filter more than a few weeks.
C05962,Pioneer Works Co,SaaS,NA,Enterprise,241,20270.97,2023-12-07,2026-08-18,0,8,0,,We are on the fence at renewal because of the price increase.
C05963,Riverbend Labs LLC,Retail,APAC,Starter,3,92.29,2024-04-12,2026-01-18,3,6,1,Onboarding too complex,Half the team stopped logging in after the first month.
C05964,Bluepeak Retail LLC,Fintech,NA,Enterprise,292,25349.23,2025-12-12,2026-08-21,0,10,0,,Every ticket we raised was resolved the same day. Highly recommended.
C05965,Ember Logistics Inc,Education,NA,Starter,5,142.62,2024-10-23,2026-08-31,0,9,0,,Custom roles and audit logs made our compliance team happy.
C05966,Summit Digital Inc,Fintech,NA,Growth,52,2952.42,2023-05-22,2026-08-24,1,8,0,,Documentation is solid but a guided setup call would have helped. We will see how the next release goes.
C05967,Sable Logistics Co,Manufacturing,EMEA,Enterprise,272,22896.65,2023-10-02,2026-03-25,2,7,1,Missing features,Useful tool; the roadmap looks promising. Some room for improvement.
C05968,Halcyon Networks Co,Fintech,NA,Growth,27,1614.96,2026-05-28,2026-05-29,8,1,1,Low usage / no longer needed,The setup wizard failed twice and we gave up on the advanced features.
C05969,Evergreen Health LLC,Healthcare,EMEA,Starter,9,263.65,2025-10-31,2026-08-25,0,9,0,,Powerful yet simple; it grows with us.
C05970,Frontier Analytics GmbH,Manufacturing,NA,Starter,14,371.73,2026-04-27,2026-08-19,1,7,0,,It does the job; adoption is growing slowly. We will see how the next release goes.
C05971,Granite Systems LLC,Retail,APAC,Growth,38,1830.9,2024-09-04,2026-05-29,2,8,1,Budget cuts,We are on the fence at renewal because of the price increase.
C05972,Ironclad Media,SaaS,NA,Growth,18,1071.63,2025-02-15,2026-07-17,2,5,1,Low usage / no longer needed,We were never shown how to use the reporting module.
C05973,Cascade Software Co,Healthcare,LATAM,Starter,2,56.02,2023-06-25,2026-08-24,1,7,0,,Would love a two-way calendar sync. Overall it is fine.
C05974,Solstice Logistics Ltd,Logistics,NA,Enterprise,255,20051.22,2025-06-27,2026-08-29,0,8,0,,Costs are acceptable for what we use today.
C05975,Atlas Logistics,Logistics,NA,Enterprise,328,26693.66,2024-12-27,2026-01-20,8,1,1,Poor support experience,Chat support only sends links to docs we have already read.
C05976,Solstice Labs,Fintech,NA,Enterprise,221,19284.98,2023-02-17,2026-08-29,1,4,0,,Adoption stalled because the learning curve is steep.
C05977,Juniper Labs,Manufacturing,NA,Growth,35,1947.94,2025-12-16,2026-05-11,2,4,1,Onboarding too complex,It took weeks to import our data and the docs were out of date. We are evaluating alternatives.
C05978,Falcon Systems,Fintech,EMEA,Enterprise,388,33658.13,2024-07-11,2026-08-20,0,9,0,,The guided setup made data import painless. We plan to add more seats next quarter.
C05979,Summit Robotics,SaaS,NA,Enterprise,113,9681.29,2026-06-21,2026-08-24,5,6,0,,We had three outages in one month during peak hours.
C05980,Quantum Health,Education,APAC,Starter,4,111.74,2026-02-02,2026-02-03,0,9,1,Too expensive,"Setup took longer than expected, mostly on our side. We will see how the next release goes."
C05981,Ironclad Robotics,Retail,EMEA,Enterprise,164,14229.27,2024-06-20,2026-08-24,7,4,0,,The Salesforce integration breaks every other week.
C05982,Copperfield Labs LLC,Healthcare,NA,Growth,41,2302.38,2023-01-15,2026-08-17,0,5,0,,Chat support only sends links to docs we have already read. Renewal is unlikely.
C05983,Orbit Works Co,Manufacturing,EMEA,Enterprise,305,25545.14,2023-07-07,2026-08-20,2,6,0,,Frequent logouts and stale sessions made it unusable for the field team. Would not recommend at this point.
C05984,Summit Dynamics GmbH,Fintech,NA,Growth,32,1759.97,2024-01-06,2026-08-31,0,10,0,,We expanded to two more teams because it works so well.
C05985,Ember Foods Ltd,Education,NA,Growth,27,1643.5,2024-01-15,2026-08-15,1,9,0,,Great templates got us started immediately. We plan to add more seats next quarter.
C05986,Oakridge Logistics Ltd,Retail,NA,Starter,6,168.78,2024-03-27,2026-08-11,2,7,0,,The help center is good; live support is average.
C05987,Falcon Retail GmbH,SaaS,NA,Starter,4,121.05,2026-05-03,2026-08-23,3,7,0,,Covers our core needs; advanced reporting is limited.
C05988,Quantum Learning,Retail,NA,Starter,2,59.31,2025-05-11,2026-08-20,2,5,0,,Webhook payloads changed without notice and broke our pipeline. Renewal is unlikely.
C05989,Mosaic Retail GmbH,Logistics,LATAM,Growth,26,1534.14,2023-09-01,2026-04-18,4,4,1,Reliability issues,Performance degraded badly as our dataset grew. It has been a disappointing year.
C05990,Cobalt Software GmbH,Retail,EMEA,Enterprise,152,13574.23,2025-06-18,2026-08-27,5,2,0,,Support tickets sit for days before anyone replies. Frustrating overall.
C05991,Summit Group Co,SaaS,LATAM,Starter,7,192.49,2023-03-14,2026-08-17,2,7,0,,Would prefer usage-based pricing over per-seat. Overall it is fine.
C05992,Granite Logistics,Education,NA,Starter,8,227.73,2023-03-25,2026-06-16,3,7,0,,We are still ramping up usage across the team. Happy enough to stay for now.
C05993,Brightline Labs Co,Logistics,APAC,Growth,19,1090.41,2025-04-02,2026-08-29,2,5,0,,Missing basic features like bulk edit and custom roles.
C05994,Aurora Partners Co,Media,NA,Starter,6,176.49,2023-10-05,2026-08-13,1,7,0,,We like the dashboards but want more automation. We will see how the next release goes.
C05995,Cobalt Supply,Healthcare,NA,Starter,5,151.86,2024-07-12,2026-02-27,3,4,1,Onboarding too complex,Half the team stopped logging in after the first month. It has been a disappointing year.
C05996,Nimbus Digital,Retail,APAC,Starter,14,390.04,2025-11-19,2026-08-30,2,6,0,,We opened four tickets for the same bug and got four different answers.
C05997,Zenith Logistics,Healthcare,NA,Growth,19,1269.22,2024-05-10,2026-08-30,3,6,0,,Honestly we barely used it; it never became part of our workflow.
C05998,Bluepeak Networks,Manufacturing,NA,Growth,34,1816.12,2023-09-02,2026-08-29,0,9,0,,The mobile app is snappy and dependable.
C05999,Northwind Works,Media,APAC,Enterprise,188,16048.44,2026-06-29,2026-08-13,0,7,0,,"No major issues, some minor bugs here and there. We will see how the next release goes."
C06000,Brightline Digital Inc,Manufacturing,EMEA,Starter,6,174.02,2024-01-01,2026-08-15,2,7,0,,Covers our core needs; advanced reporting is limited.
